ISO-10303-21;
HEADER;
/* Generated by software containing ST-Developer
 * from STEP Tools, Inc. (www.steptools.com) 
 */
/* OPTION: using custom renumber hook */

FILE_DESCRIPTION(
/* description */ ('STEP AP242',
'CAx-IF Rec.Pracs.---Representation and Presentation of Product Manufa
cturing Information (PMI)---4.0---2014-10-13',
'CAx-IF Rec.Pracs.---3D Tessellated Geometry---0.4---2014-09-14','2;1'),

/* implementation_level */ '2;1');

FILE_NAME(
/* name */ 'USB-A-S-F-B-TH-R',
/* time_stamp */ '2026-01-06T17:21:37+01:00',
/* author */ ('License CC BY-ND 4.0'),
/* organization */ ('CADENAS'),
/* preprocessor_version */ 'ST-DEVELOPER v20',
/* originating_system */ 'PARTsolutions',
/* authorisation */ '  ');

FILE_SCHEMA (('AP242_MANAGED_MODEL_BASED_3D_ENGINEERING_MIM_LF { 1 0 10303 442 1 1 4 }'));
ENDSEC;

DATA;
#10=DRAUGHTING_PRE_DEFINED_COLOUR('yellow');
#11=CONTEXT_DEPENDENT_SHAPE_REPRESENTATION(#17,#7094);
#12=CONTEXT_DEPENDENT_SHAPE_REPRESENTATION(#18,#7096);
#13=CONTEXT_DEPENDENT_SHAPE_REPRESENTATION(#19,#7098);
#14=NEXT_ASSEMBLY_USAGE_OCCURRENCE('NAUO1','USB-A-S-TH_S',
'USB-A-S-TH_S',#7099,#7100,'');
#15=NEXT_ASSEMBLY_USAGE_OCCURRENCE('NAUO2','USB-A-S-B-TH_B',
'USB-A-S-B-TH_B',#7099,#7101,'');
#16=NEXT_ASSEMBLY_USAGE_OCCURRENCE('NAUO3','USB-A-S-TH_P',
'USB-A-S-TH_P',#7099,#7102,'');
#17=(
REPRESENTATION_RELATIONSHIP(' ',' ',#4391,#4390)
REPRESENTATION_RELATIONSHIP_WITH_TRANSFORMATION(#20)
SHAPE_REPRESENTATION_RELATIONSHIP()
);
#18=(
REPRESENTATION_RELATIONSHIP(' ',' ',#4392,#4390)
REPRESENTATION_RELATIONSHIP_WITH_TRANSFORMATION(#21)
SHAPE_REPRESENTATION_RELATIONSHIP()
);
#19=(
REPRESENTATION_RELATIONSHIP(' ',' ',#4393,#4390)
REPRESENTATION_RELATIONSHIP_WITH_TRANSFORMATION(#22)
SHAPE_REPRESENTATION_RELATIONSHIP()
);
#20=ITEM_DEFINED_TRANSFORMATION(' ',' ',#4394,#4608);
#21=ITEM_DEFINED_TRANSFORMATION(' ',' ',#4394,#4617);
#22=ITEM_DEFINED_TRANSFORMATION(' ',' ',#4394,#4690);
#23=SHAPE_REPRESENTATION_RELATIONSHIP('','',#4391,#26);
#24=SHAPE_REPRESENTATION_RELATIONSHIP('','',#4392,#27);
#25=SHAPE_REPRESENTATION_RELATIONSHIP('','',#4393,#28);
#26=ADVANCED_BREP_SHAPE_REPRESENTATION('',(#4383),#7082);
#27=ADVANCED_BREP_SHAPE_REPRESENTATION('',(#4384),#7083);
#28=ADVANCED_BREP_SHAPE_REPRESENTATION('',(#4385),#7084);
#29=CIRCLE('',#4436,0.800000000000004);
#30=CIRCLE('',#4437,0.800000000000003);
#31=CIRCLE('',#4439,0.800000000000001);
#32=CIRCLE('',#4441,0.800000000000001);
#33=CIRCLE('',#4446,0.480000000000001);
#34=CIRCLE('',#4447,0.480000000000002);
#35=CIRCLE('',#4448,0.479999999999999);
#36=CIRCLE('',#4449,0.48);
#37=CIRCLE('',#4450,0.800000000000004);
#38=CIRCLE('',#4451,0.800000000000001);
#39=CIRCLE('',#4452,0.800000000000001);
#40=CIRCLE('',#4453,0.800000000000003);
#41=CIRCLE('',#4486,0.480000000000001);
#42=CIRCLE('',#4489,0.48);
#43=CIRCLE('',#4492,0.479999999999999);
#44=CIRCLE('',#4495,0.480000000000002);
#45=CIRCLE('',#4516,0.8);
#46=CIRCLE('',#4517,1.12);
#47=CIRCLE('',#4519,1.12);
#48=CIRCLE('',#4520,0.8);
#49=CIRCLE('',#4531,0.8);
#50=CIRCLE('',#4532,1.12);
#51=CIRCLE('',#4534,1.12);
#52=CIRCLE('',#4535,0.8);
#53=CIRCLE('',#4546,1.12);
#54=CIRCLE('',#4547,0.8);
#55=CIRCLE('',#4549,0.8);
#56=CIRCLE('',#4550,1.12);
#57=CIRCLE('',#4561,1.12);
#58=CIRCLE('',#4562,0.8);
#59=CIRCLE('',#4564,0.8);
#60=CIRCLE('',#4565,1.12);
#61=CIRCLE('',#4585,4.07000000000007);
#62=CIRCLE('',#4586,4.07000000000007);
#63=CIRCLE('',#4591,3.74999999999987);
#64=CIRCLE('',#4592,3.74999999999987);
#65=CIRCLE('',#4597,4.07000000000029);
#66=CIRCLE('',#4598,4.07000000000029);
#67=CIRCLE('',#4602,3.74999999999991);
#68=CIRCLE('',#4603,3.74999999999991);
#69=CIRCLE('',#4630,2.25);
#70=CIRCLE('',#4631,2.25);
#71=CIRCLE('',#4633,2.25);
#72=CIRCLE('',#4634,2.25);
#73=CIRCLE('',#4636,2.25);
#74=CIRCLE('',#4637,2.25);
#75=CIRCLE('',#4639,2.25);
#76=CIRCLE('',#4640,2.25);
#77=CIRCLE('',#4652,1.99);
#78=CIRCLE('',#4653,1.99);
#79=CIRCLE('',#4655,1.99);
#80=CIRCLE('',#4656,1.99);
#81=CIRCLE('',#4658,1.99);
#82=CIRCLE('',#4659,1.99);
#83=CIRCLE('',#4661,1.99);
#84=CIRCLE('',#4662,1.99);
#85=ELLIPSE('',#4399,1.13277530873244,1.132);
#86=ELLIPSE('',#4400,1.13277530873244,1.132);
#87=ELLIPSE('',#4402,0.891303739510574,0.65);
#88=ELLIPSE('',#4403,0.891303739510574,0.65);
#89=ELLIPSE('',#4405,0.949976677200871,0.65);
#90=ELLIPSE('',#4406,0.949976677200871,0.65);
#91=ELLIPSE('',#4408,0.891303739510574,0.65);
#92=ELLIPSE('',#4409,0.891303739510574,0.65);
#93=ELLIPSE('',#4411,0.812556140186166,0.811999999999999);
#94=ELLIPSE('',#4412,0.812556140186166,0.811999999999999);
#95=ELLIPSE('',#4418,0.812556140186165,0.811999999999998);
#96=ELLIPSE('',#4419,0.812556140186166,0.811999999999998);
#97=ELLIPSE('',#4421,0.89130373951058,0.65);
#98=ELLIPSE('',#4422,0.89130373951058,0.65);
#99=ELLIPSE('',#4424,0.94997667720085,0.65);
#100=ELLIPSE('',#4425,0.94997667720085,0.65);
#101=ELLIPSE('',#4427,0.89130373951057,0.65);
#102=ELLIPSE('',#4428,0.89130373951057,0.65);
#103=ELLIPSE('',#4430,1.13277530873244,1.132);
#104=ELLIPSE('',#4431,1.13277530873244,1.132);
#105=CYLINDRICAL_SURFACE('',#4398,1.132);
#106=CYLINDRICAL_SURFACE('',#4410,0.811999999999999);
#107=CYLINDRICAL_SURFACE('',#4417,0.811999999999998);
#108=CYLINDRICAL_SURFACE('',#4429,1.132);
#109=CYLINDRICAL_SURFACE('',#4454,0.800000000000003);
#110=CYLINDRICAL_SURFACE('',#4456,0.800000000000004);
#111=CYLINDRICAL_SURFACE('',#4457,0.800000000000001);
#112=CYLINDRICAL_SURFACE('',#4458,0.800000000000001);
#113=CYLINDRICAL_SURFACE('',#4462,0.65);
#114=CYLINDRICAL_SURFACE('',#4464,0.65);
#115=CYLINDRICAL_SURFACE('',#4466,0.65);
#116=CYLINDRICAL_SURFACE('',#4467,0.65);
#117=CYLINDRICAL_SURFACE('',#4485,0.480000000000001);
#118=CYLINDRICAL_SURFACE('',#4488,0.48);
#119=CYLINDRICAL_SURFACE('',#4491,0.479999999999999);
#120=CYLINDRICAL_SURFACE('',#4494,0.480000000000002);
#121=CYLINDRICAL_SURFACE('',#4523,1.12);
#122=CYLINDRICAL_SURFACE('',#4527,0.8);
#123=CYLINDRICAL_SURFACE('',#4538,1.12);
#124=CYLINDRICAL_SURFACE('',#4542,0.8);
#125=CYLINDRICAL_SURFACE('',#4554,0.8);
#126=CYLINDRICAL_SURFACE('',#4558,1.12);
#127=CYLINDRICAL_SURFACE('',#4569,0.8);
#128=CYLINDRICAL_SURFACE('',#4573,1.12);
#129=CYLINDRICAL_SURFACE('',#4584,4.07000000000007);
#130=CYLINDRICAL_SURFACE('',#4590,3.74999999999987);
#131=CYLINDRICAL_SURFACE('',#4596,4.07000000000029);
#132=CYLINDRICAL_SURFACE('',#4601,3.74999999999991);
#133=CYLINDRICAL_SURFACE('',#4629,2.25);
#134=CYLINDRICAL_SURFACE('',#4632,2.25);
#135=CYLINDRICAL_SURFACE('',#4635,2.25);
#136=CYLINDRICAL_SURFACE('',#4638,2.25);
#137=CYLINDRICAL_SURFACE('',#4651,1.99);
#138=CYLINDRICAL_SURFACE('',#4654,1.99);
#139=CYLINDRICAL_SURFACE('',#4657,1.99);
#140=CYLINDRICAL_SURFACE('',#4660,1.99);
#141=ORIENTED_EDGE('',*,*,#1381,.F.);
#142=ORIENTED_EDGE('',*,*,#1382,.T.);
#143=ORIENTED_EDGE('',*,*,#1383,.T.);
#144=ORIENTED_EDGE('',*,*,#1384,.F.);
#145=ORIENTED_EDGE('',*,*,#1385,.F.);
#146=ORIENTED_EDGE('',*,*,#1386,.T.);
#147=ORIENTED_EDGE('',*,*,#1387,.T.);
#148=ORIENTED_EDGE('',*,*,#1388,.F.);
#149=ORIENTED_EDGE('',*,*,#1389,.F.);
#150=ORIENTED_EDGE('',*,*,#1390,.F.);
#151=ORIENTED_EDGE('',*,*,#1391,.F.);
#152=ORIENTED_EDGE('',*,*,#1392,.T.);
#153=ORIENTED_EDGE('',*,*,#1393,.F.);
#154=ORIENTED_EDGE('',*,*,#1394,.F.);
#155=ORIENTED_EDGE('',*,*,#1395,.F.);
#156=ORIENTED_EDGE('',*,*,#1390,.T.);
#157=ORIENTED_EDGE('',*,*,#1396,.F.);
#158=ORIENTED_EDGE('',*,*,#1397,.T.);
#159=ORIENTED_EDGE('',*,*,#1398,.T.);
#160=ORIENTED_EDGE('',*,*,#1399,.F.);
#161=ORIENTED_EDGE('',*,*,#1394,.T.);
#162=ORIENTED_EDGE('',*,*,#1400,.T.);
#163=ORIENTED_EDGE('',*,*,#1401,.T.);
#164=ORIENTED_EDGE('',*,*,#1402,.F.);
#165=ORIENTED_EDGE('',*,*,#1403,.F.);
#166=ORIENTED_EDGE('',*,*,#1404,.F.);
#167=ORIENTED_EDGE('',*,*,#1405,.F.);
#168=ORIENTED_EDGE('',*,*,#1406,.T.);
#169=ORIENTED_EDGE('',*,*,#1402,.T.);
#170=ORIENTED_EDGE('',*,*,#1407,.T.);
#171=ORIENTED_EDGE('',*,*,#1404,.T.);
#172=ORIENTED_EDGE('',*,*,#1408,.T.);
#173=ORIENTED_EDGE('',*,*,#1409,.F.);
#174=ORIENTED_EDGE('',*,*,#1410,.T.);
#175=ORIENTED_EDGE('',*,*,#1411,.F.);
#176=ORIENTED_EDGE('',*,*,#1412,.F.);
#177=ORIENTED_EDGE('',*,*,#1413,.F.);
#178=ORIENTED_EDGE('',*,*,#1409,.T.);
#179=ORIENTED_EDGE('',*,*,#1414,.F.);
#180=ORIENTED_EDGE('',*,*,#1415,.F.);
#181=ORIENTED_EDGE('',*,*,#1416,.F.);
#182=ORIENTED_EDGE('',*,*,#1412,.T.);
#183=ORIENTED_EDGE('',*,*,#1417,.F.);
#184=ORIENTED_EDGE('',*,*,#1418,.F.);
#185=ORIENTED_EDGE('',*,*,#1419,.F.);
#186=ORIENTED_EDGE('',*,*,#1420,.T.);
#187=ORIENTED_EDGE('',*,*,#1421,.F.);
#188=ORIENTED_EDGE('',*,*,#1422,.F.);
#189=ORIENTED_EDGE('',*,*,#1423,.F.);
#190=ORIENTED_EDGE('',*,*,#1418,.T.);
#191=ORIENTED_EDGE('',*,*,#1422,.T.);
#192=ORIENTED_EDGE('',*,*,#1424,.T.);
#193=ORIENTED_EDGE('',*,*,#1425,.F.);
#194=ORIENTED_EDGE('',*,*,#1426,.T.);
#195=ORIENTED_EDGE('',*,*,#1427,.F.);
#196=ORIENTED_EDGE('',*,*,#1428,.T.);
#197=ORIENTED_EDGE('',*,*,#1429,.F.);
#198=ORIENTED_EDGE('',*,*,#1430,.T.);
#199=ORIENTED_EDGE('',*,*,#1431,.F.);
#200=ORIENTED_EDGE('',*,*,#1425,.T.);
#201=ORIENTED_EDGE('',*,*,#1429,.T.);
#202=ORIENTED_EDGE('',*,*,#1432,.T.);
#203=ORIENTED_EDGE('',*,*,#1433,.T.);
#204=ORIENTED_EDGE('',*,*,#1434,.F.);
#205=ORIENTED_EDGE('',*,*,#1435,.F.);
#206=ORIENTED_EDGE('',*,*,#1436,.F.);
#207=ORIENTED_EDGE('',*,*,#1437,.T.);
#208=ORIENTED_EDGE('',*,*,#1438,.T.);
#209=ORIENTED_EDGE('',*,*,#1439,.F.);
#210=ORIENTED_EDGE('',*,*,#1440,.F.);
#211=ORIENTED_EDGE('',*,*,#1441,.F.);
#212=ORIENTED_EDGE('',*,*,#1435,.T.);
#213=ORIENTED_EDGE('',*,*,#1442,.F.);
#214=ORIENTED_EDGE('',*,*,#1443,.F.);
#215=ORIENTED_EDGE('',*,*,#1444,.F.);
#216=ORIENTED_EDGE('',*,*,#1440,.T.);
#217=ORIENTED_EDGE('',*,*,#1445,.F.);
#218=ORIENTED_EDGE('',*,*,#1446,.T.);
#219=ORIENTED_EDGE('',*,*,#1447,.T.);
#220=ORIENTED_EDGE('',*,*,#1448,.F.);
#221=ORIENTED_EDGE('',*,*,#1449,.F.);
#222=ORIENTED_EDGE('',*,*,#1450,.F.);
#223=ORIENTED_EDGE('',*,*,#1451,.F.);
#224=ORIENTED_EDGE('',*,*,#1452,.T.);
#225=ORIENTED_EDGE('',*,*,#1453,.F.);
#226=ORIENTED_EDGE('',*,*,#1454,.F.);
#227=ORIENTED_EDGE('',*,*,#1455,.F.);
#228=ORIENTED_EDGE('',*,*,#1456,.F.);
#229=ORIENTED_EDGE('',*,*,#1457,.F.);
#230=ORIENTED_EDGE('',*,*,#1443,.T.);
#231=ORIENTED_EDGE('',*,*,#1458,.F.);
#232=ORIENTED_EDGE('',*,*,#1459,.F.);
#233=ORIENTED_EDGE('',*,*,#1460,.T.);
#234=ORIENTED_EDGE('',*,*,#1461,.F.);
#235=ORIENTED_EDGE('',*,*,#1462,.F.);
#236=ORIENTED_EDGE('',*,*,#1463,.T.);
#237=ORIENTED_EDGE('',*,*,#1464,.F.);
#238=ORIENTED_EDGE('',*,*,#1465,.T.);
#239=ORIENTED_EDGE('',*,*,#1466,.T.);
#240=ORIENTED_EDGE('',*,*,#1467,.T.);
#241=ORIENTED_EDGE('',*,*,#1468,.T.);
#242=ORIENTED_EDGE('',*,*,#1469,.F.);
#243=ORIENTED_EDGE('',*,*,#1470,.F.);
#244=ORIENTED_EDGE('',*,*,#1471,.T.);
#245=ORIENTED_EDGE('',*,*,#1472,.F.);
#246=ORIENTED_EDGE('',*,*,#1473,.T.);
#247=ORIENTED_EDGE('',*,*,#1474,.F.);
#248=ORIENTED_EDGE('',*,*,#1475,.T.);
#249=ORIENTED_EDGE('',*,*,#1476,.T.);
#250=ORIENTED_EDGE('',*,*,#1477,.F.);
#251=ORIENTED_EDGE('',*,*,#1478,.F.);
#252=ORIENTED_EDGE('',*,*,#1392,.F.);
#253=ORIENTED_EDGE('',*,*,#1479,.F.);
#254=ORIENTED_EDGE('',*,*,#1480,.F.);
#255=ORIENTED_EDGE('',*,*,#1481,.F.);
#256=ORIENTED_EDGE('',*,*,#1482,.T.);
#257=ORIENTED_EDGE('',*,*,#1483,.F.);
#258=ORIENTED_EDGE('',*,*,#1476,.F.);
#259=ORIENTED_EDGE('',*,*,#1484,.F.);
#260=ORIENTED_EDGE('',*,*,#1485,.F.);
#261=ORIENTED_EDGE('',*,*,#1486,.F.);
#262=ORIENTED_EDGE('',*,*,#1460,.F.);
#263=ORIENTED_EDGE('',*,*,#1481,.T.);
#264=ORIENTED_EDGE('',*,*,#1487,.T.);
#265=ORIENTED_EDGE('',*,*,#1488,.T.);
#266=ORIENTED_EDGE('',*,*,#1489,.T.);
#267=ORIENTED_EDGE('',*,*,#1490,.F.);
#268=ORIENTED_EDGE('',*,*,#1491,.T.);
#269=ORIENTED_EDGE('',*,*,#1455,.T.);
#270=ORIENTED_EDGE('',*,*,#1492,.F.);
#271=ORIENTED_EDGE('',*,*,#1493,.T.);
#272=ORIENTED_EDGE('',*,*,#1494,.T.);
#273=ORIENTED_EDGE('',*,*,#1487,.F.);
#274=ORIENTED_EDGE('',*,*,#1480,.T.);
#275=ORIENTED_EDGE('',*,*,#1495,.F.);
#276=ORIENTED_EDGE('',*,*,#1415,.T.);
#277=ORIENTED_EDGE('',*,*,#1496,.T.);
#278=ORIENTED_EDGE('',*,*,#1477,.T.);
#279=ORIENTED_EDGE('',*,*,#1483,.T.);
#280=ORIENTED_EDGE('',*,*,#1459,.T.);
#281=ORIENTED_EDGE('',*,*,#1497,.T.);
#282=ORIENTED_EDGE('',*,*,#1420,.F.);
#283=ORIENTED_EDGE('',*,*,#1498,.F.);
#284=ORIENTED_EDGE('',*,*,#1456,.T.);
#285=ORIENTED_EDGE('',*,*,#1491,.F.);
#286=ORIENTED_EDGE('',*,*,#1499,.T.);
#287=ORIENTED_EDGE('',*,*,#1500,.F.);
#288=ORIENTED_EDGE('',*,*,#1501,.F.);
#289=ORIENTED_EDGE('',*,*,#1502,.F.);
#290=ORIENTED_EDGE('',*,*,#1503,.F.);
#291=ORIENTED_EDGE('',*,*,#1488,.F.);
#292=ORIENTED_EDGE('',*,*,#1501,.T.);
#293=ORIENTED_EDGE('',*,*,#1504,.F.);
#294=ORIENTED_EDGE('',*,*,#1499,.F.);
#295=ORIENTED_EDGE('',*,*,#1494,.F.);
#296=ORIENTED_EDGE('',*,*,#1505,.T.);
#297=ORIENTED_EDGE('',*,*,#1506,.F.);
#298=ORIENTED_EDGE('',*,*,#1507,.F.);
#299=ORIENTED_EDGE('',*,*,#1508,.F.);
#300=ORIENTED_EDGE('',*,*,#1509,.F.);
#301=ORIENTED_EDGE('',*,*,#1510,.F.);
#302=ORIENTED_EDGE('',*,*,#1511,.F.);
#303=ORIENTED_EDGE('',*,*,#1512,.F.);
#304=ORIENTED_EDGE('',*,*,#1513,.F.);
#305=ORIENTED_EDGE('',*,*,#1514,.T.);
#306=ORIENTED_EDGE('',*,*,#1515,.T.);
#307=ORIENTED_EDGE('',*,*,#1516,.T.);
#308=ORIENTED_EDGE('',*,*,#1474,.T.);
#309=ORIENTED_EDGE('',*,*,#1517,.T.);
#310=ORIENTED_EDGE('',*,*,#1518,.T.);
#311=ORIENTED_EDGE('',*,*,#1519,.T.);
#312=ORIENTED_EDGE('',*,*,#1470,.T.);
#313=ORIENTED_EDGE('',*,*,#1520,.T.);
#314=ORIENTED_EDGE('',*,*,#1521,.F.);
#315=ORIENTED_EDGE('',*,*,#1522,.T.);
#316=ORIENTED_EDGE('',*,*,#1523,.T.);
#317=ORIENTED_EDGE('',*,*,#1524,.T.);
#318=ORIENTED_EDGE('',*,*,#1525,.F.);
#319=ORIENTED_EDGE('',*,*,#1526,.T.);
#320=ORIENTED_EDGE('',*,*,#1453,.T.);
#321=ORIENTED_EDGE('',*,*,#1527,.T.);
#322=ORIENTED_EDGE('',*,*,#1528,.T.);
#323=ORIENTED_EDGE('',*,*,#1529,.T.);
#324=ORIENTED_EDGE('',*,*,#1462,.T.);
#325=ORIENTED_EDGE('',*,*,#1530,.T.);
#326=ORIENTED_EDGE('',*,*,#1531,.T.);
#327=ORIENTED_EDGE('',*,*,#1532,.T.);
#328=ORIENTED_EDGE('',*,*,#1533,.T.);
#329=ORIENTED_EDGE('',*,*,#1486,.T.);
#330=ORIENTED_EDGE('',*,*,#1534,.F.);
#331=ORIENTED_EDGE('',*,*,#1530,.F.);
#332=ORIENTED_EDGE('',*,*,#1461,.T.);
#333=ORIENTED_EDGE('',*,*,#1535,.F.);
#334=ORIENTED_EDGE('',*,*,#1536,.T.);
#335=ORIENTED_EDGE('',*,*,#1537,.T.);
#336=ORIENTED_EDGE('',*,*,#1538,.F.);
#337=ORIENTED_EDGE('',*,*,#1383,.F.);
#338=ORIENTED_EDGE('',*,*,#1539,.F.);
#339=ORIENTED_EDGE('',*,*,#1540,.F.);
#340=ORIENTED_EDGE('',*,*,#1541,.T.);
#341=ORIENTED_EDGE('',*,*,#1542,.T.);
#342=ORIENTED_EDGE('',*,*,#1543,.F.);
#343=ORIENTED_EDGE('',*,*,#1387,.F.);
#344=ORIENTED_EDGE('',*,*,#1544,.F.);
#345=ORIENTED_EDGE('',*,*,#1545,.F.);
#346=ORIENTED_EDGE('',*,*,#1546,.T.);
#347=ORIENTED_EDGE('',*,*,#1531,.F.);
#348=ORIENTED_EDGE('',*,*,#1534,.T.);
#349=ORIENTED_EDGE('',*,*,#1485,.T.);
#350=ORIENTED_EDGE('',*,*,#1547,.F.);
#351=ORIENTED_EDGE('',*,*,#1515,.F.);
#352=ORIENTED_EDGE('',*,*,#1548,.T.);
#353=ORIENTED_EDGE('',*,*,#1484,.T.);
#354=ORIENTED_EDGE('',*,*,#1475,.F.);
#355=ORIENTED_EDGE('',*,*,#1516,.F.);
#356=ORIENTED_EDGE('',*,*,#1547,.T.);
#357=ORIENTED_EDGE('',*,*,#1520,.F.);
#358=ORIENTED_EDGE('',*,*,#1482,.F.);
#359=ORIENTED_EDGE('',*,*,#1490,.T.);
#360=ORIENTED_EDGE('',*,*,#1549,.T.);
#361=ORIENTED_EDGE('',*,*,#1526,.F.);
#362=ORIENTED_EDGE('',*,*,#1550,.F.);
#363=ORIENTED_EDGE('',*,*,#1492,.T.);
#364=ORIENTED_EDGE('',*,*,#1454,.T.);
#365=ORIENTED_EDGE('',*,*,#1551,.F.);
#366=ORIENTED_EDGE('',*,*,#1552,.T.);
#367=ORIENTED_EDGE('',*,*,#1553,.T.);
#368=ORIENTED_EDGE('',*,*,#1554,.F.);
#369=ORIENTED_EDGE('',*,*,#1555,.F.);
#370=ORIENTED_EDGE('',*,*,#1556,.T.);
#371=ORIENTED_EDGE('',*,*,#1557,.T.);
#372=ORIENTED_EDGE('',*,*,#1558,.F.);
#373=ORIENTED_EDGE('',*,*,#1559,.F.);
#374=ORIENTED_EDGE('',*,*,#1560,.T.);
#375=ORIENTED_EDGE('',*,*,#1521,.T.);
#376=ORIENTED_EDGE('',*,*,#1549,.F.);
#377=ORIENTED_EDGE('',*,*,#1489,.F.);
#378=ORIENTED_EDGE('',*,*,#1503,.T.);
#379=ORIENTED_EDGE('',*,*,#1561,.F.);
#380=ORIENTED_EDGE('',*,*,#1505,.F.);
#381=ORIENTED_EDGE('',*,*,#1493,.F.);
#382=ORIENTED_EDGE('',*,*,#1550,.T.);
#383=ORIENTED_EDGE('',*,*,#1525,.T.);
#384=ORIENTED_EDGE('',*,*,#1562,.T.);
#385=ORIENTED_EDGE('',*,*,#1502,.T.);
#386=ORIENTED_EDGE('',*,*,#1500,.T.);
#387=ORIENTED_EDGE('',*,*,#1504,.T.);
#388=ORIENTED_EDGE('',*,*,#1561,.T.);
#389=ORIENTED_EDGE('',*,*,#1419,.T.);
#390=ORIENTED_EDGE('',*,*,#1423,.T.);
#391=ORIENTED_EDGE('',*,*,#1426,.F.);
#392=ORIENTED_EDGE('',*,*,#1431,.T.);
#393=ORIENTED_EDGE('',*,*,#1563,.F.);
#394=ORIENTED_EDGE('',*,*,#1436,.T.);
#395=ORIENTED_EDGE('',*,*,#1441,.T.);
#396=ORIENTED_EDGE('',*,*,#1444,.T.);
#397=ORIENTED_EDGE('',*,*,#1457,.T.);
#398=ORIENTED_EDGE('',*,*,#1498,.T.);
#399=ORIENTED_EDGE('',*,*,#1433,.F.);
#400=ORIENTED_EDGE('',*,*,#1437,.F.);
#401=ORIENTED_EDGE('',*,*,#1563,.T.);
#402=ORIENTED_EDGE('',*,*,#1430,.F.);
#403=ORIENTED_EDGE('',*,*,#1405,.T.);
#404=ORIENTED_EDGE('',*,*,#1410,.F.);
#405=ORIENTED_EDGE('',*,*,#1413,.T.);
#406=ORIENTED_EDGE('',*,*,#1416,.T.);
#407=ORIENTED_EDGE('',*,*,#1495,.T.);
#408=ORIENTED_EDGE('',*,*,#1479,.T.);
#409=ORIENTED_EDGE('',*,*,#1391,.T.);
#410=ORIENTED_EDGE('',*,*,#1395,.T.);
#411=ORIENTED_EDGE('',*,*,#1399,.T.);
#412=ORIENTED_EDGE('',*,*,#1564,.F.);
#413=ORIENTED_EDGE('',*,*,#1406,.F.);
#414=ORIENTED_EDGE('',*,*,#1564,.T.);
#415=ORIENTED_EDGE('',*,*,#1398,.F.);
#416=ORIENTED_EDGE('',*,*,#1400,.F.);
#417=ORIENTED_EDGE('',*,*,#1417,.T.);
#418=ORIENTED_EDGE('',*,*,#1497,.F.);
#419=ORIENTED_EDGE('',*,*,#1458,.T.);
#420=ORIENTED_EDGE('',*,*,#1442,.T.);
#421=ORIENTED_EDGE('',*,*,#1439,.T.);
#422=ORIENTED_EDGE('',*,*,#1434,.T.);
#423=ORIENTED_EDGE('',*,*,#1565,.T.);
#424=ORIENTED_EDGE('',*,*,#1427,.T.);
#425=ORIENTED_EDGE('',*,*,#1424,.F.);
#426=ORIENTED_EDGE('',*,*,#1421,.T.);
#427=ORIENTED_EDGE('',*,*,#1565,.F.);
#428=ORIENTED_EDGE('',*,*,#1438,.F.);
#429=ORIENTED_EDGE('',*,*,#1432,.F.);
#430=ORIENTED_EDGE('',*,*,#1428,.F.);
#431=ORIENTED_EDGE('',*,*,#1566,.F.);
#432=ORIENTED_EDGE('',*,*,#1407,.F.);
#433=ORIENTED_EDGE('',*,*,#1401,.F.);
#434=ORIENTED_EDGE('',*,*,#1397,.F.);
#435=ORIENTED_EDGE('',*,*,#1403,.T.);
#436=ORIENTED_EDGE('',*,*,#1566,.T.);
#437=ORIENTED_EDGE('',*,*,#1396,.T.);
#438=ORIENTED_EDGE('',*,*,#1393,.T.);
#439=ORIENTED_EDGE('',*,*,#1389,.T.);
#440=ORIENTED_EDGE('',*,*,#1478,.T.);
#441=ORIENTED_EDGE('',*,*,#1496,.F.);
#442=ORIENTED_EDGE('',*,*,#1414,.T.);
#443=ORIENTED_EDGE('',*,*,#1411,.T.);
#444=ORIENTED_EDGE('',*,*,#1408,.F.);
#445=ORIENTED_EDGE('',*,*,#1523,.F.);
#446=ORIENTED_EDGE('',*,*,#1567,.F.);
#447=ORIENTED_EDGE('',*,*,#1568,.T.);
#448=ORIENTED_EDGE('',*,*,#1569,.T.);
#449=ORIENTED_EDGE('',*,*,#1570,.F.);
#450=ORIENTED_EDGE('',*,*,#1559,.T.);
#451=ORIENTED_EDGE('',*,*,#1571,.F.);
#452=ORIENTED_EDGE('',*,*,#1568,.F.);
#453=ORIENTED_EDGE('',*,*,#1562,.F.);
#454=ORIENTED_EDGE('',*,*,#1524,.F.);
#455=ORIENTED_EDGE('',*,*,#1569,.F.);
#456=ORIENTED_EDGE('',*,*,#1571,.T.);
#457=ORIENTED_EDGE('',*,*,#1560,.F.);
#458=ORIENTED_EDGE('',*,*,#1570,.T.);
#459=ORIENTED_EDGE('',*,*,#1567,.T.);
#460=ORIENTED_EDGE('',*,*,#1522,.F.);
#461=ORIENTED_EDGE('',*,*,#1533,.F.);
#462=ORIENTED_EDGE('',*,*,#1572,.F.);
#463=ORIENTED_EDGE('',*,*,#1573,.T.);
#464=ORIENTED_EDGE('',*,*,#1574,.T.);
#465=ORIENTED_EDGE('',*,*,#1575,.F.);
#466=ORIENTED_EDGE('',*,*,#1545,.T.);
#467=ORIENTED_EDGE('',*,*,#1576,.F.);
#468=ORIENTED_EDGE('',*,*,#1573,.F.);
#469=ORIENTED_EDGE('',*,*,#1548,.F.);
#470=ORIENTED_EDGE('',*,*,#1514,.F.);
#471=ORIENTED_EDGE('',*,*,#1574,.F.);
#472=ORIENTED_EDGE('',*,*,#1576,.T.);
#473=ORIENTED_EDGE('',*,*,#1546,.F.);
#474=ORIENTED_EDGE('',*,*,#1575,.T.);
#475=ORIENTED_EDGE('',*,*,#1572,.T.);
#476=ORIENTED_EDGE('',*,*,#1532,.F.);
#477=ORIENTED_EDGE('',*,*,#1518,.F.);
#478=ORIENTED_EDGE('',*,*,#1577,.F.);
#479=ORIENTED_EDGE('',*,*,#1578,.T.);
#480=ORIENTED_EDGE('',*,*,#1579,.T.);
#481=ORIENTED_EDGE('',*,*,#1580,.F.);
#482=ORIENTED_EDGE('',*,*,#1472,.T.);
#483=ORIENTED_EDGE('',*,*,#1581,.F.);
#484=ORIENTED_EDGE('',*,*,#1578,.F.);
#485=ORIENTED_EDGE('',*,*,#1473,.F.);
#486=ORIENTED_EDGE('',*,*,#1580,.T.);
#487=ORIENTED_EDGE('',*,*,#1577,.T.);
#488=ORIENTED_EDGE('',*,*,#1517,.F.);
#489=ORIENTED_EDGE('',*,*,#1471,.F.);
#490=ORIENTED_EDGE('',*,*,#1519,.F.);
#491=ORIENTED_EDGE('',*,*,#1579,.F.);
#492=ORIENTED_EDGE('',*,*,#1581,.T.);
#493=ORIENTED_EDGE('',*,*,#1452,.F.);
#494=ORIENTED_EDGE('',*,*,#1582,.T.);
#495=ORIENTED_EDGE('',*,*,#1583,.T.);
#496=ORIENTED_EDGE('',*,*,#1527,.F.);
#497=ORIENTED_EDGE('',*,*,#1463,.F.);
#498=ORIENTED_EDGE('',*,*,#1529,.F.);
#499=ORIENTED_EDGE('',*,*,#1584,.F.);
#500=ORIENTED_EDGE('',*,*,#1585,.T.);
#501=ORIENTED_EDGE('',*,*,#1582,.F.);
#502=ORIENTED_EDGE('',*,*,#1451,.T.);
#503=ORIENTED_EDGE('',*,*,#1585,.F.);
#504=ORIENTED_EDGE('',*,*,#1586,.F.);
#505=ORIENTED_EDGE('',*,*,#1528,.F.);
#506=ORIENTED_EDGE('',*,*,#1583,.F.);
#507=ORIENTED_EDGE('',*,*,#1586,.T.);
#508=ORIENTED_EDGE('',*,*,#1584,.T.);
#509=ORIENTED_EDGE('',*,*,#1506,.T.);
#510=ORIENTED_EDGE('',*,*,#1587,.F.);
#511=ORIENTED_EDGE('',*,*,#1588,.F.);
#512=ORIENTED_EDGE('',*,*,#1589,.T.);
#513=ORIENTED_EDGE('',*,*,#1590,.F.);
#514=ORIENTED_EDGE('',*,*,#1591,.T.);
#515=ORIENTED_EDGE('',*,*,#1592,.T.);
#516=ORIENTED_EDGE('',*,*,#1593,.F.);
#517=ORIENTED_EDGE('',*,*,#1513,.T.);
#518=ORIENTED_EDGE('',*,*,#1594,.F.);
#519=ORIENTED_EDGE('',*,*,#1595,.F.);
#520=ORIENTED_EDGE('',*,*,#1587,.T.);
#521=ORIENTED_EDGE('',*,*,#1512,.T.);
#522=ORIENTED_EDGE('',*,*,#1596,.F.);
#523=ORIENTED_EDGE('',*,*,#1597,.F.);
#524=ORIENTED_EDGE('',*,*,#1594,.T.);
#525=ORIENTED_EDGE('',*,*,#1598,.F.);
#526=ORIENTED_EDGE('',*,*,#1599,.T.);
#527=ORIENTED_EDGE('',*,*,#1600,.F.);
#528=ORIENTED_EDGE('',*,*,#1601,.T.);
#529=ORIENTED_EDGE('',*,*,#1602,.T.);
#530=ORIENTED_EDGE('',*,*,#1603,.F.);
#531=ORIENTED_EDGE('',*,*,#1604,.F.);
#532=ORIENTED_EDGE('',*,*,#1605,.F.);
#533=ORIENTED_EDGE('',*,*,#1606,.F.);
#534=ORIENTED_EDGE('',*,*,#1607,.T.);
#535=ORIENTED_EDGE('',*,*,#1608,.F.);
#536=ORIENTED_EDGE('',*,*,#1609,.T.);
#537=ORIENTED_EDGE('',*,*,#1610,.T.);
#538=ORIENTED_EDGE('',*,*,#1611,.F.);
#539=ORIENTED_EDGE('',*,*,#1612,.F.);
#540=ORIENTED_EDGE('',*,*,#1613,.F.);
#541=ORIENTED_EDGE('',*,*,#1511,.T.);
#542=ORIENTED_EDGE('',*,*,#1614,.F.);
#543=ORIENTED_EDGE('',*,*,#1615,.F.);
#544=ORIENTED_EDGE('',*,*,#1596,.T.);
#545=ORIENTED_EDGE('',*,*,#1510,.T.);
#546=ORIENTED_EDGE('',*,*,#1616,.F.);
#547=ORIENTED_EDGE('',*,*,#1617,.F.);
#548=ORIENTED_EDGE('',*,*,#1614,.T.);
#549=ORIENTED_EDGE('',*,*,#1618,.F.);
#550=ORIENTED_EDGE('',*,*,#1619,.T.);
#551=ORIENTED_EDGE('',*,*,#1620,.T.);
#552=ORIENTED_EDGE('',*,*,#1621,.F.);
#553=ORIENTED_EDGE('',*,*,#1509,.T.);
#554=ORIENTED_EDGE('',*,*,#1622,.F.);
#555=ORIENTED_EDGE('',*,*,#1623,.F.);
#556=ORIENTED_EDGE('',*,*,#1616,.T.);
#557=ORIENTED_EDGE('',*,*,#1508,.T.);
#558=ORIENTED_EDGE('',*,*,#1624,.F.);
#559=ORIENTED_EDGE('',*,*,#1625,.F.);
#560=ORIENTED_EDGE('',*,*,#1622,.T.);
#561=ORIENTED_EDGE('',*,*,#1626,.T.);
#562=ORIENTED_EDGE('',*,*,#1627,.T.);
#563=ORIENTED_EDGE('',*,*,#1628,.F.);
#564=ORIENTED_EDGE('',*,*,#1629,.F.);
#565=ORIENTED_EDGE('',*,*,#1381,.T.);
#566=ORIENTED_EDGE('',*,*,#1630,.F.);
#567=ORIENTED_EDGE('',*,*,#1631,.F.);
#568=ORIENTED_EDGE('',*,*,#1632,.T.);
#569=ORIENTED_EDGE('',*,*,#1633,.T.);
#570=ORIENTED_EDGE('',*,*,#1634,.T.);
#571=ORIENTED_EDGE('',*,*,#1635,.F.);
#572=ORIENTED_EDGE('',*,*,#1636,.F.);
#573=ORIENTED_EDGE('',*,*,#1385,.T.);
#574=ORIENTED_EDGE('',*,*,#1637,.F.);
#575=ORIENTED_EDGE('',*,*,#1638,.F.);
#576=ORIENTED_EDGE('',*,*,#1639,.T.);
#577=ORIENTED_EDGE('',*,*,#1507,.T.);
#578=ORIENTED_EDGE('',*,*,#1589,.F.);
#579=ORIENTED_EDGE('',*,*,#1640,.F.);
#580=ORIENTED_EDGE('',*,*,#1624,.T.);
#581=ORIENTED_EDGE('',*,*,#1588,.T.);
#582=ORIENTED_EDGE('',*,*,#1595,.T.);
#583=ORIENTED_EDGE('',*,*,#1597,.T.);
#584=ORIENTED_EDGE('',*,*,#1615,.T.);
#585=ORIENTED_EDGE('',*,*,#1617,.T.);
#586=ORIENTED_EDGE('',*,*,#1623,.T.);
#587=ORIENTED_EDGE('',*,*,#1625,.T.);
#588=ORIENTED_EDGE('',*,*,#1640,.T.);
#589=ORIENTED_EDGE('',*,*,#1641,.F.);
#590=ORIENTED_EDGE('',*,*,#1542,.F.);
#591=ORIENTED_EDGE('',*,*,#1642,.T.);
#592=ORIENTED_EDGE('',*,*,#1638,.T.);
#593=ORIENTED_EDGE('',*,*,#1643,.F.);
#594=ORIENTED_EDGE('',*,*,#1633,.F.);
#595=ORIENTED_EDGE('',*,*,#1644,.T.);
#596=ORIENTED_EDGE('',*,*,#1540,.T.);
#597=ORIENTED_EDGE('',*,*,#1642,.F.);
#598=ORIENTED_EDGE('',*,*,#1541,.F.);
#599=ORIENTED_EDGE('',*,*,#1644,.F.);
#600=ORIENTED_EDGE('',*,*,#1639,.F.);
#601=ORIENTED_EDGE('',*,*,#1641,.T.);
#602=ORIENTED_EDGE('',*,*,#1637,.T.);
#603=ORIENTED_EDGE('',*,*,#1388,.T.);
#604=ORIENTED_EDGE('',*,*,#1543,.T.);
#605=ORIENTED_EDGE('',*,*,#1645,.F.);
#606=ORIENTED_EDGE('',*,*,#1537,.F.);
#607=ORIENTED_EDGE('',*,*,#1646,.T.);
#608=ORIENTED_EDGE('',*,*,#1631,.T.);
#609=ORIENTED_EDGE('',*,*,#1647,.F.);
#610=ORIENTED_EDGE('',*,*,#1626,.F.);
#611=ORIENTED_EDGE('',*,*,#1648,.T.);
#612=ORIENTED_EDGE('',*,*,#1535,.T.);
#613=ORIENTED_EDGE('',*,*,#1646,.F.);
#614=ORIENTED_EDGE('',*,*,#1536,.F.);
#615=ORIENTED_EDGE('',*,*,#1648,.F.);
#616=ORIENTED_EDGE('',*,*,#1632,.F.);
#617=ORIENTED_EDGE('',*,*,#1645,.T.);
#618=ORIENTED_EDGE('',*,*,#1630,.T.);
#619=ORIENTED_EDGE('',*,*,#1384,.T.);
#620=ORIENTED_EDGE('',*,*,#1538,.T.);
#621=ORIENTED_EDGE('',*,*,#1649,.F.);
#622=ORIENTED_EDGE('',*,*,#1610,.F.);
#623=ORIENTED_EDGE('',*,*,#1650,.T.);
#624=ORIENTED_EDGE('',*,*,#1555,.T.);
#625=ORIENTED_EDGE('',*,*,#1651,.F.);
#626=ORIENTED_EDGE('',*,*,#1652,.T.);
#627=ORIENTED_EDGE('',*,*,#1653,.T.);
#628=ORIENTED_EDGE('',*,*,#1612,.T.);
#629=ORIENTED_EDGE('',*,*,#1654,.F.);
#630=ORIENTED_EDGE('',*,*,#1557,.F.);
#631=ORIENTED_EDGE('',*,*,#1655,.T.);
#632=ORIENTED_EDGE('',*,*,#1608,.T.);
#633=ORIENTED_EDGE('',*,*,#1650,.F.);
#634=ORIENTED_EDGE('',*,*,#1609,.F.);
#635=ORIENTED_EDGE('',*,*,#1655,.F.);
#636=ORIENTED_EDGE('',*,*,#1556,.F.);
#637=ORIENTED_EDGE('',*,*,#1649,.T.);
#638=ORIENTED_EDGE('',*,*,#1558,.T.);
#639=ORIENTED_EDGE('',*,*,#1654,.T.);
#640=ORIENTED_EDGE('',*,*,#1611,.T.);
#641=ORIENTED_EDGE('',*,*,#1656,.F.);
#642=ORIENTED_EDGE('',*,*,#1602,.F.);
#643=ORIENTED_EDGE('',*,*,#1657,.T.);
#644=ORIENTED_EDGE('',*,*,#1551,.T.);
#645=ORIENTED_EDGE('',*,*,#1658,.F.);
#646=ORIENTED_EDGE('',*,*,#1659,.T.);
#647=ORIENTED_EDGE('',*,*,#1660,.T.);
#648=ORIENTED_EDGE('',*,*,#1604,.T.);
#649=ORIENTED_EDGE('',*,*,#1661,.F.);
#650=ORIENTED_EDGE('',*,*,#1553,.F.);
#651=ORIENTED_EDGE('',*,*,#1662,.T.);
#652=ORIENTED_EDGE('',*,*,#1600,.T.);
#653=ORIENTED_EDGE('',*,*,#1657,.F.);
#654=ORIENTED_EDGE('',*,*,#1601,.F.);
#655=ORIENTED_EDGE('',*,*,#1662,.F.);
#656=ORIENTED_EDGE('',*,*,#1552,.F.);
#657=ORIENTED_EDGE('',*,*,#1656,.T.);
#658=ORIENTED_EDGE('',*,*,#1554,.T.);
#659=ORIENTED_EDGE('',*,*,#1661,.T.);
#660=ORIENTED_EDGE('',*,*,#1603,.T.);
#661=ORIENTED_EDGE('',*,*,#1663,.T.);
#662=ORIENTED_EDGE('',*,*,#1635,.T.);
#663=ORIENTED_EDGE('',*,*,#1664,.F.);
#664=ORIENTED_EDGE('',*,*,#1665,.T.);
#665=ORIENTED_EDGE('',*,*,#1634,.F.);
#666=ORIENTED_EDGE('',*,*,#1643,.T.);
#667=ORIENTED_EDGE('',*,*,#1666,.T.);
#668=ORIENTED_EDGE('',*,*,#1667,.T.);
#669=ORIENTED_EDGE('',*,*,#1668,.F.);
#670=ORIENTED_EDGE('',*,*,#1669,.T.);
#671=ORIENTED_EDGE('',*,*,#1670,.T.);
#672=ORIENTED_EDGE('',*,*,#1671,.T.);
#673=ORIENTED_EDGE('',*,*,#1672,.T.);
#674=ORIENTED_EDGE('',*,*,#1673,.T.);
#675=ORIENTED_EDGE('',*,*,#1664,.T.);
#676=ORIENTED_EDGE('',*,*,#1386,.F.);
#677=ORIENTED_EDGE('',*,*,#1636,.T.);
#678=ORIENTED_EDGE('',*,*,#1663,.F.);
#679=ORIENTED_EDGE('',*,*,#1674,.F.);
#680=ORIENTED_EDGE('',*,*,#1675,.F.);
#681=ORIENTED_EDGE('',*,*,#1676,.F.);
#682=ORIENTED_EDGE('',*,*,#1677,.F.);
#683=ORIENTED_EDGE('',*,*,#1678,.F.);
#684=ORIENTED_EDGE('',*,*,#1679,.T.);
#685=ORIENTED_EDGE('',*,*,#1680,.F.);
#686=ORIENTED_EDGE('',*,*,#1681,.F.);
#687=ORIENTED_EDGE('',*,*,#1677,.T.);
#688=ORIENTED_EDGE('',*,*,#1682,.F.);
#689=ORIENTED_EDGE('',*,*,#1670,.F.);
#690=ORIENTED_EDGE('',*,*,#1683,.T.);
#691=ORIENTED_EDGE('',*,*,#1676,.T.);
#692=ORIENTED_EDGE('',*,*,#1684,.F.);
#693=ORIENTED_EDGE('',*,*,#1671,.F.);
#694=ORIENTED_EDGE('',*,*,#1682,.T.);
#695=ORIENTED_EDGE('',*,*,#1675,.T.);
#696=ORIENTED_EDGE('',*,*,#1685,.F.);
#697=ORIENTED_EDGE('',*,*,#1672,.F.);
#698=ORIENTED_EDGE('',*,*,#1684,.T.);
#699=ORIENTED_EDGE('',*,*,#1674,.T.);
#700=ORIENTED_EDGE('',*,*,#1665,.F.);
#701=ORIENTED_EDGE('',*,*,#1673,.F.);
#702=ORIENTED_EDGE('',*,*,#1685,.T.);
#703=ORIENTED_EDGE('',*,*,#1681,.T.);
#704=ORIENTED_EDGE('',*,*,#1686,.F.);
#705=ORIENTED_EDGE('',*,*,#1666,.F.);
#706=ORIENTED_EDGE('',*,*,#1544,.T.);
#707=ORIENTED_EDGE('',*,*,#1680,.T.);
#708=ORIENTED_EDGE('',*,*,#1687,.F.);
#709=ORIENTED_EDGE('',*,*,#1667,.F.);
#710=ORIENTED_EDGE('',*,*,#1686,.T.);
#711=ORIENTED_EDGE('',*,*,#1679,.F.);
#712=ORIENTED_EDGE('',*,*,#1688,.F.);
#713=ORIENTED_EDGE('',*,*,#1668,.T.);
#714=ORIENTED_EDGE('',*,*,#1687,.T.);
#715=ORIENTED_EDGE('',*,*,#1678,.T.);
#716=ORIENTED_EDGE('',*,*,#1683,.F.);
#717=ORIENTED_EDGE('',*,*,#1669,.F.);
#718=ORIENTED_EDGE('',*,*,#1688,.T.);
#719=ORIENTED_EDGE('',*,*,#1689,.T.);
#720=ORIENTED_EDGE('',*,*,#1628,.T.);
#721=ORIENTED_EDGE('',*,*,#1690,.F.);
#722=ORIENTED_EDGE('',*,*,#1691,.T.);
#723=ORIENTED_EDGE('',*,*,#1627,.F.);
#724=ORIENTED_EDGE('',*,*,#1647,.T.);
#725=ORIENTED_EDGE('',*,*,#1692,.T.);
#726=ORIENTED_EDGE('',*,*,#1693,.T.);
#727=ORIENTED_EDGE('',*,*,#1694,.F.);
#728=ORIENTED_EDGE('',*,*,#1695,.T.);
#729=ORIENTED_EDGE('',*,*,#1696,.T.);
#730=ORIENTED_EDGE('',*,*,#1697,.T.);
#731=ORIENTED_EDGE('',*,*,#1698,.T.);
#732=ORIENTED_EDGE('',*,*,#1699,.T.);
#733=ORIENTED_EDGE('',*,*,#1690,.T.);
#734=ORIENTED_EDGE('',*,*,#1382,.F.);
#735=ORIENTED_EDGE('',*,*,#1629,.T.);
#736=ORIENTED_EDGE('',*,*,#1689,.F.);
#737=ORIENTED_EDGE('',*,*,#1700,.F.);
#738=ORIENTED_EDGE('',*,*,#1701,.F.);
#739=ORIENTED_EDGE('',*,*,#1702,.F.);
#740=ORIENTED_EDGE('',*,*,#1703,.F.);
#741=ORIENTED_EDGE('',*,*,#1704,.F.);
#742=ORIENTED_EDGE('',*,*,#1705,.T.);
#743=ORIENTED_EDGE('',*,*,#1706,.F.);
#744=ORIENTED_EDGE('',*,*,#1707,.F.);
#745=ORIENTED_EDGE('',*,*,#1703,.T.);
#746=ORIENTED_EDGE('',*,*,#1708,.F.);
#747=ORIENTED_EDGE('',*,*,#1696,.F.);
#748=ORIENTED_EDGE('',*,*,#1709,.T.);
#749=ORIENTED_EDGE('',*,*,#1702,.T.);
#750=ORIENTED_EDGE('',*,*,#1710,.F.);
#751=ORIENTED_EDGE('',*,*,#1697,.F.);
#752=ORIENTED_EDGE('',*,*,#1708,.T.);
#753=ORIENTED_EDGE('',*,*,#1701,.T.);
#754=ORIENTED_EDGE('',*,*,#1711,.F.);
#755=ORIENTED_EDGE('',*,*,#1698,.F.);
#756=ORIENTED_EDGE('',*,*,#1710,.T.);
#757=ORIENTED_EDGE('',*,*,#1700,.T.);
#758=ORIENTED_EDGE('',*,*,#1691,.F.);
#759=ORIENTED_EDGE('',*,*,#1699,.F.);
#760=ORIENTED_EDGE('',*,*,#1711,.T.);
#761=ORIENTED_EDGE('',*,*,#1707,.T.);
#762=ORIENTED_EDGE('',*,*,#1712,.F.);
#763=ORIENTED_EDGE('',*,*,#1692,.F.);
#764=ORIENTED_EDGE('',*,*,#1539,.T.);
#765=ORIENTED_EDGE('',*,*,#1706,.T.);
#766=ORIENTED_EDGE('',*,*,#1713,.F.);
#767=ORIENTED_EDGE('',*,*,#1693,.F.);
#768=ORIENTED_EDGE('',*,*,#1712,.T.);
#769=ORIENTED_EDGE('',*,*,#1705,.F.);
#770=ORIENTED_EDGE('',*,*,#1714,.F.);
#771=ORIENTED_EDGE('',*,*,#1694,.T.);
#772=ORIENTED_EDGE('',*,*,#1713,.T.);
#773=ORIENTED_EDGE('',*,*,#1704,.T.);
#774=ORIENTED_EDGE('',*,*,#1709,.F.);
#775=ORIENTED_EDGE('',*,*,#1695,.F.);
#776=ORIENTED_EDGE('',*,*,#1714,.T.);
#777=ORIENTED_EDGE('',*,*,#1715,.F.);
#778=ORIENTED_EDGE('',*,*,#1606,.T.);
#779=ORIENTED_EDGE('',*,*,#1716,.T.);
#780=ORIENTED_EDGE('',*,*,#1717,.F.);
#781=ORIENTED_EDGE('',*,*,#1607,.F.);
#782=ORIENTED_EDGE('',*,*,#1715,.T.);
#783=ORIENTED_EDGE('',*,*,#1718,.T.);
#784=ORIENTED_EDGE('',*,*,#1719,.T.);
#785=ORIENTED_EDGE('',*,*,#1720,.T.);
#786=ORIENTED_EDGE('',*,*,#1721,.T.);
#787=ORIENTED_EDGE('',*,*,#1722,.T.);
#788=ORIENTED_EDGE('',*,*,#1723,.F.);
#789=ORIENTED_EDGE('',*,*,#1724,.T.);
#790=ORIENTED_EDGE('',*,*,#1725,.T.);
#791=ORIENTED_EDGE('',*,*,#1651,.T.);
#792=ORIENTED_EDGE('',*,*,#1716,.F.);
#793=ORIENTED_EDGE('',*,*,#1613,.T.);
#794=ORIENTED_EDGE('',*,*,#1653,.F.);
#795=ORIENTED_EDGE('',*,*,#1726,.F.);
#796=ORIENTED_EDGE('',*,*,#1727,.F.);
#797=ORIENTED_EDGE('',*,*,#1728,.T.);
#798=ORIENTED_EDGE('',*,*,#1729,.F.);
#799=ORIENTED_EDGE('',*,*,#1730,.F.);
#800=ORIENTED_EDGE('',*,*,#1731,.F.);
#801=ORIENTED_EDGE('',*,*,#1732,.F.);
#802=ORIENTED_EDGE('',*,*,#1733,.F.);
#803=ORIENTED_EDGE('',*,*,#1731,.T.);
#804=ORIENTED_EDGE('',*,*,#1734,.F.);
#805=ORIENTED_EDGE('',*,*,#1720,.F.);
#806=ORIENTED_EDGE('',*,*,#1735,.T.);
#807=ORIENTED_EDGE('',*,*,#1730,.T.);
#808=ORIENTED_EDGE('',*,*,#1736,.F.);
#809=ORIENTED_EDGE('',*,*,#1721,.F.);
#810=ORIENTED_EDGE('',*,*,#1734,.T.);
#811=ORIENTED_EDGE('',*,*,#1729,.T.);
#812=ORIENTED_EDGE('',*,*,#1737,.F.);
#813=ORIENTED_EDGE('',*,*,#1722,.F.);
#814=ORIENTED_EDGE('',*,*,#1736,.T.);
#815=ORIENTED_EDGE('',*,*,#1728,.F.);
#816=ORIENTED_EDGE('',*,*,#1738,.F.);
#817=ORIENTED_EDGE('',*,*,#1723,.T.);
#818=ORIENTED_EDGE('',*,*,#1737,.T.);
#819=ORIENTED_EDGE('',*,*,#1727,.T.);
#820=ORIENTED_EDGE('',*,*,#1739,.F.);
#821=ORIENTED_EDGE('',*,*,#1724,.F.);
#822=ORIENTED_EDGE('',*,*,#1738,.T.);
#823=ORIENTED_EDGE('',*,*,#1726,.T.);
#824=ORIENTED_EDGE('',*,*,#1652,.F.);
#825=ORIENTED_EDGE('',*,*,#1725,.F.);
#826=ORIENTED_EDGE('',*,*,#1739,.T.);
#827=ORIENTED_EDGE('',*,*,#1733,.T.);
#828=ORIENTED_EDGE('',*,*,#1740,.F.);
#829=ORIENTED_EDGE('',*,*,#1718,.F.);
#830=ORIENTED_EDGE('',*,*,#1717,.T.);
#831=ORIENTED_EDGE('',*,*,#1732,.T.);
#832=ORIENTED_EDGE('',*,*,#1735,.F.);
#833=ORIENTED_EDGE('',*,*,#1719,.F.);
#834=ORIENTED_EDGE('',*,*,#1740,.T.);
#835=ORIENTED_EDGE('',*,*,#1741,.F.);
#836=ORIENTED_EDGE('',*,*,#1598,.T.);
#837=ORIENTED_EDGE('',*,*,#1742,.T.);
#838=ORIENTED_EDGE('',*,*,#1743,.F.);
#839=ORIENTED_EDGE('',*,*,#1599,.F.);
#840=ORIENTED_EDGE('',*,*,#1741,.T.);
#841=ORIENTED_EDGE('',*,*,#1744,.T.);
#842=ORIENTED_EDGE('',*,*,#1745,.T.);
#843=ORIENTED_EDGE('',*,*,#1746,.T.);
#844=ORIENTED_EDGE('',*,*,#1747,.T.);
#845=ORIENTED_EDGE('',*,*,#1748,.T.);
#846=ORIENTED_EDGE('',*,*,#1749,.F.);
#847=ORIENTED_EDGE('',*,*,#1750,.T.);
#848=ORIENTED_EDGE('',*,*,#1751,.T.);
#849=ORIENTED_EDGE('',*,*,#1658,.T.);
#850=ORIENTED_EDGE('',*,*,#1742,.F.);
#851=ORIENTED_EDGE('',*,*,#1605,.T.);
#852=ORIENTED_EDGE('',*,*,#1660,.F.);
#853=ORIENTED_EDGE('',*,*,#1752,.F.);
#854=ORIENTED_EDGE('',*,*,#1753,.F.);
#855=ORIENTED_EDGE('',*,*,#1754,.T.);
#856=ORIENTED_EDGE('',*,*,#1755,.F.);
#857=ORIENTED_EDGE('',*,*,#1756,.F.);
#858=ORIENTED_EDGE('',*,*,#1757,.F.);
#859=ORIENTED_EDGE('',*,*,#1758,.F.);
#860=ORIENTED_EDGE('',*,*,#1759,.F.);
#861=ORIENTED_EDGE('',*,*,#1757,.T.);
#862=ORIENTED_EDGE('',*,*,#1760,.F.);
#863=ORIENTED_EDGE('',*,*,#1746,.F.);
#864=ORIENTED_EDGE('',*,*,#1761,.T.);
#865=ORIENTED_EDGE('',*,*,#1756,.T.);
#866=ORIENTED_EDGE('',*,*,#1762,.F.);
#867=ORIENTED_EDGE('',*,*,#1747,.F.);
#868=ORIENTED_EDGE('',*,*,#1760,.T.);
#869=ORIENTED_EDGE('',*,*,#1755,.T.);
#870=ORIENTED_EDGE('',*,*,#1763,.F.);
#871=ORIENTED_EDGE('',*,*,#1748,.F.);
#872=ORIENTED_EDGE('',*,*,#1762,.T.);
#873=ORIENTED_EDGE('',*,*,#1754,.F.);
#874=ORIENTED_EDGE('',*,*,#1764,.F.);
#875=ORIENTED_EDGE('',*,*,#1749,.T.);
#876=ORIENTED_EDGE('',*,*,#1763,.T.);
#877=ORIENTED_EDGE('',*,*,#1753,.T.);
#878=ORIENTED_EDGE('',*,*,#1765,.F.);
#879=ORIENTED_EDGE('',*,*,#1750,.F.);
#880=ORIENTED_EDGE('',*,*,#1764,.T.);
#881=ORIENTED_EDGE('',*,*,#1752,.T.);
#882=ORIENTED_EDGE('',*,*,#1659,.F.);
#883=ORIENTED_EDGE('',*,*,#1751,.F.);
#884=ORIENTED_EDGE('',*,*,#1765,.T.);
#885=ORIENTED_EDGE('',*,*,#1759,.T.);
#886=ORIENTED_EDGE('',*,*,#1766,.F.);
#887=ORIENTED_EDGE('',*,*,#1744,.F.);
#888=ORIENTED_EDGE('',*,*,#1743,.T.);
#889=ORIENTED_EDGE('',*,*,#1758,.T.);
#890=ORIENTED_EDGE('',*,*,#1761,.F.);
#891=ORIENTED_EDGE('',*,*,#1745,.F.);
#892=ORIENTED_EDGE('',*,*,#1766,.T.);
#893=ORIENTED_EDGE('',*,*,#1767,.F.);
#894=ORIENTED_EDGE('',*,*,#1592,.F.);
#895=ORIENTED_EDGE('',*,*,#1768,.T.);
#896=ORIENTED_EDGE('',*,*,#1464,.T.);
#897=ORIENTED_EDGE('',*,*,#1769,.F.);
#898=ORIENTED_EDGE('',*,*,#1466,.F.);
#899=ORIENTED_EDGE('',*,*,#1770,.T.);
#900=ORIENTED_EDGE('',*,*,#1590,.T.);
#901=ORIENTED_EDGE('',*,*,#1771,.F.);
#902=ORIENTED_EDGE('',*,*,#1468,.F.);
#903=ORIENTED_EDGE('',*,*,#1772,.T.);
#904=ORIENTED_EDGE('',*,*,#1773,.T.);
#905=ORIENTED_EDGE('',*,*,#1768,.F.);
#906=ORIENTED_EDGE('',*,*,#1591,.F.);
#907=ORIENTED_EDGE('',*,*,#1770,.F.);
#908=ORIENTED_EDGE('',*,*,#1465,.F.);
#909=ORIENTED_EDGE('',*,*,#1767,.T.);
#910=ORIENTED_EDGE('',*,*,#1469,.T.);
#911=ORIENTED_EDGE('',*,*,#1771,.T.);
#912=ORIENTED_EDGE('',*,*,#1593,.T.);
#913=ORIENTED_EDGE('',*,*,#1774,.F.);
#914=ORIENTED_EDGE('',*,*,#1447,.F.);
#915=ORIENTED_EDGE('',*,*,#1775,.T.);
#916=ORIENTED_EDGE('',*,*,#1618,.T.);
#917=ORIENTED_EDGE('',*,*,#1776,.F.);
#918=ORIENTED_EDGE('',*,*,#1777,.T.);
#919=ORIENTED_EDGE('',*,*,#1778,.T.);
#920=ORIENTED_EDGE('',*,*,#1449,.T.);
#921=ORIENTED_EDGE('',*,*,#1779,.F.);
#922=ORIENTED_EDGE('',*,*,#1620,.F.);
#923=ORIENTED_EDGE('',*,*,#1780,.T.);
#924=ORIENTED_EDGE('',*,*,#1445,.T.);
#925=ORIENTED_EDGE('',*,*,#1775,.F.);
#926=ORIENTED_EDGE('',*,*,#1446,.F.);
#927=ORIENTED_EDGE('',*,*,#1780,.F.);
#928=ORIENTED_EDGE('',*,*,#1619,.F.);
#929=ORIENTED_EDGE('',*,*,#1774,.T.);
#930=ORIENTED_EDGE('',*,*,#1621,.T.);
#931=ORIENTED_EDGE('',*,*,#1779,.T.);
#932=ORIENTED_EDGE('',*,*,#1448,.T.);
#933=ORIENTED_EDGE('',*,*,#1781,.T.);
#934=ORIENTED_EDGE('',*,*,#1467,.F.);
#935=ORIENTED_EDGE('',*,*,#1782,.F.);
#936=ORIENTED_EDGE('',*,*,#1783,.T.);
#937=ORIENTED_EDGE('',*,*,#1773,.F.);
#938=ORIENTED_EDGE('',*,*,#1784,.T.);
#939=ORIENTED_EDGE('',*,*,#1785,.F.);
#940=ORIENTED_EDGE('',*,*,#1786,.F.);
#941=ORIENTED_EDGE('',*,*,#1787,.T.);
#942=ORIENTED_EDGE('',*,*,#1788,.F.);
#943=ORIENTED_EDGE('',*,*,#1789,.F.);
#944=ORIENTED_EDGE('',*,*,#1785,.T.);
#945=ORIENTED_EDGE('',*,*,#1790,.T.);
#946=ORIENTED_EDGE('',*,*,#1791,.F.);
#947=ORIENTED_EDGE('',*,*,#1792,.F.);
#948=ORIENTED_EDGE('',*,*,#1788,.T.);
#949=ORIENTED_EDGE('',*,*,#1793,.T.);
#950=ORIENTED_EDGE('',*,*,#1794,.F.);
#951=ORIENTED_EDGE('',*,*,#1795,.F.);
#952=ORIENTED_EDGE('',*,*,#1791,.T.);
#953=ORIENTED_EDGE('',*,*,#1796,.T.);
#954=ORIENTED_EDGE('',*,*,#1797,.F.);
#955=ORIENTED_EDGE('',*,*,#1798,.F.);
#956=ORIENTED_EDGE('',*,*,#1794,.T.);
#957=ORIENTED_EDGE('',*,*,#1799,.F.);
#958=ORIENTED_EDGE('',*,*,#1783,.F.);
#959=ORIENTED_EDGE('',*,*,#1800,.T.);
#960=ORIENTED_EDGE('',*,*,#1797,.T.);
#961=ORIENTED_EDGE('',*,*,#1782,.T.);
#962=ORIENTED_EDGE('',*,*,#1769,.T.);
#963=ORIENTED_EDGE('',*,*,#1786,.T.);
#964=ORIENTED_EDGE('',*,*,#1789,.T.);
#965=ORIENTED_EDGE('',*,*,#1792,.T.);
#966=ORIENTED_EDGE('',*,*,#1795,.T.);
#967=ORIENTED_EDGE('',*,*,#1798,.T.);
#968=ORIENTED_EDGE('',*,*,#1800,.F.);
#969=ORIENTED_EDGE('',*,*,#1772,.F.);
#970=ORIENTED_EDGE('',*,*,#1781,.F.);
#971=ORIENTED_EDGE('',*,*,#1799,.T.);
#972=ORIENTED_EDGE('',*,*,#1796,.F.);
#973=ORIENTED_EDGE('',*,*,#1793,.F.);
#974=ORIENTED_EDGE('',*,*,#1790,.F.);
#975=ORIENTED_EDGE('',*,*,#1787,.F.);
#976=ORIENTED_EDGE('',*,*,#1784,.F.);
#977=ORIENTED_EDGE('',*,*,#1801,.T.);
#978=ORIENTED_EDGE('',*,*,#1802,.F.);
#979=ORIENTED_EDGE('',*,*,#1803,.F.);
#980=ORIENTED_EDGE('',*,*,#1804,.T.);
#981=ORIENTED_EDGE('',*,*,#1805,.T.);
#982=ORIENTED_EDGE('',*,*,#1806,.F.);
#983=ORIENTED_EDGE('',*,*,#1807,.F.);
#984=ORIENTED_EDGE('',*,*,#1802,.T.);
#985=ORIENTED_EDGE('',*,*,#1777,.F.);
#986=ORIENTED_EDGE('',*,*,#1808,.F.);
#987=ORIENTED_EDGE('',*,*,#1806,.T.);
#988=ORIENTED_EDGE('',*,*,#1809,.T.);
#989=ORIENTED_EDGE('',*,*,#1810,.T.);
#990=ORIENTED_EDGE('',*,*,#1811,.F.);
#991=ORIENTED_EDGE('',*,*,#1812,.F.);
#992=ORIENTED_EDGE('',*,*,#1450,.T.);
#993=ORIENTED_EDGE('',*,*,#1813,.F.);
#994=ORIENTED_EDGE('',*,*,#1814,.F.);
#995=ORIENTED_EDGE('',*,*,#1815,.T.);
#996=ORIENTED_EDGE('',*,*,#1811,.T.);
#997=ORIENTED_EDGE('',*,*,#1816,.T.);
#998=ORIENTED_EDGE('',*,*,#1817,.F.);
#999=ORIENTED_EDGE('',*,*,#1818,.F.);
#1000=ORIENTED_EDGE('',*,*,#1814,.T.);
#1001=ORIENTED_EDGE('',*,*,#1819,.T.);
#1002=ORIENTED_EDGE('',*,*,#1804,.F.);
#1003=ORIENTED_EDGE('',*,*,#1820,.F.);
#1004=ORIENTED_EDGE('',*,*,#1817,.T.);
#1005=ORIENTED_EDGE('',*,*,#1808,.T.);
#1006=ORIENTED_EDGE('',*,*,#1776,.T.);
#1007=ORIENTED_EDGE('',*,*,#1812,.T.);
#1008=ORIENTED_EDGE('',*,*,#1815,.F.);
#1009=ORIENTED_EDGE('',*,*,#1818,.T.);
#1010=ORIENTED_EDGE('',*,*,#1820,.T.);
#1011=ORIENTED_EDGE('',*,*,#1803,.T.);
#1012=ORIENTED_EDGE('',*,*,#1807,.T.);
#1013=ORIENTED_EDGE('',*,*,#1778,.F.);
#1014=ORIENTED_EDGE('',*,*,#1809,.F.);
#1015=ORIENTED_EDGE('',*,*,#1805,.F.);
#1016=ORIENTED_EDGE('',*,*,#1801,.F.);
#1017=ORIENTED_EDGE('',*,*,#1819,.F.);
#1018=ORIENTED_EDGE('',*,*,#1816,.F.);
#1019=ORIENTED_EDGE('',*,*,#1813,.T.);
#1020=ORIENTED_EDGE('',*,*,#1810,.F.);
#1021=ORIENTED_EDGE('',*,*,#1821,.T.);
#1022=ORIENTED_EDGE('',*,*,#1822,.F.);
#1023=ORIENTED_EDGE('',*,*,#1823,.F.);
#1024=ORIENTED_EDGE('',*,*,#1824,.T.);
#1025=ORIENTED_EDGE('',*,*,#1825,.T.);
#1026=ORIENTED_EDGE('',*,*,#1826,.F.);
#1027=ORIENTED_EDGE('',*,*,#1827,.F.);
#1028=ORIENTED_EDGE('',*,*,#1822,.T.);
#1029=ORIENTED_EDGE('',*,*,#1828,.T.);
#1030=ORIENTED_EDGE('',*,*,#1829,.F.);
#1031=ORIENTED_EDGE('',*,*,#1830,.F.);
#1032=ORIENTED_EDGE('',*,*,#1826,.T.);
#1033=ORIENTED_EDGE('',*,*,#1831,.T.);
#1034=ORIENTED_EDGE('',*,*,#1832,.F.);
#1035=ORIENTED_EDGE('',*,*,#1833,.F.);
#1036=ORIENTED_EDGE('',*,*,#1829,.T.);
#1037=ORIENTED_EDGE('',*,*,#1834,.T.);
#1038=ORIENTED_EDGE('',*,*,#1835,.F.);
#1039=ORIENTED_EDGE('',*,*,#1836,.F.);
#1040=ORIENTED_EDGE('',*,*,#1832,.T.);
#1041=ORIENTED_EDGE('',*,*,#1837,.T.);
#1042=ORIENTED_EDGE('',*,*,#1824,.F.);
#1043=ORIENTED_EDGE('',*,*,#1838,.F.);
#1044=ORIENTED_EDGE('',*,*,#1835,.T.);
#1045=ORIENTED_EDGE('',*,*,#1823,.T.);
#1046=ORIENTED_EDGE('',*,*,#1827,.T.);
#1047=ORIENTED_EDGE('',*,*,#1830,.T.);
#1048=ORIENTED_EDGE('',*,*,#1833,.T.);
#1049=ORIENTED_EDGE('',*,*,#1836,.T.);
#1050=ORIENTED_EDGE('',*,*,#1838,.T.);
#1051=ORIENTED_EDGE('',*,*,#1821,.F.);
#1052=ORIENTED_EDGE('',*,*,#1837,.F.);
#1053=ORIENTED_EDGE('',*,*,#1834,.F.);
#1054=ORIENTED_EDGE('',*,*,#1831,.F.);
#1055=ORIENTED_EDGE('',*,*,#1828,.F.);
#1056=ORIENTED_EDGE('',*,*,#1825,.F.);
#1057=ORIENTED_EDGE('',*,*,#1839,.T.);
#1058=ORIENTED_EDGE('',*,*,#1840,.T.);
#1059=ORIENTED_EDGE('',*,*,#1841,.F.);
#1060=ORIENTED_EDGE('',*,*,#1842,.F.);
#1061=ORIENTED_EDGE('',*,*,#1843,.F.);
#1062=ORIENTED_EDGE('',*,*,#1844,.T.);
#1063=ORIENTED_EDGE('',*,*,#1845,.T.);
#1064=ORIENTED_EDGE('',*,*,#1846,.T.);
#1065=ORIENTED_EDGE('',*,*,#1847,.F.);
#1066=ORIENTED_EDGE('',*,*,#1848,.T.);
#1067=ORIENTED_EDGE('',*,*,#1849,.T.);
#1068=ORIENTED_EDGE('',*,*,#1850,.T.);
#1069=ORIENTED_EDGE('',*,*,#1851,.F.);
#1070=ORIENTED_EDGE('',*,*,#1852,.F.);
#1071=ORIENTED_EDGE('',*,*,#1853,.F.);
#1072=ORIENTED_EDGE('',*,*,#1854,.T.);
#1073=ORIENTED_EDGE('',*,*,#1855,.F.);
#1074=ORIENTED_EDGE('',*,*,#1856,.T.);
#1075=ORIENTED_EDGE('',*,*,#1857,.F.);
#1076=ORIENTED_EDGE('',*,*,#1858,.F.);
#1077=ORIENTED_EDGE('',*,*,#1859,.F.);
#1078=ORIENTED_EDGE('',*,*,#1860,.T.);
#1079=ORIENTED_EDGE('',*,*,#1861,.F.);
#1080=ORIENTED_EDGE('',*,*,#1862,.F.);
#1081=ORIENTED_EDGE('',*,*,#1863,.F.);
#1082=ORIENTED_EDGE('',*,*,#1864,.T.);
#1083=ORIENTED_EDGE('',*,*,#1865,.T.);
#1084=ORIENTED_EDGE('',*,*,#1866,.F.);
#1085=ORIENTED_EDGE('',*,*,#1867,.F.);
#1086=ORIENTED_EDGE('',*,*,#1868,.F.);
#1087=ORIENTED_EDGE('',*,*,#1869,.F.);
#1088=ORIENTED_EDGE('',*,*,#1852,.T.);
#1089=ORIENTED_EDGE('',*,*,#1870,.F.);
#1090=ORIENTED_EDGE('',*,*,#1858,.T.);
#1091=ORIENTED_EDGE('',*,*,#1871,.F.);
#1092=ORIENTED_EDGE('',*,*,#1872,.F.);
#1093=ORIENTED_EDGE('',*,*,#1873,.F.);
#1094=ORIENTED_EDGE('',*,*,#1862,.T.);
#1095=ORIENTED_EDGE('',*,*,#1874,.F.);
#1096=ORIENTED_EDGE('',*,*,#1875,.F.);
#1097=ORIENTED_EDGE('',*,*,#1876,.F.);
#1098=ORIENTED_EDGE('',*,*,#1866,.T.);
#1099=ORIENTED_EDGE('',*,*,#1877,.T.);
#1100=ORIENTED_EDGE('',*,*,#1878,.F.);
#1101=ORIENTED_EDGE('',*,*,#1879,.F.);
#1102=ORIENTED_EDGE('',*,*,#1880,.F.);
#1103=ORIENTED_EDGE('',*,*,#1881,.F.);
#1104=ORIENTED_EDGE('',*,*,#1868,.T.);
#1105=ORIENTED_EDGE('',*,*,#1882,.F.);
#1106=ORIENTED_EDGE('',*,*,#1872,.T.);
#1107=ORIENTED_EDGE('',*,*,#1883,.F.);
#1108=ORIENTED_EDGE('',*,*,#1884,.F.);
#1109=ORIENTED_EDGE('',*,*,#1885,.F.);
#1110=ORIENTED_EDGE('',*,*,#1875,.T.);
#1111=ORIENTED_EDGE('',*,*,#1886,.F.);
#1112=ORIENTED_EDGE('',*,*,#1887,.F.);
#1113=ORIENTED_EDGE('',*,*,#1888,.F.);
#1114=ORIENTED_EDGE('',*,*,#1878,.T.);
#1115=ORIENTED_EDGE('',*,*,#1889,.T.);
#1116=ORIENTED_EDGE('',*,*,#1890,.F.);
#1117=ORIENTED_EDGE('',*,*,#1891,.F.);
#1118=ORIENTED_EDGE('',*,*,#1892,.F.);
#1119=ORIENTED_EDGE('',*,*,#1893,.F.);
#1120=ORIENTED_EDGE('',*,*,#1880,.T.);
#1121=ORIENTED_EDGE('',*,*,#1894,.F.);
#1122=ORIENTED_EDGE('',*,*,#1884,.T.);
#1123=ORIENTED_EDGE('',*,*,#1895,.F.);
#1124=ORIENTED_EDGE('',*,*,#1896,.F.);
#1125=ORIENTED_EDGE('',*,*,#1897,.F.);
#1126=ORIENTED_EDGE('',*,*,#1887,.T.);
#1127=ORIENTED_EDGE('',*,*,#1898,.F.);
#1128=ORIENTED_EDGE('',*,*,#1899,.F.);
#1129=ORIENTED_EDGE('',*,*,#1900,.F.);
#1130=ORIENTED_EDGE('',*,*,#1890,.T.);
#1131=ORIENTED_EDGE('',*,*,#1901,.T.);
#1132=ORIENTED_EDGE('',*,*,#1902,.F.);
#1133=ORIENTED_EDGE('',*,*,#1903,.F.);
#1134=ORIENTED_EDGE('',*,*,#1904,.F.);
#1135=ORIENTED_EDGE('',*,*,#1905,.F.);
#1136=ORIENTED_EDGE('',*,*,#1896,.T.);
#1137=ORIENTED_EDGE('',*,*,#1906,.F.);
#1138=ORIENTED_EDGE('',*,*,#1907,.F.);
#1139=ORIENTED_EDGE('',*,*,#1908,.F.);
#1140=ORIENTED_EDGE('',*,*,#1899,.T.);
#1141=ORIENTED_EDGE('',*,*,#1909,.F.);
#1142=ORIENTED_EDGE('',*,*,#1910,.F.);
#1143=ORIENTED_EDGE('',*,*,#1911,.F.);
#1144=ORIENTED_EDGE('',*,*,#1902,.T.);
#1145=ORIENTED_EDGE('',*,*,#1912,.T.);
#1146=ORIENTED_EDGE('',*,*,#1913,.F.);
#1147=ORIENTED_EDGE('',*,*,#1914,.F.);
#1148=ORIENTED_EDGE('',*,*,#1892,.T.);
#1149=ORIENTED_EDGE('',*,*,#1915,.F.);
#1150=ORIENTED_EDGE('',*,*,#1916,.F.);
#1151=ORIENTED_EDGE('',*,*,#1917,.F.);
#1152=ORIENTED_EDGE('',*,*,#1918,.T.);
#1153=ORIENTED_EDGE('',*,*,#1919,.T.);
#1154=ORIENTED_EDGE('',*,*,#1920,.F.);
#1155=ORIENTED_EDGE('',*,*,#1921,.F.);
#1156=ORIENTED_EDGE('',*,*,#1922,.F.);
#1157=ORIENTED_EDGE('',*,*,#1923,.F.);
#1158=ORIENTED_EDGE('',*,*,#1924,.F.);
#1159=ORIENTED_EDGE('',*,*,#1925,.F.);
#1160=ORIENTED_EDGE('',*,*,#1926,.F.);
#1161=ORIENTED_EDGE('',*,*,#1927,.F.);
#1162=ORIENTED_EDGE('',*,*,#1928,.F.);
#1163=ORIENTED_EDGE('',*,*,#1929,.F.);
#1164=ORIENTED_EDGE('',*,*,#1930,.F.);
#1165=ORIENTED_EDGE('',*,*,#1931,.F.);
#1166=ORIENTED_EDGE('',*,*,#1932,.F.);
#1167=ORIENTED_EDGE('',*,*,#1933,.F.);
#1168=ORIENTED_EDGE('',*,*,#1916,.T.);
#1169=ORIENTED_EDGE('',*,*,#1934,.F.);
#1170=ORIENTED_EDGE('',*,*,#1928,.T.);
#1171=ORIENTED_EDGE('',*,*,#1935,.F.);
#1172=ORIENTED_EDGE('',*,*,#1936,.F.);
#1173=ORIENTED_EDGE('',*,*,#1937,.F.);
#1174=ORIENTED_EDGE('',*,*,#1924,.T.);
#1175=ORIENTED_EDGE('',*,*,#1938,.F.);
#1176=ORIENTED_EDGE('',*,*,#1939,.F.);
#1177=ORIENTED_EDGE('',*,*,#1940,.F.);
#1178=ORIENTED_EDGE('',*,*,#1920,.T.);
#1179=ORIENTED_EDGE('',*,*,#1941,.T.);
#1180=ORIENTED_EDGE('',*,*,#1942,.F.);
#1181=ORIENTED_EDGE('',*,*,#1932,.T.);
#1182=ORIENTED_EDGE('',*,*,#1943,.T.);
#1183=ORIENTED_EDGE('',*,*,#1944,.F.);
#1184=ORIENTED_EDGE('',*,*,#1945,.T.);
#1185=ORIENTED_EDGE('',*,*,#1946,.F.);
#1186=ORIENTED_EDGE('',*,*,#1947,.T.);
#1187=ORIENTED_EDGE('',*,*,#1936,.T.);
#1188=ORIENTED_EDGE('',*,*,#1948,.T.);
#1189=ORIENTED_EDGE('',*,*,#1949,.F.);
#1190=ORIENTED_EDGE('',*,*,#1950,.T.);
#1191=ORIENTED_EDGE('',*,*,#1939,.T.);
#1192=ORIENTED_EDGE('',*,*,#1951,.T.);
#1193=ORIENTED_EDGE('',*,*,#1952,.F.);
#1194=ORIENTED_EDGE('',*,*,#1953,.T.);
#1195=ORIENTED_EDGE('',*,*,#1942,.T.);
#1196=ORIENTED_EDGE('',*,*,#1954,.F.);
#1197=ORIENTED_EDGE('',*,*,#1955,.F.);
#1198=ORIENTED_EDGE('',*,*,#1854,.F.);
#1199=ORIENTED_EDGE('',*,*,#1956,.F.);
#1200=ORIENTED_EDGE('',*,*,#1944,.T.);
#1201=ORIENTED_EDGE('',*,*,#1957,.F.);
#1202=ORIENTED_EDGE('',*,*,#1946,.T.);
#1203=ORIENTED_EDGE('',*,*,#1958,.F.);
#1204=ORIENTED_EDGE('',*,*,#1856,.F.);
#1205=ORIENTED_EDGE('',*,*,#1959,.F.);
#1206=ORIENTED_EDGE('',*,*,#1949,.T.);
#1207=ORIENTED_EDGE('',*,*,#1960,.F.);
#1208=ORIENTED_EDGE('',*,*,#1860,.F.);
#1209=ORIENTED_EDGE('',*,*,#1961,.F.);
#1210=ORIENTED_EDGE('',*,*,#1952,.T.);
#1211=ORIENTED_EDGE('',*,*,#1962,.T.);
#1212=ORIENTED_EDGE('',*,*,#1864,.F.);
#1213=ORIENTED_EDGE('',*,*,#1963,.T.);
#1214=ORIENTED_EDGE('',*,*,#1964,.T.);
#1215=ORIENTED_EDGE('',*,*,#1839,.F.);
#1216=ORIENTED_EDGE('',*,*,#1965,.F.);
#1217=ORIENTED_EDGE('',*,*,#1913,.T.);
#1218=ORIENTED_EDGE('',*,*,#1966,.T.);
#1219=ORIENTED_EDGE('',*,*,#1967,.F.);
#1220=ORIENTED_EDGE('',*,*,#1968,.T.);
#1221=ORIENTED_EDGE('',*,*,#1969,.T.);
#1222=ORIENTED_EDGE('',*,*,#1970,.T.);
#1223=ORIENTED_EDGE('',*,*,#1849,.F.);
#1224=ORIENTED_EDGE('',*,*,#1971,.T.);
#1225=ORIENTED_EDGE('',*,*,#1972,.T.);
#1226=ORIENTED_EDGE('',*,*,#1973,.T.);
#1227=ORIENTED_EDGE('',*,*,#1845,.F.);
#1228=ORIENTED_EDGE('',*,*,#1974,.T.);
#1229=ORIENTED_EDGE('',*,*,#1975,.F.);
#1230=ORIENTED_EDGE('',*,*,#1976,.T.);
#1231=ORIENTED_EDGE('',*,*,#1967,.T.);
#1232=ORIENTED_EDGE('',*,*,#1977,.T.);
#1233=ORIENTED_EDGE('',*,*,#1841,.T.);
#1234=ORIENTED_EDGE('',*,*,#1978,.T.);
#1235=ORIENTED_EDGE('',*,*,#1979,.T.);
#1236=ORIENTED_EDGE('',*,*,#1980,.T.);
#1237=ORIENTED_EDGE('',*,*,#1843,.T.);
#1238=ORIENTED_EDGE('',*,*,#1981,.T.);
#1239=ORIENTED_EDGE('',*,*,#1982,.T.);
#1240=ORIENTED_EDGE('',*,*,#1983,.T.);
#1241=ORIENTED_EDGE('',*,*,#1847,.T.);
#1242=ORIENTED_EDGE('',*,*,#1984,.T.);
#1243=ORIENTED_EDGE('',*,*,#1985,.T.);
#1244=ORIENTED_EDGE('',*,*,#1986,.T.);
#1245=ORIENTED_EDGE('',*,*,#1975,.T.);
#1246=ORIENTED_EDGE('',*,*,#1987,.T.);
#1247=ORIENTED_EDGE('',*,*,#1918,.F.);
#1248=ORIENTED_EDGE('',*,*,#1988,.F.);
#1249=ORIENTED_EDGE('',*,*,#1965,.T.);
#1250=ORIENTED_EDGE('',*,*,#1842,.T.);
#1251=ORIENTED_EDGE('',*,*,#1988,.T.);
#1252=ORIENTED_EDGE('',*,*,#1917,.T.);
#1253=ORIENTED_EDGE('',*,*,#1933,.T.);
#1254=ORIENTED_EDGE('',*,*,#1945,.F.);
#1255=ORIENTED_EDGE('',*,*,#1956,.T.);
#1256=ORIENTED_EDGE('',*,*,#1853,.T.);
#1257=ORIENTED_EDGE('',*,*,#1869,.T.);
#1258=ORIENTED_EDGE('',*,*,#1881,.T.);
#1259=ORIENTED_EDGE('',*,*,#1893,.T.);
#1260=ORIENTED_EDGE('',*,*,#1914,.T.);
#1261=ORIENTED_EDGE('',*,*,#1919,.F.);
#1262=ORIENTED_EDGE('',*,*,#1987,.F.);
#1263=ORIENTED_EDGE('',*,*,#1977,.F.);
#1264=ORIENTED_EDGE('',*,*,#1966,.F.);
#1265=ORIENTED_EDGE('',*,*,#1912,.F.);
#1266=ORIENTED_EDGE('',*,*,#1901,.F.);
#1267=ORIENTED_EDGE('',*,*,#1889,.F.);
#1268=ORIENTED_EDGE('',*,*,#1877,.F.);
#1269=ORIENTED_EDGE('',*,*,#1865,.F.);
#1270=ORIENTED_EDGE('',*,*,#1962,.F.);
#1271=ORIENTED_EDGE('',*,*,#1954,.T.);
#1272=ORIENTED_EDGE('',*,*,#1941,.F.);
#1273=ORIENTED_EDGE('',*,*,#1909,.T.);
#1274=ORIENTED_EDGE('',*,*,#1898,.T.);
#1275=ORIENTED_EDGE('',*,*,#1886,.T.);
#1276=ORIENTED_EDGE('',*,*,#1874,.T.);
#1277=ORIENTED_EDGE('',*,*,#1861,.T.);
#1278=ORIENTED_EDGE('',*,*,#1960,.T.);
#1279=ORIENTED_EDGE('',*,*,#1951,.F.);
#1280=ORIENTED_EDGE('',*,*,#1938,.T.);
#1281=ORIENTED_EDGE('',*,*,#1923,.T.);
#1282=ORIENTED_EDGE('',*,*,#1989,.T.);
#1283=ORIENTED_EDGE('',*,*,#1911,.T.);
#1284=ORIENTED_EDGE('',*,*,#1990,.F.);
#1285=ORIENTED_EDGE('',*,*,#1921,.T.);
#1286=ORIENTED_EDGE('',*,*,#1940,.T.);
#1287=ORIENTED_EDGE('',*,*,#1953,.F.);
#1288=ORIENTED_EDGE('',*,*,#1961,.T.);
#1289=ORIENTED_EDGE('',*,*,#1863,.T.);
#1290=ORIENTED_EDGE('',*,*,#1876,.T.);
#1291=ORIENTED_EDGE('',*,*,#1888,.T.);
#1292=ORIENTED_EDGE('',*,*,#1900,.T.);
#1293=ORIENTED_EDGE('',*,*,#1910,.T.);
#1294=ORIENTED_EDGE('',*,*,#1989,.F.);
#1295=ORIENTED_EDGE('',*,*,#1922,.T.);
#1296=ORIENTED_EDGE('',*,*,#1990,.T.);
#1297=ORIENTED_EDGE('',*,*,#1906,.T.);
#1298=ORIENTED_EDGE('',*,*,#1895,.T.);
#1299=ORIENTED_EDGE('',*,*,#1883,.T.);
#1300=ORIENTED_EDGE('',*,*,#1871,.T.);
#1301=ORIENTED_EDGE('',*,*,#1857,.T.);
#1302=ORIENTED_EDGE('',*,*,#1958,.T.);
#1303=ORIENTED_EDGE('',*,*,#1948,.F.);
#1304=ORIENTED_EDGE('',*,*,#1935,.T.);
#1305=ORIENTED_EDGE('',*,*,#1927,.T.);
#1306=ORIENTED_EDGE('',*,*,#1991,.T.);
#1307=ORIENTED_EDGE('',*,*,#1908,.T.);
#1308=ORIENTED_EDGE('',*,*,#1992,.F.);
#1309=ORIENTED_EDGE('',*,*,#1925,.T.);
#1310=ORIENTED_EDGE('',*,*,#1937,.T.);
#1311=ORIENTED_EDGE('',*,*,#1950,.F.);
#1312=ORIENTED_EDGE('',*,*,#1959,.T.);
#1313=ORIENTED_EDGE('',*,*,#1859,.T.);
#1314=ORIENTED_EDGE('',*,*,#1873,.T.);
#1315=ORIENTED_EDGE('',*,*,#1885,.T.);
#1316=ORIENTED_EDGE('',*,*,#1897,.T.);
#1317=ORIENTED_EDGE('',*,*,#1907,.T.);
#1318=ORIENTED_EDGE('',*,*,#1991,.F.);
#1319=ORIENTED_EDGE('',*,*,#1926,.T.);
#1320=ORIENTED_EDGE('',*,*,#1992,.T.);
#1321=ORIENTED_EDGE('',*,*,#1904,.T.);
#1322=ORIENTED_EDGE('',*,*,#1993,.F.);
#1323=ORIENTED_EDGE('',*,*,#1930,.T.);
#1324=ORIENTED_EDGE('',*,*,#1994,.T.);
#1325=ORIENTED_EDGE('',*,*,#1903,.T.);
#1326=ORIENTED_EDGE('',*,*,#1891,.T.);
#1327=ORIENTED_EDGE('',*,*,#1879,.T.);
#1328=ORIENTED_EDGE('',*,*,#1867,.T.);
#1329=ORIENTED_EDGE('',*,*,#1851,.T.);
#1330=ORIENTED_EDGE('',*,*,#1955,.T.);
#1331=ORIENTED_EDGE('',*,*,#1943,.F.);
#1332=ORIENTED_EDGE('',*,*,#1931,.T.);
#1333=ORIENTED_EDGE('',*,*,#1915,.T.);
#1334=ORIENTED_EDGE('',*,*,#1993,.T.);
#1335=ORIENTED_EDGE('',*,*,#1905,.T.);
#1336=ORIENTED_EDGE('',*,*,#1994,.F.);
#1337=ORIENTED_EDGE('',*,*,#1929,.T.);
#1338=ORIENTED_EDGE('',*,*,#1934,.T.);
#1339=ORIENTED_EDGE('',*,*,#1947,.F.);
#1340=ORIENTED_EDGE('',*,*,#1957,.T.);
#1341=ORIENTED_EDGE('',*,*,#1855,.T.);
#1342=ORIENTED_EDGE('',*,*,#1870,.T.);
#1343=ORIENTED_EDGE('',*,*,#1882,.T.);
#1344=ORIENTED_EDGE('',*,*,#1894,.T.);
#1345=ORIENTED_EDGE('',*,*,#1976,.F.);
#1346=ORIENTED_EDGE('',*,*,#1986,.F.);
#1347=ORIENTED_EDGE('',*,*,#1995,.T.);
#1348=ORIENTED_EDGE('',*,*,#1968,.F.);
#1349=ORIENTED_EDGE('',*,*,#1995,.F.);
#1350=ORIENTED_EDGE('',*,*,#1985,.F.);
#1351=ORIENTED_EDGE('',*,*,#1996,.T.);
#1352=ORIENTED_EDGE('',*,*,#1969,.F.);
#1353=ORIENTED_EDGE('',*,*,#1996,.F.);
#1354=ORIENTED_EDGE('',*,*,#1984,.F.);
#1355=ORIENTED_EDGE('',*,*,#1850,.F.);
#1356=ORIENTED_EDGE('',*,*,#1970,.F.);
#1357=ORIENTED_EDGE('',*,*,#1848,.F.);
#1358=ORIENTED_EDGE('',*,*,#1983,.F.);
#1359=ORIENTED_EDGE('',*,*,#1997,.T.);
#1360=ORIENTED_EDGE('',*,*,#1971,.F.);
#1361=ORIENTED_EDGE('',*,*,#1997,.F.);
#1362=ORIENTED_EDGE('',*,*,#1982,.F.);
#1363=ORIENTED_EDGE('',*,*,#1998,.T.);
#1364=ORIENTED_EDGE('',*,*,#1972,.F.);
#1365=ORIENTED_EDGE('',*,*,#1998,.F.);
#1366=ORIENTED_EDGE('',*,*,#1981,.F.);
#1367=ORIENTED_EDGE('',*,*,#1846,.F.);
#1368=ORIENTED_EDGE('',*,*,#1973,.F.);
#1369=ORIENTED_EDGE('',*,*,#1999,.F.);
#1370=ORIENTED_EDGE('',*,*,#1978,.F.);
#1371=ORIENTED_EDGE('',*,*,#1840,.F.);
#1372=ORIENTED_EDGE('',*,*,#1964,.F.);
#1373=ORIENTED_EDGE('',*,*,#2000,.F.);
#1374=ORIENTED_EDGE('',*,*,#1979,.F.);
#1375=ORIENTED_EDGE('',*,*,#1999,.T.);
#1376=ORIENTED_EDGE('',*,*,#1963,.F.);
#1377=ORIENTED_EDGE('',*,*,#1844,.F.);
#1378=ORIENTED_EDGE('',*,*,#1980,.F.);
#1379=ORIENTED_EDGE('',*,*,#2000,.T.);
#1380=ORIENTED_EDGE('',*,*,#1974,.F.);
#1381=EDGE_CURVE('',#2001,#2002,#2411,.T.);
#1382=EDGE_CURVE('',#2001,#2003,#2412,.T.);
#1383=EDGE_CURVE('',#2003,#2004,#2413,.T.);
#1384=EDGE_CURVE('',#2002,#2004,#2414,.T.);
#1385=EDGE_CURVE('',#2005,#2006,#2415,.T.);
#1386=EDGE_CURVE('',#2005,#2007,#2416,.T.);
#1387=EDGE_CURVE('',#2007,#2008,#2417,.T.);
#1388=EDGE_CURVE('',#2006,#2008,#2418,.T.);
#1389=EDGE_CURVE('',#2009,#2010,#2419,.T.);
#1390=EDGE_CURVE('',#2011,#2009,#2420,.T.);
#1391=EDGE_CURVE('',#2012,#2011,#2421,.T.);
#1392=EDGE_CURVE('',#2012,#2010,#2422,.T.);
#1393=EDGE_CURVE('',#2013,#2009,#85,.T.);
#1394=EDGE_CURVE('',#2014,#2013,#2423,.T.);
#1395=EDGE_CURVE('',#2011,#2014,#86,.T.);
#1396=EDGE_CURVE('',#2015,#2013,#2424,.T.);
#1397=EDGE_CURVE('',#2015,#2016,#87,.F.);
#1398=EDGE_CURVE('',#2016,#2017,#88,.F.);
#1399=EDGE_CURVE('',#2014,#2017,#2425,.T.);
#1400=EDGE_CURVE('',#2018,#2016,#89,.F.);
#1401=EDGE_CURVE('',#2016,#2019,#90,.F.);
#1402=EDGE_CURVE('',#2018,#2019,#2426,.T.);
#1403=EDGE_CURVE('',#2020,#2021,#2427,.T.);
#1404=EDGE_CURVE('',#2022,#2020,#2428,.T.);
#1405=EDGE_CURVE('',#2023,#2022,#2429,.T.);
#1406=EDGE_CURVE('',#2023,#2018,#91,.F.);
#1407=EDGE_CURVE('',#2019,#2021,#92,.F.);
#1408=EDGE_CURVE('',#2020,#2024,#93,.T.);
#1409=EDGE_CURVE('',#2025,#2024,#2430,.T.);
#1410=EDGE_CURVE('',#2025,#2022,#94,.T.);
#1411=EDGE_CURVE('',#2026,#2024,#2431,.T.);
#1412=EDGE_CURVE('',#2027,#2026,#2432,.T.);
#1413=EDGE_CURVE('',#2025,#2027,#2433,.T.);
#1414=EDGE_CURVE('',#2028,#2026,#2434,.T.);
#1415=EDGE_CURVE('',#2029,#2028,#2435,.T.);
#1416=EDGE_CURVE('',#2027,#2029,#2436,.T.);
#1417=EDGE_CURVE('',#2030,#2031,#2437,.T.);
#1418=EDGE_CURVE('',#2032,#2030,#2438,.T.);
#1419=EDGE_CURVE('',#2033,#2032,#2439,.T.);
#1420=EDGE_CURVE('',#2033,#2031,#2440,.T.);
#1421=EDGE_CURVE('',#2034,#2030,#2441,.T.);
#1422=EDGE_CURVE('',#2035,#2034,#2442,.T.);
#1423=EDGE_CURVE('',#2032,#2035,#2443,.T.);
#1424=EDGE_CURVE('',#2034,#2036,#95,.T.);
#1425=EDGE_CURVE('',#2037,#2036,#2444,.T.);
#1426=EDGE_CURVE('',#2037,#2035,#96,.T.);
#1427=EDGE_CURVE('',#2038,#2036,#2445,.T.);
#1428=EDGE_CURVE('',#2038,#2039,#97,.F.);
#1429=EDGE_CURVE('',#2040,#2039,#2446,.T.);
#1430=EDGE_CURVE('',#2040,#2041,#98,.F.);
#1431=EDGE_CURVE('',#2037,#2041,#2447,.T.);
#1432=EDGE_CURVE('',#2039,#2042,#99,.F.);
#1433=EDGE_CURVE('',#2042,#2040,#100,.F.);
#1434=EDGE_CURVE('',#2043,#2044,#2448,.T.);
#1435=EDGE_CURVE('',#2045,#2043,#2449,.T.);
#1436=EDGE_CURVE('',#2046,#2045,#2450,.T.);
#1437=EDGE_CURVE('',#2046,#2042,#101,.F.);
#1438=EDGE_CURVE('',#2042,#2044,#102,.F.);
#1439=EDGE_CURVE('',#2047,#2043,#103,.T.);
#1440=EDGE_CURVE('',#2048,#2047,#2451,.T.);
#1441=EDGE_CURVE('',#2045,#2048,#104,.T.);
#1442=EDGE_CURVE('',#2049,#2047,#2452,.T.);
#1443=EDGE_CURVE('',#2050,#2049,#2453,.T.);
#1444=EDGE_CURVE('',#2048,#2050,#2454,.T.);
#1445=EDGE_CURVE('',#2051,#2052,#2455,.T.);
#1446=EDGE_CURVE('',#2051,#2053,#2456,.T.);
#1447=EDGE_CURVE('',#2053,#2054,#2457,.T.);
#1448=EDGE_CURVE('',#2055,#2054,#2458,.T.);
#1449=EDGE_CURVE('',#2056,#2055,#2459,.T.);
#1450=EDGE_CURVE('',#2052,#2056,#2460,.T.);
#1451=EDGE_CURVE('',#2057,#2058,#2461,.T.);
#1452=EDGE_CURVE('',#2057,#2059,#2462,.T.);
#1453=EDGE_CURVE('',#2060,#2059,#2463,.T.);
#1454=EDGE_CURVE('',#2061,#2060,#2464,.T.);
#1455=EDGE_CURVE('',#2062,#2061,#2465,.T.);
#1456=EDGE_CURVE('',#2063,#2062,#2466,.T.);
#1457=EDGE_CURVE('',#2050,#2063,#2467,.T.);
#1458=EDGE_CURVE('',#2064,#2049,#2468,.T.);
#1459=EDGE_CURVE('',#2065,#2064,#2469,.T.);
#1460=EDGE_CURVE('',#2065,#2066,#2470,.T.);
#1461=EDGE_CURVE('',#2067,#2066,#2471,.T.);
#1462=EDGE_CURVE('',#2068,#2067,#2472,.T.);
#1463=EDGE_CURVE('',#2068,#2058,#2473,.T.);
#1464=EDGE_CURVE('',#2069,#2070,#2474,.T.);
#1465=EDGE_CURVE('',#2069,#2071,#2475,.T.);
#1466=EDGE_CURVE('',#2071,#2072,#2476,.T.);
#1467=EDGE_CURVE('',#2072,#2073,#2477,.T.);
#1468=EDGE_CURVE('',#2073,#2074,#2478,.T.);
#1469=EDGE_CURVE('',#2070,#2074,#2479,.T.);
#1470=EDGE_CURVE('',#2075,#2076,#2480,.T.);
#1471=EDGE_CURVE('',#2075,#2077,#2481,.T.);
#1472=EDGE_CURVE('',#2078,#2077,#2482,.T.);
#1473=EDGE_CURVE('',#2078,#2079,#2483,.T.);
#1474=EDGE_CURVE('',#2080,#2079,#2484,.T.);
#1475=EDGE_CURVE('',#2080,#2081,#2485,.T.);
#1476=EDGE_CURVE('',#2081,#2082,#2486,.T.);
#1477=EDGE_CURVE('',#2083,#2082,#2487,.T.);
#1478=EDGE_CURVE('',#2010,#2083,#2488,.T.);
#1479=EDGE_CURVE('',#2084,#2012,#2489,.T.);
#1480=EDGE_CURVE('',#2085,#2084,#2490,.T.);
#1481=EDGE_CURVE('',#2086,#2085,#2491,.T.);
#1482=EDGE_CURVE('',#2086,#2076,#2492,.T.);
#1483=EDGE_CURVE('',#2082,#2065,#2493,.T.);
#1484=EDGE_CURVE('',#2087,#2081,#29,.T.);
#1485=EDGE_CURVE('',#2088,#2087,#2494,.T.);
#1486=EDGE_CURVE('',#2066,#2088,#30,.T.);
#1487=EDGE_CURVE('',#2085,#2089,#2495,.T.);
#1488=EDGE_CURVE('',#2089,#2090,#2496,.T.);
#1489=EDGE_CURVE('',#2090,#2091,#2497,.T.);
#1490=EDGE_CURVE('',#2086,#2091,#31,.T.);
#1491=EDGE_CURVE('',#2092,#2062,#2498,.T.);
#1492=EDGE_CURVE('',#2093,#2061,#32,.T.);
#1493=EDGE_CURVE('',#2093,#2094,#2499,.T.);
#1494=EDGE_CURVE('',#2094,#2092,#2500,.T.);
#1495=EDGE_CURVE('',#2029,#2084,#2501,.T.);
#1496=EDGE_CURVE('',#2028,#2083,#2502,.T.);
#1497=EDGE_CURVE('',#2064,#2031,#2503,.T.);
#1498=EDGE_CURVE('',#2063,#2033,#2504,.T.);
#1499=EDGE_CURVE('',#2092,#2095,#2505,.T.);
#1500=EDGE_CURVE('',#2096,#2095,#2506,.T.);
#1501=EDGE_CURVE('',#2089,#2096,#2507,.T.);
#1502=EDGE_CURVE('',#2097,#2096,#2508,.T.);
#1503=EDGE_CURVE('',#2090,#2097,#2509,.T.);
#1504=EDGE_CURVE('',#2095,#2098,#2510,.T.);
#1505=EDGE_CURVE('',#2094,#2098,#2511,.T.);
#1506=EDGE_CURVE('',#2099,#2100,#33,.T.);
#1507=EDGE_CURVE('',#2101,#2099,#2512,.T.);
#1508=EDGE_CURVE('',#2102,#2101,#34,.T.);
#1509=EDGE_CURVE('',#2103,#2102,#2513,.T.);
#1510=EDGE_CURVE('',#2104,#2103,#35,.T.);
#1511=EDGE_CURVE('',#2105,#2104,#2514,.T.);
#1512=EDGE_CURVE('',#2106,#2105,#36,.T.);
#1513=EDGE_CURVE('',#2100,#2106,#2515,.T.);
#1514=EDGE_CURVE('',#2107,#2108,#2516,.T.);
#1515=EDGE_CURVE('',#2108,#2109,#2517,.T.);
#1516=EDGE_CURVE('',#2109,#2080,#37,.T.);
#1517=EDGE_CURVE('',#2079,#2110,#2518,.T.);
#1518=EDGE_CURVE('',#2110,#2111,#2519,.T.);
#1519=EDGE_CURVE('',#2111,#2075,#2520,.T.);
#1520=EDGE_CURVE('',#2076,#2112,#38,.T.);
#1521=EDGE_CURVE('',#2113,#2112,#2521,.T.);
#1522=EDGE_CURVE('',#2113,#2114,#2522,.T.);
#1523=EDGE_CURVE('',#2114,#2115,#2523,.T.);
#1524=EDGE_CURVE('',#2115,#2116,#2524,.T.);
#1525=EDGE_CURVE('',#2117,#2116,#2525,.T.);
#1526=EDGE_CURVE('',#2117,#2060,#39,.T.);
#1527=EDGE_CURVE('',#2059,#2118,#2526,.T.);
#1528=EDGE_CURVE('',#2118,#2119,#2527,.T.);
#1529=EDGE_CURVE('',#2119,#2068,#2528,.T.);
#1530=EDGE_CURVE('',#2067,#2120,#40,.T.);
#1531=EDGE_CURVE('',#2120,#2121,#2529,.T.);
#1532=EDGE_CURVE('',#2121,#2122,#2530,.T.);
#1533=EDGE_CURVE('',#2122,#2107,#2531,.T.);
#1534=EDGE_CURVE('',#2120,#2088,#2532,.T.);
#1535=EDGE_CURVE('',#2123,#2124,#2533,.T.);
#1536=EDGE_CURVE('',#2123,#2125,#2534,.T.);
#1537=EDGE_CURVE('',#2125,#2126,#2535,.T.);
#1538=EDGE_CURVE('',#2004,#2126,#2536,.T.);
#1539=EDGE_CURVE('',#2124,#2003,#2537,.T.);
#1540=EDGE_CURVE('',#2127,#2128,#2538,.T.);
#1541=EDGE_CURVE('',#2127,#2129,#2539,.T.);
#1542=EDGE_CURVE('',#2129,#2130,#2540,.T.);
#1543=EDGE_CURVE('',#2008,#2130,#2541,.T.);
#1544=EDGE_CURVE('',#2128,#2007,#2542,.T.);
#1545=EDGE_CURVE('',#2131,#2132,#2543,.T.);
#1546=EDGE_CURVE('',#2131,#2121,#2544,.T.);
#1547=EDGE_CURVE('',#2109,#2087,#2545,.T.);
#1548=EDGE_CURVE('',#2108,#2132,#2546,.T.);
#1549=EDGE_CURVE('',#2091,#2112,#2547,.T.);
#1550=EDGE_CURVE('',#2093,#2117,#2548,.T.);
#1551=EDGE_CURVE('',#2133,#2134,#2549,.T.);
#1552=EDGE_CURVE('',#2133,#2135,#2550,.T.);
#1553=EDGE_CURVE('',#2135,#2136,#2551,.T.);
#1554=EDGE_CURVE('',#2134,#2136,#2552,.T.);
#1555=EDGE_CURVE('',#2137,#2138,#2553,.T.);
#1556=EDGE_CURVE('',#2137,#2139,#2554,.T.);
#1557=EDGE_CURVE('',#2139,#2140,#2555,.T.);
#1558=EDGE_CURVE('',#2138,#2140,#2556,.T.);
#1559=EDGE_CURVE('',#2141,#2142,#2557,.T.);
#1560=EDGE_CURVE('',#2141,#2113,#2558,.T.);
#1561=EDGE_CURVE('',#2098,#2097,#2559,.T.);
#1562=EDGE_CURVE('',#2116,#2142,#2560,.T.);
#1563=EDGE_CURVE('',#2046,#2041,#2561,.T.);
#1564=EDGE_CURVE('',#2023,#2017,#2562,.T.);
#1565=EDGE_CURVE('',#2044,#2038,#2563,.T.);
#1566=EDGE_CURVE('',#2021,#2015,#2564,.T.);
#1567=EDGE_CURVE('',#2143,#2114,#2565,.T.);
#1568=EDGE_CURVE('',#2143,#2144,#2566,.T.);
#1569=EDGE_CURVE('',#2144,#2115,#2567,.T.);
#1570=EDGE_CURVE('',#2141,#2143,#2568,.T.);
#1571=EDGE_CURVE('',#2144,#2142,#2569,.T.);
#1572=EDGE_CURVE('',#2145,#2122,#2570,.T.);
#1573=EDGE_CURVE('',#2145,#2146,#2571,.T.);
#1574=EDGE_CURVE('',#2146,#2107,#2572,.T.);
#1575=EDGE_CURVE('',#2131,#2145,#2573,.T.);
#1576=EDGE_CURVE('',#2146,#2132,#2574,.T.);
#1577=EDGE_CURVE('',#2147,#2110,#2575,.T.);
#1578=EDGE_CURVE('',#2147,#2148,#2576,.T.);
#1579=EDGE_CURVE('',#2148,#2111,#2577,.T.);
#1580=EDGE_CURVE('',#2078,#2147,#2578,.T.);
#1581=EDGE_CURVE('',#2148,#2077,#2579,.T.);
#1582=EDGE_CURVE('',#2057,#2149,#2580,.T.);
#1583=EDGE_CURVE('',#2149,#2118,#2581,.T.);
#1584=EDGE_CURVE('',#2150,#2119,#2582,.T.);
#1585=EDGE_CURVE('',#2150,#2058,#2583,.T.);
#1586=EDGE_CURVE('',#2149,#2150,#2584,.T.);
#1587=EDGE_CURVE('',#2151,#2100,#2585,.T.);
#1588=EDGE_CURVE('',#2152,#2151,#41,.T.);
#1589=EDGE_CURVE('',#2152,#2099,#2586,.T.);
#1590=EDGE_CURVE('',#2153,#2154,#2587,.T.);
#1591=EDGE_CURVE('',#2153,#2155,#2588,.T.);
#1592=EDGE_CURVE('',#2155,#2156,#2589,.T.);
#1593=EDGE_CURVE('',#2154,#2156,#2590,.T.);
#1594=EDGE_CURVE('',#2157,#2106,#2591,.T.);
#1595=EDGE_CURVE('',#2151,#2157,#2592,.T.);
#1596=EDGE_CURVE('',#2158,#2105,#2593,.T.);
#1597=EDGE_CURVE('',#2157,#2158,#42,.T.);
#1598=EDGE_CURVE('',#2159,#2160,#2594,.T.);
#1599=EDGE_CURVE('',#2159,#2161,#2595,.T.);
#1600=EDGE_CURVE('',#2162,#2161,#2596,.T.);
#1601=EDGE_CURVE('',#2162,#2163,#2597,.T.);
#1602=EDGE_CURVE('',#2163,#2164,#2598,.T.);
#1603=EDGE_CURVE('',#2165,#2164,#2599,.T.);
#1604=EDGE_CURVE('',#2166,#2165,#2600,.T.);
#1605=EDGE_CURVE('',#2160,#2166,#2601,.T.);
#1606=EDGE_CURVE('',#2167,#2168,#2602,.T.);
#1607=EDGE_CURVE('',#2167,#2169,#2603,.T.);
#1608=EDGE_CURVE('',#2170,#2169,#2604,.T.);
#1609=EDGE_CURVE('',#2170,#2171,#2605,.T.);
#1610=EDGE_CURVE('',#2171,#2172,#2606,.T.);
#1611=EDGE_CURVE('',#2173,#2172,#2607,.T.);
#1612=EDGE_CURVE('',#2174,#2173,#2608,.T.);
#1613=EDGE_CURVE('',#2168,#2174,#2609,.T.);
#1614=EDGE_CURVE('',#2175,#2104,#2610,.T.);
#1615=EDGE_CURVE('',#2158,#2175,#2611,.T.);
#1616=EDGE_CURVE('',#2176,#2103,#2612,.T.);
#1617=EDGE_CURVE('',#2175,#2176,#43,.T.);
#1618=EDGE_CURVE('',#2177,#2178,#2613,.T.);
#1619=EDGE_CURVE('',#2177,#2179,#2614,.T.);
#1620=EDGE_CURVE('',#2179,#2180,#2615,.T.);
#1621=EDGE_CURVE('',#2178,#2180,#2616,.T.);
#1622=EDGE_CURVE('',#2181,#2102,#2617,.T.);
#1623=EDGE_CURVE('',#2176,#2181,#2618,.T.);
#1624=EDGE_CURVE('',#2182,#2101,#2619,.T.);
#1625=EDGE_CURVE('',#2181,#2182,#44,.T.);
#1626=EDGE_CURVE('',#2183,#2184,#2620,.T.);
#1627=EDGE_CURVE('',#2184,#2185,#2621,.T.);
#1628=EDGE_CURVE('',#2186,#2185,#2622,.T.);
#1629=EDGE_CURVE('',#2001,#2186,#2623,.T.);
#1630=EDGE_CURVE('',#2187,#2002,#2624,.T.);
#1631=EDGE_CURVE('',#2188,#2187,#2625,.T.);
#1632=EDGE_CURVE('',#2188,#2183,#2626,.T.);
#1633=EDGE_CURVE('',#2189,#2190,#2627,.T.);
#1634=EDGE_CURVE('',#2190,#2191,#2628,.T.);
#1635=EDGE_CURVE('',#2192,#2191,#2629,.T.);
#1636=EDGE_CURVE('',#2005,#2192,#2630,.T.);
#1637=EDGE_CURVE('',#2193,#2006,#2631,.T.);
#1638=EDGE_CURVE('',#2194,#2193,#2632,.T.);
#1639=EDGE_CURVE('',#2194,#2189,#2633,.T.);
#1640=EDGE_CURVE('',#2182,#2152,#2634,.T.);
#1641=EDGE_CURVE('',#2130,#2193,#2635,.T.);
#1642=EDGE_CURVE('',#2129,#2194,#2636,.T.);
#1643=EDGE_CURVE('',#2190,#2128,#2637,.T.);
#1644=EDGE_CURVE('',#2189,#2127,#2638,.T.);
#1645=EDGE_CURVE('',#2126,#2187,#2639,.T.);
#1646=EDGE_CURVE('',#2125,#2188,#2640,.T.);
#1647=EDGE_CURVE('',#2184,#2124,#2641,.T.);
#1648=EDGE_CURVE('',#2183,#2123,#2642,.T.);
#1649=EDGE_CURVE('',#2172,#2138,#2643,.T.);
#1650=EDGE_CURVE('',#2171,#2137,#2644,.T.);
#1651=EDGE_CURVE('',#2195,#2169,#2645,.T.);
#1652=EDGE_CURVE('',#2195,#2196,#2646,.T.);
#1653=EDGE_CURVE('',#2196,#2174,#2647,.T.);
#1654=EDGE_CURVE('',#2140,#2173,#2648,.T.);
#1655=EDGE_CURVE('',#2139,#2170,#2649,.T.);
#1656=EDGE_CURVE('',#2164,#2134,#2650,.T.);
#1657=EDGE_CURVE('',#2163,#2133,#2651,.T.);
#1658=EDGE_CURVE('',#2197,#2161,#2652,.T.);
#1659=EDGE_CURVE('',#2197,#2198,#2653,.T.);
#1660=EDGE_CURVE('',#2198,#2166,#2654,.T.);
#1661=EDGE_CURVE('',#2136,#2165,#2655,.T.);
#1662=EDGE_CURVE('',#2135,#2162,#2656,.T.);
#1663=EDGE_CURVE('',#2199,#2192,#2657,.T.);
#1664=EDGE_CURVE('',#2200,#2191,#2658,.T.);
#1665=EDGE_CURVE('',#2200,#2199,#2659,.T.);
#1666=EDGE_CURVE('',#2128,#2201,#2660,.T.);
#1667=EDGE_CURVE('',#2201,#2202,#2661,.T.);
#1668=EDGE_CURVE('',#2203,#2202,#45,.T.);
#1669=EDGE_CURVE('',#2203,#2204,#2662,.T.);
#1670=EDGE_CURVE('',#2204,#2205,#2663,.T.);
#1671=EDGE_CURVE('',#2205,#2206,#2664,.T.);
#1672=EDGE_CURVE('',#2206,#2207,#46,.T.);
#1673=EDGE_CURVE('',#2207,#2200,#2665,.T.);
#1674=EDGE_CURVE('',#2208,#2199,#2666,.T.);
#1675=EDGE_CURVE('',#2209,#2208,#47,.T.);
#1676=EDGE_CURVE('',#2210,#2209,#2667,.T.);
#1677=EDGE_CURVE('',#2211,#2210,#2668,.T.);
#1678=EDGE_CURVE('',#2212,#2211,#2669,.T.);
#1679=EDGE_CURVE('',#2212,#2213,#48,.T.);
#1680=EDGE_CURVE('',#2214,#2213,#2670,.T.);
#1681=EDGE_CURVE('',#2007,#2214,#2671,.T.);
#1682=EDGE_CURVE('',#2205,#2210,#2672,.T.);
#1683=EDGE_CURVE('',#2204,#2211,#2673,.T.);
#1684=EDGE_CURVE('',#2206,#2209,#2674,.T.);
#1685=EDGE_CURVE('',#2207,#2208,#2675,.T.);
#1686=EDGE_CURVE('',#2201,#2214,#2676,.T.);
#1687=EDGE_CURVE('',#2202,#2213,#2677,.T.);
#1688=EDGE_CURVE('',#2203,#2212,#2678,.T.);
#1689=EDGE_CURVE('',#2215,#2186,#2679,.T.);
#1690=EDGE_CURVE('',#2216,#2185,#2680,.T.);
#1691=EDGE_CURVE('',#2216,#2215,#2681,.T.);
#1692=EDGE_CURVE('',#2124,#2217,#2682,.T.);
#1693=EDGE_CURVE('',#2217,#2218,#2683,.T.);
#1694=EDGE_CURVE('',#2219,#2218,#49,.T.);
#1695=EDGE_CURVE('',#2219,#2220,#2684,.T.);
#1696=EDGE_CURVE('',#2220,#2221,#2685,.T.);
#1697=EDGE_CURVE('',#2221,#2222,#2686,.T.);
#1698=EDGE_CURVE('',#2222,#2223,#50,.T.);
#1699=EDGE_CURVE('',#2223,#2216,#2687,.T.);
#1700=EDGE_CURVE('',#2224,#2215,#2688,.T.);
#1701=EDGE_CURVE('',#2225,#2224,#51,.T.);
#1702=EDGE_CURVE('',#2226,#2225,#2689,.T.);
#1703=EDGE_CURVE('',#2227,#2226,#2690,.T.);
#1704=EDGE_CURVE('',#2228,#2227,#2691,.T.);
#1705=EDGE_CURVE('',#2228,#2229,#52,.T.);
#1706=EDGE_CURVE('',#2230,#2229,#2692,.T.);
#1707=EDGE_CURVE('',#2003,#2230,#2693,.T.);
#1708=EDGE_CURVE('',#2221,#2226,#2694,.T.);
#1709=EDGE_CURVE('',#2220,#2227,#2695,.T.);
#1710=EDGE_CURVE('',#2222,#2225,#2696,.T.);
#1711=EDGE_CURVE('',#2223,#2224,#2697,.T.);
#1712=EDGE_CURVE('',#2217,#2230,#2698,.T.);
#1713=EDGE_CURVE('',#2218,#2229,#2699,.T.);
#1714=EDGE_CURVE('',#2219,#2228,#2700,.T.);
#1715=EDGE_CURVE('',#2167,#2231,#2701,.T.);
#1716=EDGE_CURVE('',#2168,#2232,#2702,.T.);
#1717=EDGE_CURVE('',#2231,#2232,#2703,.T.);
#1718=EDGE_CURVE('',#2231,#2233,#2704,.T.);
#1719=EDGE_CURVE('',#2233,#2234,#53,.T.);
#1720=EDGE_CURVE('',#2234,#2235,#2705,.T.);
#1721=EDGE_CURVE('',#2235,#2236,#2706,.T.);
#1722=EDGE_CURVE('',#2236,#2237,#2707,.T.);
#1723=EDGE_CURVE('',#2238,#2237,#54,.T.);
#1724=EDGE_CURVE('',#2238,#2239,#2708,.T.);
#1725=EDGE_CURVE('',#2239,#2195,#2709,.T.);
#1726=EDGE_CURVE('',#2240,#2196,#2710,.T.);
#1727=EDGE_CURVE('',#2241,#2240,#2711,.T.);
#1728=EDGE_CURVE('',#2241,#2242,#55,.T.);
#1729=EDGE_CURVE('',#2243,#2242,#2712,.T.);
#1730=EDGE_CURVE('',#2244,#2243,#2713,.T.);
#1731=EDGE_CURVE('',#2245,#2244,#2714,.T.);
#1732=EDGE_CURVE('',#2246,#2245,#56,.T.);
#1733=EDGE_CURVE('',#2232,#2246,#2715,.T.);
#1734=EDGE_CURVE('',#2235,#2244,#2716,.T.);
#1735=EDGE_CURVE('',#2234,#2245,#2717,.T.);
#1736=EDGE_CURVE('',#2236,#2243,#2718,.T.);
#1737=EDGE_CURVE('',#2237,#2242,#2719,.T.);
#1738=EDGE_CURVE('',#2238,#2241,#2720,.T.);
#1739=EDGE_CURVE('',#2239,#2240,#2721,.T.);
#1740=EDGE_CURVE('',#2233,#2246,#2722,.T.);
#1741=EDGE_CURVE('',#2159,#2247,#2723,.T.);
#1742=EDGE_CURVE('',#2160,#2248,#2724,.T.);
#1743=EDGE_CURVE('',#2247,#2248,#2725,.T.);
#1744=EDGE_CURVE('',#2247,#2249,#2726,.T.);
#1745=EDGE_CURVE('',#2249,#2250,#57,.T.);
#1746=EDGE_CURVE('',#2250,#2251,#2727,.T.);
#1747=EDGE_CURVE('',#2251,#2252,#2728,.T.);
#1748=EDGE_CURVE('',#2252,#2253,#2729,.T.);
#1749=EDGE_CURVE('',#2254,#2253,#58,.T.);
#1750=EDGE_CURVE('',#2254,#2255,#2730,.T.);
#1751=EDGE_CURVE('',#2255,#2197,#2731,.T.);
#1752=EDGE_CURVE('',#2256,#2198,#2732,.T.);
#1753=EDGE_CURVE('',#2257,#2256,#2733,.T.);
#1754=EDGE_CURVE('',#2257,#2258,#59,.T.);
#1755=EDGE_CURVE('',#2259,#2258,#2734,.T.);
#1756=EDGE_CURVE('',#2260,#2259,#2735,.T.);
#1757=EDGE_CURVE('',#2261,#2260,#2736,.T.);
#1758=EDGE_CURVE('',#2262,#2261,#60,.T.);
#1759=EDGE_CURVE('',#2248,#2262,#2737,.T.);
#1760=EDGE_CURVE('',#2251,#2260,#2738,.T.);
#1761=EDGE_CURVE('',#2250,#2261,#2739,.T.);
#1762=EDGE_CURVE('',#2252,#2259,#2740,.T.);
#1763=EDGE_CURVE('',#2253,#2258,#2741,.T.);
#1764=EDGE_CURVE('',#2254,#2257,#2742,.T.);
#1765=EDGE_CURVE('',#2255,#2256,#2743,.T.);
#1766=EDGE_CURVE('',#2249,#2262,#2744,.T.);
#1767=EDGE_CURVE('',#2156,#2070,#2745,.T.);
#1768=EDGE_CURVE('',#2155,#2069,#2746,.T.);
#1769=EDGE_CURVE('',#2072,#2263,#2747,.T.);
#1770=EDGE_CURVE('',#2071,#2153,#2748,.T.);
#1771=EDGE_CURVE('',#2074,#2154,#2749,.T.);
#1772=EDGE_CURVE('',#2073,#2264,#2750,.T.);
#1773=EDGE_CURVE('',#2264,#2263,#2751,.T.);
#1774=EDGE_CURVE('',#2054,#2178,#2752,.T.);
#1775=EDGE_CURVE('',#2053,#2177,#2753,.T.);
#1776=EDGE_CURVE('',#2265,#2052,#2754,.T.);
#1777=EDGE_CURVE('',#2265,#2266,#2755,.T.);
#1778=EDGE_CURVE('',#2266,#2056,#2756,.T.);
#1779=EDGE_CURVE('',#2180,#2055,#2757,.T.);
#1780=EDGE_CURVE('',#2179,#2051,#2758,.T.);
#1781=EDGE_CURVE('',#2267,#2073,#2759,.T.);
#1782=EDGE_CURVE('',#2268,#2072,#2760,.T.);
#1783=EDGE_CURVE('',#2268,#2267,#2761,.T.);
#1784=EDGE_CURVE('',#2264,#2269,#2762,.T.);
#1785=EDGE_CURVE('',#2270,#2269,#2763,.T.);
#1786=EDGE_CURVE('',#2263,#2270,#2764,.T.);
#1787=EDGE_CURVE('',#2269,#2271,#61,.T.);
#1788=EDGE_CURVE('',#2272,#2271,#2765,.T.);
#1789=EDGE_CURVE('',#2270,#2272,#62,.T.);
#1790=EDGE_CURVE('',#2271,#2273,#2766,.T.);
#1791=EDGE_CURVE('',#2274,#2273,#2767,.T.);
#1792=EDGE_CURVE('',#2272,#2274,#2768,.T.);
#1793=EDGE_CURVE('',#2273,#2275,#2769,.T.);
#1794=EDGE_CURVE('',#2276,#2275,#2770,.T.);
#1795=EDGE_CURVE('',#2274,#2276,#2771,.T.);
#1796=EDGE_CURVE('',#2275,#2277,#2772,.T.);
#1797=EDGE_CURVE('',#2278,#2277,#2773,.T.);
#1798=EDGE_CURVE('',#2276,#2278,#2774,.T.);
#1799=EDGE_CURVE('',#2267,#2277,#63,.T.);
#1800=EDGE_CURVE('',#2268,#2278,#64,.T.);
#1801=EDGE_CURVE('',#2279,#2280,#2775,.T.);
#1802=EDGE_CURVE('',#2281,#2280,#2776,.T.);
#1803=EDGE_CURVE('',#2282,#2281,#2777,.T.);
#1804=EDGE_CURVE('',#2282,#2279,#2778,.T.);
#1805=EDGE_CURVE('',#2280,#2283,#65,.T.);
#1806=EDGE_CURVE('',#2284,#2283,#2779,.T.);
#1807=EDGE_CURVE('',#2281,#2284,#66,.T.);
#1808=EDGE_CURVE('',#2284,#2265,#2780,.T.);
#1809=EDGE_CURVE('',#2283,#2266,#2781,.T.);
#1810=EDGE_CURVE('',#2056,#2285,#2782,.T.);
#1811=EDGE_CURVE('',#2286,#2285,#2783,.T.);
#1812=EDGE_CURVE('',#2052,#2286,#2784,.T.);
#1813=EDGE_CURVE('',#2287,#2285,#67,.T.);
#1814=EDGE_CURVE('',#2288,#2287,#2785,.T.);
#1815=EDGE_CURVE('',#2288,#2286,#68,.T.);
#1816=EDGE_CURVE('',#2287,#2289,#2786,.T.);
#1817=EDGE_CURVE('',#2290,#2289,#2787,.T.);
#1818=EDGE_CURVE('',#2288,#2290,#2788,.T.);
#1819=EDGE_CURVE('',#2289,#2279,#2789,.T.);
#1820=EDGE_CURVE('',#2290,#2282,#2790,.T.);
#1821=EDGE_CURVE('',#2291,#2292,#2791,.T.);
#1822=EDGE_CURVE('',#2293,#2292,#2792,.T.);
#1823=EDGE_CURVE('',#2294,#2293,#2793,.T.);
#1824=EDGE_CURVE('',#2294,#2291,#2794,.T.);
#1825=EDGE_CURVE('',#2292,#2295,#2795,.T.);
#1826=EDGE_CURVE('',#2296,#2295,#2796,.T.);
#1827=EDGE_CURVE('',#2293,#2296,#2797,.T.);
#1828=EDGE_CURVE('',#2295,#2297,#2798,.T.);
#1829=EDGE_CURVE('',#2298,#2297,#2799,.T.);
#1830=EDGE_CURVE('',#2296,#2298,#2800,.T.);
#1831=EDGE_CURVE('',#2297,#2299,#2801,.T.);
#1832=EDGE_CURVE('',#2300,#2299,#2802,.T.);
#1833=EDGE_CURVE('',#2298,#2300,#2803,.T.);
#1834=EDGE_CURVE('',#2299,#2301,#2804,.T.);
#1835=EDGE_CURVE('',#2302,#2301,#2805,.T.);
#1836=EDGE_CURVE('',#2300,#2302,#2806,.T.);
#1837=EDGE_CURVE('',#2301,#2291,#2807,.T.);
#1838=EDGE_CURVE('',#2302,#2294,#2808,.T.);
#1839=EDGE_CURVE('',#2303,#2304,#2809,.T.);
#1840=EDGE_CURVE('',#2304,#2305,#2810,.T.);
#1841=EDGE_CURVE('',#2306,#2305,#2811,.T.);
#1842=EDGE_CURVE('',#2303,#2306,#2812,.T.);
#1843=EDGE_CURVE('',#2307,#2308,#2813,.T.);
#1844=EDGE_CURVE('',#2307,#2309,#2814,.T.);
#1845=EDGE_CURVE('',#2309,#2310,#2815,.T.);
#1846=EDGE_CURVE('',#2310,#2308,#2816,.T.);
#1847=EDGE_CURVE('',#2311,#2312,#2817,.T.);
#1848=EDGE_CURVE('',#2311,#2313,#2818,.T.);
#1849=EDGE_CURVE('',#2313,#2314,#2819,.T.);
#1850=EDGE_CURVE('',#2314,#2312,#2820,.T.);
#1851=EDGE_CURVE('',#2315,#2316,#2821,.T.);
#1852=EDGE_CURVE('',#2317,#2315,#2822,.T.);
#1853=EDGE_CURVE('',#2318,#2317,#2823,.T.);
#1854=EDGE_CURVE('',#2318,#2316,#2824,.T.);
#1855=EDGE_CURVE('',#2319,#2320,#2825,.T.);
#1856=EDGE_CURVE('',#2319,#2321,#2826,.T.);
#1857=EDGE_CURVE('',#2322,#2321,#2827,.T.);
#1858=EDGE_CURVE('',#2320,#2322,#2828,.T.);
#1859=EDGE_CURVE('',#2323,#2324,#2829,.T.);
#1860=EDGE_CURVE('',#2323,#2325,#2830,.T.);
#1861=EDGE_CURVE('',#2326,#2325,#2831,.T.);
#1862=EDGE_CURVE('',#2324,#2326,#2832,.T.);
#1863=EDGE_CURVE('',#2327,#2328,#2833,.T.);
#1864=EDGE_CURVE('',#2327,#2329,#2834,.T.);
#1865=EDGE_CURVE('',#2329,#2330,#2835,.T.);
#1866=EDGE_CURVE('',#2328,#2330,#2836,.T.);
#1867=EDGE_CURVE('',#2331,#2315,#2837,.T.);
#1868=EDGE_CURVE('',#2332,#2331,#2838,.T.);
#1869=EDGE_CURVE('',#2317,#2332,#2839,.T.);
#1870=EDGE_CURVE('',#2320,#2333,#2840,.T.);
#1871=EDGE_CURVE('',#2334,#2322,#2841,.T.);
#1872=EDGE_CURVE('',#2333,#2334,#2842,.T.);
#1873=EDGE_CURVE('',#2324,#2335,#2843,.T.);
#1874=EDGE_CURVE('',#2336,#2326,#2844,.T.);
#1875=EDGE_CURVE('',#2335,#2336,#2845,.T.);
#1876=EDGE_CURVE('',#2328,#2337,#2846,.T.);
#1877=EDGE_CURVE('',#2330,#2338,#2847,.T.);
#1878=EDGE_CURVE('',#2337,#2338,#2848,.T.);
#1879=EDGE_CURVE('',#2339,#2331,#69,.T.);
#1880=EDGE_CURVE('',#2340,#2339,#2849,.T.);
#1881=EDGE_CURVE('',#2332,#2340,#70,.T.);
#1882=EDGE_CURVE('',#2333,#2341,#71,.T.);
#1883=EDGE_CURVE('',#2342,#2334,#72,.T.);
#1884=EDGE_CURVE('',#2341,#2342,#2850,.T.);
#1885=EDGE_CURVE('',#2335,#2343,#73,.T.);
#1886=EDGE_CURVE('',#2344,#2336,#74,.T.);
#1887=EDGE_CURVE('',#2343,#2344,#2851,.T.);
#1888=EDGE_CURVE('',#2337,#2345,#75,.T.);
#1889=EDGE_CURVE('',#2338,#2346,#76,.T.);
#1890=EDGE_CURVE('',#2345,#2346,#2852,.T.);
#1891=EDGE_CURVE('',#2347,#2339,#2853,.T.);
#1892=EDGE_CURVE('',#2348,#2347,#2854,.T.);
#1893=EDGE_CURVE('',#2340,#2348,#2855,.T.);
#1894=EDGE_CURVE('',#2341,#2349,#2856,.T.);
#1895=EDGE_CURVE('',#2350,#2342,#2857,.T.);
#1896=EDGE_CURVE('',#2349,#2350,#2858,.T.);
#1897=EDGE_CURVE('',#2343,#2351,#2859,.T.);
#1898=EDGE_CURVE('',#2352,#2344,#2860,.T.);
#1899=EDGE_CURVE('',#2351,#2352,#2861,.T.);
#1900=EDGE_CURVE('',#2345,#2353,#2862,.T.);
#1901=EDGE_CURVE('',#2346,#2354,#2863,.T.);
#1902=EDGE_CURVE('',#2353,#2354,#2864,.T.);
#1903=EDGE_CURVE('',#2355,#2347,#2865,.T.);
#1904=EDGE_CURVE('',#2356,#2355,#2866,.T.);
#1905=EDGE_CURVE('',#2349,#2356,#2867,.T.);
#1906=EDGE_CURVE('',#2357,#2350,#2868,.T.);
#1907=EDGE_CURVE('',#2358,#2357,#2869,.T.);
#1908=EDGE_CURVE('',#2351,#2358,#2870,.T.);
#1909=EDGE_CURVE('',#2359,#2352,#2871,.T.);
#1910=EDGE_CURVE('',#2360,#2359,#2872,.T.);
#1911=EDGE_CURVE('',#2353,#2360,#2873,.T.);
#1912=EDGE_CURVE('',#2354,#2361,#2874,.T.);
#1913=EDGE_CURVE('',#2362,#2361,#2875,.T.);
#1914=EDGE_CURVE('',#2348,#2362,#2876,.T.);
#1915=EDGE_CURVE('',#2363,#2364,#2877,.T.);
#1916=EDGE_CURVE('',#2365,#2363,#2878,.T.);
#1917=EDGE_CURVE('',#2366,#2365,#2879,.T.);
#1918=EDGE_CURVE('',#2366,#2367,#2880,.T.);
#1919=EDGE_CURVE('',#2367,#2368,#2881,.T.);
#1920=EDGE_CURVE('',#2369,#2368,#2882,.T.);
#1921=EDGE_CURVE('',#2370,#2369,#2883,.T.);
#1922=EDGE_CURVE('',#2371,#2370,#2884,.T.);
#1923=EDGE_CURVE('',#2372,#2371,#2885,.T.);
#1924=EDGE_CURVE('',#2373,#2372,#2886,.T.);
#1925=EDGE_CURVE('',#2374,#2373,#2887,.T.);
#1926=EDGE_CURVE('',#2375,#2374,#2888,.T.);
#1927=EDGE_CURVE('',#2376,#2375,#2889,.T.);
#1928=EDGE_CURVE('',#2377,#2376,#2890,.T.);
#1929=EDGE_CURVE('',#2378,#2377,#2891,.T.);
#1930=EDGE_CURVE('',#2364,#2378,#2892,.T.);
#1931=EDGE_CURVE('',#2379,#2363,#2893,.T.);
#1932=EDGE_CURVE('',#2380,#2379,#2894,.T.);
#1933=EDGE_CURVE('',#2365,#2380,#2895,.T.);
#1934=EDGE_CURVE('',#2377,#2381,#2896,.T.);
#1935=EDGE_CURVE('',#2382,#2376,#2897,.T.);
#1936=EDGE_CURVE('',#2381,#2382,#2898,.T.);
#1937=EDGE_CURVE('',#2373,#2383,#2899,.T.);
#1938=EDGE_CURVE('',#2384,#2372,#2900,.T.);
#1939=EDGE_CURVE('',#2383,#2384,#2901,.T.);
#1940=EDGE_CURVE('',#2369,#2385,#2902,.T.);
#1941=EDGE_CURVE('',#2368,#2386,#2903,.T.);
#1942=EDGE_CURVE('',#2385,#2386,#2904,.T.);
#1943=EDGE_CURVE('',#2379,#2387,#77,.T.);
#1944=EDGE_CURVE('',#2388,#2387,#2905,.T.);
#1945=EDGE_CURVE('',#2388,#2380,#78,.T.);
#1946=EDGE_CURVE('',#2389,#2390,#2906,.T.);
#1947=EDGE_CURVE('',#2389,#2381,#79,.T.);
#1948=EDGE_CURVE('',#2382,#2390,#80,.T.);
#1949=EDGE_CURVE('',#2391,#2392,#2907,.T.);
#1950=EDGE_CURVE('',#2391,#2383,#81,.T.);
#1951=EDGE_CURVE('',#2384,#2392,#82,.T.);
#1952=EDGE_CURVE('',#2393,#2394,#2908,.T.);
#1953=EDGE_CURVE('',#2393,#2385,#83,.T.);
#1954=EDGE_CURVE('',#2394,#2386,#84,.T.);
#1955=EDGE_CURVE('',#2316,#2387,#2909,.T.);
#1956=EDGE_CURVE('',#2388,#2318,#2910,.T.);
#1957=EDGE_CURVE('',#2389,#2319,#2911,.T.);
#1958=EDGE_CURVE('',#2321,#2390,#2912,.T.);
#1959=EDGE_CURVE('',#2391,#2323,#2913,.T.);
#1960=EDGE_CURVE('',#2325,#2392,#2914,.T.);
#1961=EDGE_CURVE('',#2393,#2327,#2915,.T.);
#1962=EDGE_CURVE('',#2394,#2329,#2916,.T.);
#1963=EDGE_CURVE('',#2395,#2396,#2917,.T.);
#1964=EDGE_CURVE('',#2396,#2304,#2918,.T.);
#1965=EDGE_CURVE('',#2362,#2303,#2919,.T.);
#1966=EDGE_CURVE('',#2361,#2397,#2920,.T.);
#1967=EDGE_CURVE('',#2398,#2397,#2921,.T.);
#1968=EDGE_CURVE('',#2398,#2399,#2922,.T.);
#1969=EDGE_CURVE('',#2399,#2400,#2923,.T.);
#1970=EDGE_CURVE('',#2400,#2314,#2924,.T.);
#1971=EDGE_CURVE('',#2313,#2401,#2925,.T.);
#1972=EDGE_CURVE('',#2401,#2402,#2926,.T.);
#1973=EDGE_CURVE('',#2402,#2310,#2927,.T.);
#1974=EDGE_CURVE('',#2309,#2395,#2928,.T.);
#1975=EDGE_CURVE('',#2403,#2404,#2929,.T.);
#1976=EDGE_CURVE('',#2403,#2398,#2930,.T.);
#1977=EDGE_CURVE('',#2397,#2404,#2931,.T.);
#1978=EDGE_CURVE('',#2305,#2405,#2932,.T.);
#1979=EDGE_CURVE('',#2405,#2406,#2933,.T.);
#1980=EDGE_CURVE('',#2406,#2307,#2934,.T.);
#1981=EDGE_CURVE('',#2308,#2407,#2935,.T.);
#1982=EDGE_CURVE('',#2407,#2408,#2936,.T.);
#1983=EDGE_CURVE('',#2408,#2311,#2937,.T.);
#1984=EDGE_CURVE('',#2312,#2409,#2938,.T.);
#1985=EDGE_CURVE('',#2409,#2410,#2939,.T.);
#1986=EDGE_CURVE('',#2410,#2403,#2940,.T.);
#1987=EDGE_CURVE('',#2404,#2367,#2941,.T.);
#1988=EDGE_CURVE('',#2306,#2366,#2942,.T.);
#1989=EDGE_CURVE('',#2371,#2359,#2943,.T.);
#1990=EDGE_CURVE('',#2370,#2360,#2944,.T.);
#1991=EDGE_CURVE('',#2375,#2357,#2945,.T.);
#1992=EDGE_CURVE('',#2374,#2358,#2946,.T.);
#1993=EDGE_CURVE('',#2364,#2355,#2947,.T.);
#1994=EDGE_CURVE('',#2378,#2356,#2948,.T.);
#1995=EDGE_CURVE('',#2410,#2399,#2949,.T.);
#1996=EDGE_CURVE('',#2409,#2400,#2950,.T.);
#1997=EDGE_CURVE('',#2408,#2401,#2951,.T.);
#1998=EDGE_CURVE('',#2407,#2402,#2952,.T.);
#1999=EDGE_CURVE('',#2405,#2396,#2953,.T.);
#2000=EDGE_CURVE('',#2406,#2395,#2954,.T.);
#2001=VERTEX_POINT('',#5832);
#2002=VERTEX_POINT('',#5833);
#2003=VERTEX_POINT('',#5835);
#2004=VERTEX_POINT('',#5837);
#2005=VERTEX_POINT('',#5841);
#2006=VERTEX_POINT('',#5842);
#2007=VERTEX_POINT('',#5844);
#2008=VERTEX_POINT('',#5846);
#2009=VERTEX_POINT('',#5850);
#2010=VERTEX_POINT('',#5851);
#2011=VERTEX_POINT('',#5853);
#2012=VERTEX_POINT('',#5855);
#2013=VERTEX_POINT('',#5859);
#2014=VERTEX_POINT('',#5861);
#2015=VERTEX_POINT('',#5865);
#2016=VERTEX_POINT('',#5867);
#2017=VERTEX_POINT('',#5869);
#2018=VERTEX_POINT('',#5873);
#2019=VERTEX_POINT('',#5875);
#2020=VERTEX_POINT('',#5879);
#2021=VERTEX_POINT('',#5880);
#2022=VERTEX_POINT('',#5882);
#2023=VERTEX_POINT('',#5884);
#2024=VERTEX_POINT('',#5889);
#2025=VERTEX_POINT('',#5891);
#2026=VERTEX_POINT('',#5895);
#2027=VERTEX_POINT('',#5897);
#2028=VERTEX_POINT('',#5901);
#2029=VERTEX_POINT('',#5903);
#2030=VERTEX_POINT('',#5907);
#2031=VERTEX_POINT('',#5908);
#2032=VERTEX_POINT('',#5910);
#2033=VERTEX_POINT('',#5912);
#2034=VERTEX_POINT('',#5916);
#2035=VERTEX_POINT('',#5918);
#2036=VERTEX_POINT('',#5922);
#2037=VERTEX_POINT('',#5924);
#2038=VERTEX_POINT('',#5928);
#2039=VERTEX_POINT('',#5930);
#2040=VERTEX_POINT('',#5932);
#2041=VERTEX_POINT('',#5934);
#2042=VERTEX_POINT('',#5938);
#2043=VERTEX_POINT('',#5942);
#2044=VERTEX_POINT('',#5943);
#2045=VERTEX_POINT('',#5945);
#2046=VERTEX_POINT('',#5947);
#2047=VERTEX_POINT('',#5952);
#2048=VERTEX_POINT('',#5954);
#2049=VERTEX_POINT('',#5958);
#2050=VERTEX_POINT('',#5960);
#2051=VERTEX_POINT('',#5964);
#2052=VERTEX_POINT('',#5965);
#2053=VERTEX_POINT('',#5967);
#2054=VERTEX_POINT('',#5969);
#2055=VERTEX_POINT('',#5971);
#2056=VERTEX_POINT('',#5973);
#2057=VERTEX_POINT('',#5976);
#2058=VERTEX_POINT('',#5977);
#2059=VERTEX_POINT('',#5979);
#2060=VERTEX_POINT('',#5981);
#2061=VERTEX_POINT('',#5983);
#2062=VERTEX_POINT('',#5985);
#2063=VERTEX_POINT('',#5987);
#2064=VERTEX_POINT('',#5990);
#2065=VERTEX_POINT('',#5992);
#2066=VERTEX_POINT('',#5994);
#2067=VERTEX_POINT('',#5996);
#2068=VERTEX_POINT('',#5998);
#2069=VERTEX_POINT('',#6002);
#2070=VERTEX_POINT('',#6003);
#2071=VERTEX_POINT('',#6005);
#2072=VERTEX_POINT('',#6007);
#2073=VERTEX_POINT('',#6009);
#2074=VERTEX_POINT('',#6011);
#2075=VERTEX_POINT('',#6014);
#2076=VERTEX_POINT('',#6015);
#2077=VERTEX_POINT('',#6017);
#2078=VERTEX_POINT('',#6019);
#2079=VERTEX_POINT('',#6021);
#2080=VERTEX_POINT('',#6023);
#2081=VERTEX_POINT('',#6025);
#2082=VERTEX_POINT('',#6027);
#2083=VERTEX_POINT('',#6029);
#2084=VERTEX_POINT('',#6032);
#2085=VERTEX_POINT('',#6034);
#2086=VERTEX_POINT('',#6036);
#2087=VERTEX_POINT('',#6041);
#2088=VERTEX_POINT('',#6043);
#2089=VERTEX_POINT('',#6047);
#2090=VERTEX_POINT('',#6049);
#2091=VERTEX_POINT('',#6051);
#2092=VERTEX_POINT('',#6055);
#2093=VERTEX_POINT('',#6057);
#2094=VERTEX_POINT('',#6059);
#2095=VERTEX_POINT('',#6067);
#2096=VERTEX_POINT('',#6069);
#2097=VERTEX_POINT('',#6073);
#2098=VERTEX_POINT('',#6077);
#2099=VERTEX_POINT('',#6081);
#2100=VERTEX_POINT('',#6082);
#2101=VERTEX_POINT('',#6084);
#2102=VERTEX_POINT('',#6086);
#2103=VERTEX_POINT('',#6088);
#2104=VERTEX_POINT('',#6090);
#2105=VERTEX_POINT('',#6092);
#2106=VERTEX_POINT('',#6094);
#2107=VERTEX_POINT('',#6097);
#2108=VERTEX_POINT('',#6098);
#2109=VERTEX_POINT('',#6100);
#2110=VERTEX_POINT('',#6103);
#2111=VERTEX_POINT('',#6105);
#2112=VERTEX_POINT('',#6108);
#2113=VERTEX_POINT('',#6110);
#2114=VERTEX_POINT('',#6112);
#2115=VERTEX_POINT('',#6114);
#2116=VERTEX_POINT('',#6116);
#2117=VERTEX_POINT('',#6118);
#2118=VERTEX_POINT('',#6121);
#2119=VERTEX_POINT('',#6123);
#2120=VERTEX_POINT('',#6126);
#2121=VERTEX_POINT('',#6128);
#2122=VERTEX_POINT('',#6130);
#2123=VERTEX_POINT('',#6136);
#2124=VERTEX_POINT('',#6137);
#2125=VERTEX_POINT('',#6139);
#2126=VERTEX_POINT('',#6141);
#2127=VERTEX_POINT('',#6145);
#2128=VERTEX_POINT('',#6146);
#2129=VERTEX_POINT('',#6148);
#2130=VERTEX_POINT('',#6150);
#2131=VERTEX_POINT('',#6154);
#2132=VERTEX_POINT('',#6155);
#2133=VERTEX_POINT('',#6166);
#2134=VERTEX_POINT('',#6167);
#2135=VERTEX_POINT('',#6169);
#2136=VERTEX_POINT('',#6171);
#2137=VERTEX_POINT('',#6174);
#2138=VERTEX_POINT('',#6175);
#2139=VERTEX_POINT('',#6177);
#2140=VERTEX_POINT('',#6179);
#2141=VERTEX_POINT('',#6182);
#2142=VERTEX_POINT('',#6183);
#2143=VERTEX_POINT('',#6202);
#2144=VERTEX_POINT('',#6204);
#2145=VERTEX_POINT('',#6213);
#2146=VERTEX_POINT('',#6215);
#2147=VERTEX_POINT('',#6224);
#2148=VERTEX_POINT('',#6226);
#2149=VERTEX_POINT('',#6235);
#2150=VERTEX_POINT('',#6239);
#2151=VERTEX_POINT('',#6246);
#2152=VERTEX_POINT('',#6248);
#2153=VERTEX_POINT('',#6252);
#2154=VERTEX_POINT('',#6253);
#2155=VERTEX_POINT('',#6255);
#2156=VERTEX_POINT('',#6257);
#2157=VERTEX_POINT('',#6260);
#2158=VERTEX_POINT('',#6264);
#2159=VERTEX_POINT('',#6268);
#2160=VERTEX_POINT('',#6269);
#2161=VERTEX_POINT('',#6271);
#2162=VERTEX_POINT('',#6273);
#2163=VERTEX_POINT('',#6275);
#2164=VERTEX_POINT('',#6277);
#2165=VERTEX_POINT('',#6279);
#2166=VERTEX_POINT('',#6281);
#2167=VERTEX_POINT('',#6284);
#2168=VERTEX_POINT('',#6285);
#2169=VERTEX_POINT('',#6287);
#2170=VERTEX_POINT('',#6289);
#2171=VERTEX_POINT('',#6291);
#2172=VERTEX_POINT('',#6293);
#2173=VERTEX_POINT('',#6295);
#2174=VERTEX_POINT('',#6297);
#2175=VERTEX_POINT('',#6300);
#2176=VERTEX_POINT('',#6304);
#2177=VERTEX_POINT('',#6308);
#2178=VERTEX_POINT('',#6309);
#2179=VERTEX_POINT('',#6311);
#2180=VERTEX_POINT('',#6313);
#2181=VERTEX_POINT('',#6316);
#2182=VERTEX_POINT('',#6320);
#2183=VERTEX_POINT('',#6324);
#2184=VERTEX_POINT('',#6325);
#2185=VERTEX_POINT('',#6327);
#2186=VERTEX_POINT('',#6329);
#2187=VERTEX_POINT('',#6332);
#2188=VERTEX_POINT('',#6334);
#2189=VERTEX_POINT('',#6337);
#2190=VERTEX_POINT('',#6338);
#2191=VERTEX_POINT('',#6340);
#2192=VERTEX_POINT('',#6342);
#2193=VERTEX_POINT('',#6345);
#2194=VERTEX_POINT('',#6347);
#2195=VERTEX_POINT('',#6372);
#2196=VERTEX_POINT('',#6374);
#2197=VERTEX_POINT('',#6385);
#2198=VERTEX_POINT('',#6387);
#2199=VERTEX_POINT('',#6395);
#2200=VERTEX_POINT('',#6397);
#2201=VERTEX_POINT('',#6401);
#2202=VERTEX_POINT('',#6403);
#2203=VERTEX_POINT('',#6405);
#2204=VERTEX_POINT('',#6407);
#2205=VERTEX_POINT('',#6409);
#2206=VERTEX_POINT('',#6411);
#2207=VERTEX_POINT('',#6413);
#2208=VERTEX_POINT('',#6417);
#2209=VERTEX_POINT('',#6419);
#2210=VERTEX_POINT('',#6421);
#2211=VERTEX_POINT('',#6423);
#2212=VERTEX_POINT('',#6425);
#2213=VERTEX_POINT('',#6427);
#2214=VERTEX_POINT('',#6429);
#2215=VERTEX_POINT('',#6448);
#2216=VERTEX_POINT('',#6450);
#2217=VERTEX_POINT('',#6454);
#2218=VERTEX_POINT('',#6456);
#2219=VERTEX_POINT('',#6458);
#2220=VERTEX_POINT('',#6460);
#2221=VERTEX_POINT('',#6462);
#2222=VERTEX_POINT('',#6464);
#2223=VERTEX_POINT('',#6466);
#2224=VERTEX_POINT('',#6470);
#2225=VERTEX_POINT('',#6472);
#2226=VERTEX_POINT('',#6474);
#2227=VERTEX_POINT('',#6476);
#2228=VERTEX_POINT('',#6478);
#2229=VERTEX_POINT('',#6480);
#2230=VERTEX_POINT('',#6482);
#2231=VERTEX_POINT('',#6501);
#2232=VERTEX_POINT('',#6503);
#2233=VERTEX_POINT('',#6507);
#2234=VERTEX_POINT('',#6509);
#2235=VERTEX_POINT('',#6511);
#2236=VERTEX_POINT('',#6513);
#2237=VERTEX_POINT('',#6515);
#2238=VERTEX_POINT('',#6517);
#2239=VERTEX_POINT('',#6519);
#2240=VERTEX_POINT('',#6523);
#2241=VERTEX_POINT('',#6525);
#2242=VERTEX_POINT('',#6527);
#2243=VERTEX_POINT('',#6529);
#2244=VERTEX_POINT('',#6531);
#2245=VERTEX_POINT('',#6533);
#2246=VERTEX_POINT('',#6535);
#2247=VERTEX_POINT('',#6554);
#2248=VERTEX_POINT('',#6556);
#2249=VERTEX_POINT('',#6560);
#2250=VERTEX_POINT('',#6562);
#2251=VERTEX_POINT('',#6564);
#2252=VERTEX_POINT('',#6566);
#2253=VERTEX_POINT('',#6568);
#2254=VERTEX_POINT('',#6570);
#2255=VERTEX_POINT('',#6572);
#2256=VERTEX_POINT('',#6576);
#2257=VERTEX_POINT('',#6578);
#2258=VERTEX_POINT('',#6580);
#2259=VERTEX_POINT('',#6582);
#2260=VERTEX_POINT('',#6584);
#2261=VERTEX_POINT('',#6586);
#2262=VERTEX_POINT('',#6588);
#2263=VERTEX_POINT('',#6610);
#2264=VERTEX_POINT('',#6614);
#2265=VERTEX_POINT('',#6623);
#2266=VERTEX_POINT('',#6625);
#2267=VERTEX_POINT('',#6633);
#2268=VERTEX_POINT('',#6635);
#2269=VERTEX_POINT('',#6639);
#2270=VERTEX_POINT('',#6641);
#2271=VERTEX_POINT('',#6645);
#2272=VERTEX_POINT('',#6647);
#2273=VERTEX_POINT('',#6651);
#2274=VERTEX_POINT('',#6653);
#2275=VERTEX_POINT('',#6657);
#2276=VERTEX_POINT('',#6659);
#2277=VERTEX_POINT('',#6663);
#2278=VERTEX_POINT('',#6665);
#2279=VERTEX_POINT('',#6674);
#2280=VERTEX_POINT('',#6675);
#2281=VERTEX_POINT('',#6677);
#2282=VERTEX_POINT('',#6679);
#2283=VERTEX_POINT('',#6683);
#2284=VERTEX_POINT('',#6685);
#2285=VERTEX_POINT('',#6692);
#2286=VERTEX_POINT('',#6694);
#2287=VERTEX_POINT('',#6698);
#2288=VERTEX_POINT('',#6700);
#2289=VERTEX_POINT('',#6704);
#2290=VERTEX_POINT('',#6706);
#2291=VERTEX_POINT('',#6716);
#2292=VERTEX_POINT('',#6717);
#2293=VERTEX_POINT('',#6719);
#2294=VERTEX_POINT('',#6721);
#2295=VERTEX_POINT('',#6725);
#2296=VERTEX_POINT('',#6727);
#2297=VERTEX_POINT('',#6731);
#2298=VERTEX_POINT('',#6733);
#2299=VERTEX_POINT('',#6737);
#2300=VERTEX_POINT('',#6739);
#2301=VERTEX_POINT('',#6743);
#2302=VERTEX_POINT('',#6745);
#2303=VERTEX_POINT('',#6755);
#2304=VERTEX_POINT('',#6756);
#2305=VERTEX_POINT('',#6758);
#2306=VERTEX_POINT('',#6760);
#2307=VERTEX_POINT('',#6764);
#2308=VERTEX_POINT('',#6765);
#2309=VERTEX_POINT('',#6767);
#2310=VERTEX_POINT('',#6769);
#2311=VERTEX_POINT('',#6773);
#2312=VERTEX_POINT('',#6774);
#2313=VERTEX_POINT('',#6776);
#2314=VERTEX_POINT('',#6778);
#2315=VERTEX_POINT('',#6782);
#2316=VERTEX_POINT('',#6783);
#2317=VERTEX_POINT('',#6785);
#2318=VERTEX_POINT('',#6787);
#2319=VERTEX_POINT('',#6791);
#2320=VERTEX_POINT('',#6792);
#2321=VERTEX_POINT('',#6794);
#2322=VERTEX_POINT('',#6796);
#2323=VERTEX_POINT('',#6800);
#2324=VERTEX_POINT('',#6801);
#2325=VERTEX_POINT('',#6803);
#2326=VERTEX_POINT('',#6805);
#2327=VERTEX_POINT('',#6809);
#2328=VERTEX_POINT('',#6810);
#2329=VERTEX_POINT('',#6812);
#2330=VERTEX_POINT('',#6814);
#2331=VERTEX_POINT('',#6818);
#2332=VERTEX_POINT('',#6820);
#2333=VERTEX_POINT('',#6824);
#2334=VERTEX_POINT('',#6826);
#2335=VERTEX_POINT('',#6830);
#2336=VERTEX_POINT('',#6832);
#2337=VERTEX_POINT('',#6836);
#2338=VERTEX_POINT('',#6838);
#2339=VERTEX_POINT('',#6842);
#2340=VERTEX_POINT('',#6844);
#2341=VERTEX_POINT('',#6848);
#2342=VERTEX_POINT('',#6850);
#2343=VERTEX_POINT('',#6854);
#2344=VERTEX_POINT('',#6856);
#2345=VERTEX_POINT('',#6860);
#2346=VERTEX_POINT('',#6862);
#2347=VERTEX_POINT('',#6866);
#2348=VERTEX_POINT('',#6868);
#2349=VERTEX_POINT('',#6872);
#2350=VERTEX_POINT('',#6874);
#2351=VERTEX_POINT('',#6878);
#2352=VERTEX_POINT('',#6880);
#2353=VERTEX_POINT('',#6884);
#2354=VERTEX_POINT('',#6886);
#2355=VERTEX_POINT('',#6890);
#2356=VERTEX_POINT('',#6892);
#2357=VERTEX_POINT('',#6895);
#2358=VERTEX_POINT('',#6897);
#2359=VERTEX_POINT('',#6900);
#2360=VERTEX_POINT('',#6902);
#2361=VERTEX_POINT('',#6905);
#2362=VERTEX_POINT('',#6907);
#2363=VERTEX_POINT('',#6911);
#2364=VERTEX_POINT('',#6912);
#2365=VERTEX_POINT('',#6914);
#2366=VERTEX_POINT('',#6916);
#2367=VERTEX_POINT('',#6918);
#2368=VERTEX_POINT('',#6920);
#2369=VERTEX_POINT('',#6922);
#2370=VERTEX_POINT('',#6924);
#2371=VERTEX_POINT('',#6926);
#2372=VERTEX_POINT('',#6928);
#2373=VERTEX_POINT('',#6930);
#2374=VERTEX_POINT('',#6932);
#2375=VERTEX_POINT('',#6934);
#2376=VERTEX_POINT('',#6936);
#2377=VERTEX_POINT('',#6938);
#2378=VERTEX_POINT('',#6940);
#2379=VERTEX_POINT('',#6944);
#2380=VERTEX_POINT('',#6946);
#2381=VERTEX_POINT('',#6950);
#2382=VERTEX_POINT('',#6952);
#2383=VERTEX_POINT('',#6956);
#2384=VERTEX_POINT('',#6958);
#2385=VERTEX_POINT('',#6962);
#2386=VERTEX_POINT('',#6964);
#2387=VERTEX_POINT('',#6968);
#2388=VERTEX_POINT('',#6970);
#2389=VERTEX_POINT('',#6974);
#2390=VERTEX_POINT('',#6975);
#2391=VERTEX_POINT('',#6980);
#2392=VERTEX_POINT('',#6981);
#2393=VERTEX_POINT('',#6986);
#2394=VERTEX_POINT('',#6987);
#2395=VERTEX_POINT('',#7004);
#2396=VERTEX_POINT('',#7005);
#2397=VERTEX_POINT('',#7009);
#2398=VERTEX_POINT('',#7011);
#2399=VERTEX_POINT('',#7013);
#2400=VERTEX_POINT('',#7015);
#2401=VERTEX_POINT('',#7018);
#2402=VERTEX_POINT('',#7020);
#2403=VERTEX_POINT('',#7025);
#2404=VERTEX_POINT('',#7026);
#2405=VERTEX_POINT('',#7031);
#2406=VERTEX_POINT('',#7033);
#2407=VERTEX_POINT('',#7036);
#2408=VERTEX_POINT('',#7038);
#2409=VERTEX_POINT('',#7041);
#2410=VERTEX_POINT('',#7043);
#2411=LINE('',#5831,#2955);
#2412=LINE('',#5834,#2956);
#2413=LINE('',#5836,#2957);
#2414=LINE('',#5838,#2958);
#2415=LINE('',#5840,#2959);
#2416=LINE('',#5843,#2960);
#2417=LINE('',#5845,#2961);
#2418=LINE('',#5847,#2962);
#2419=LINE('',#5849,#2963);
#2420=LINE('',#5852,#2964);
#2421=LINE('',#5854,#2965);
#2422=LINE('',#5856,#2966);
#2423=LINE('',#5860,#2967);
#2424=LINE('',#5864,#2968);
#2425=LINE('',#5870,#2969);
#2426=LINE('',#5876,#2970);
#2427=LINE('',#5878,#2971);
#2428=LINE('',#5881,#2972);
#2429=LINE('',#5883,#2973);
#2430=LINE('',#5890,#2974);
#2431=LINE('',#5894,#2975);
#2432=LINE('',#5896,#2976);
#2433=LINE('',#5898,#2977);
#2434=LINE('',#5900,#2978);
#2435=LINE('',#5902,#2979);
#2436=LINE('',#5904,#2980);
#2437=LINE('',#5906,#2981);
#2438=LINE('',#5909,#2982);
#2439=LINE('',#5911,#2983);
#2440=LINE('',#5913,#2984);
#2441=LINE('',#5915,#2985);
#2442=LINE('',#5917,#2986);
#2443=LINE('',#5919,#2987);
#2444=LINE('',#5923,#2988);
#2445=LINE('',#5927,#2989);
#2446=LINE('',#5931,#2990);
#2447=LINE('',#5935,#2991);
#2448=LINE('',#5941,#2992);
#2449=LINE('',#5944,#2993);
#2450=LINE('',#5946,#2994);
#2451=LINE('',#5953,#2995);
#2452=LINE('',#5957,#2996);
#2453=LINE('',#5959,#2997);
#2454=LINE('',#5961,#2998);
#2455=LINE('',#5963,#2999);
#2456=LINE('',#5966,#3000);
#2457=LINE('',#5968,#3001);
#2458=LINE('',#5970,#3002);
#2459=LINE('',#5972,#3003);
#2460=LINE('',#5974,#3004);
#2461=LINE('',#5975,#3005);
#2462=LINE('',#5978,#3006);
#2463=LINE('',#5980,#3007);
#2464=LINE('',#5982,#3008);
#2465=LINE('',#5984,#3009);
#2466=LINE('',#5986,#3010);
#2467=LINE('',#5988,#3011);
#2468=LINE('',#5989,#3012);
#2469=LINE('',#5991,#3013);
#2470=LINE('',#5993,#3014);
#2471=LINE('',#5995,#3015);
#2472=LINE('',#5997,#3016);
#2473=LINE('',#5999,#3017);
#2474=LINE('',#6001,#3018);
#2475=LINE('',#6004,#3019);
#2476=LINE('',#6006,#3020);
#2477=LINE('',#6008,#3021);
#2478=LINE('',#6010,#3022);
#2479=LINE('',#6012,#3023);
#2480=LINE('',#6013,#3024);
#2481=LINE('',#6016,#3025);
#2482=LINE('',#6018,#3026);
#2483=LINE('',#6020,#3027);
#2484=LINE('',#6022,#3028);
#2485=LINE('',#6024,#3029);
#2486=LINE('',#6026,#3030);
#2487=LINE('',#6028,#3031);
#2488=LINE('',#6030,#3032);
#2489=LINE('',#6031,#3033);
#2490=LINE('',#6033,#3034);
#2491=LINE('',#6035,#3035);
#2492=LINE('',#6037,#3036);
#2493=LINE('',#6039,#3037);
#2494=LINE('',#6042,#3038);
#2495=LINE('',#6046,#3039);
#2496=LINE('',#6048,#3040);
#2497=LINE('',#6050,#3041);
#2498=LINE('',#6054,#3042);
#2499=LINE('',#6058,#3043);
#2500=LINE('',#6060,#3044);
#2501=LINE('',#6062,#3045);
#2502=LINE('',#6063,#3046);
#2503=LINE('',#6064,#3047);
#2504=LINE('',#6065,#3048);
#2505=LINE('',#6066,#3049);
#2506=LINE('',#6068,#3050);
#2507=LINE('',#6070,#3051);
#2508=LINE('',#6072,#3052);
#2509=LINE('',#6074,#3053);
#2510=LINE('',#6076,#3054);
#2511=LINE('',#6078,#3055);
#2512=LINE('',#6083,#3056);
#2513=LINE('',#6087,#3057);
#2514=LINE('',#6091,#3058);
#2515=LINE('',#6095,#3059);
#2516=LINE('',#6096,#3060);
#2517=LINE('',#6099,#3061);
#2518=LINE('',#6102,#3062);
#2519=LINE('',#6104,#3063);
#2520=LINE('',#6106,#3064);
#2521=LINE('',#6109,#3065);
#2522=LINE('',#6111,#3066);
#2523=LINE('',#6113,#3067);
#2524=LINE('',#6115,#3068);
#2525=LINE('',#6117,#3069);
#2526=LINE('',#6120,#3070);
#2527=LINE('',#6122,#3071);
#2528=LINE('',#6124,#3072);
#2529=LINE('',#6127,#3073);
#2530=LINE('',#6129,#3074);
#2531=LINE('',#6131,#3075);
#2532=LINE('',#6133,#3076);
#2533=LINE('',#6135,#3077);
#2534=LINE('',#6138,#3078);
#2535=LINE('',#6140,#3079);
#2536=LINE('',#6142,#3080);
#2537=LINE('',#6143,#3081);
#2538=LINE('',#6144,#3082);
#2539=LINE('',#6147,#3083);
#2540=LINE('',#6149,#3084);
#2541=LINE('',#6151,#3085);
#2542=LINE('',#6152,#3086);
#2543=LINE('',#6153,#3087);
#2544=LINE('',#6156,#3088);
#2545=LINE('',#6157,#3089);
#2546=LINE('',#6158,#3090);
#2547=LINE('',#6161,#3091);
#2548=LINE('',#6163,#3092);
#2549=LINE('',#6165,#3093);
#2550=LINE('',#6168,#3094);
#2551=LINE('',#6170,#3095);
#2552=LINE('',#6172,#3096);
#2553=LINE('',#6173,#3097);
#2554=LINE('',#6176,#3098);
#2555=LINE('',#6178,#3099);
#2556=LINE('',#6180,#3100);
#2557=LINE('',#6181,#3101);
#2558=LINE('',#6184,#3102);
#2559=LINE('',#6185,#3103);
#2560=LINE('',#6186,#3104);
#2561=LINE('',#6189,#3105);
#2562=LINE('',#6192,#3106);
#2563=LINE('',#6195,#3107);
#2564=LINE('',#6198,#3108);
#2565=LINE('',#6201,#3109);
#2566=LINE('',#6203,#3110);
#2567=LINE('',#6205,#3111);
#2568=LINE('',#6207,#3112);
#2569=LINE('',#6208,#3113);
#2570=LINE('',#6212,#3114);
#2571=LINE('',#6214,#3115);
#2572=LINE('',#6216,#3116);
#2573=LINE('',#6218,#3117);
#2574=LINE('',#6219,#3118);
#2575=LINE('',#6223,#3119);
#2576=LINE('',#6225,#3120);
#2577=LINE('',#6227,#3121);
#2578=LINE('',#6229,#3122);
#2579=LINE('',#6230,#3123);
#2580=LINE('',#6234,#3124);
#2581=LINE('',#6236,#3125);
#2582=LINE('',#6238,#3126);
#2583=LINE('',#6240,#3127);
#2584=LINE('',#6242,#3128);
#2585=LINE('',#6245,#3129);
#2586=LINE('',#6249,#3130);
#2587=LINE('',#6251,#3131);
#2588=LINE('',#6254,#3132);
#2589=LINE('',#6256,#3133);
#2590=LINE('',#6258,#3134);
#2591=LINE('',#6259,#3135);
#2592=LINE('',#6261,#3136);
#2593=LINE('',#6263,#3137);
#2594=LINE('',#6267,#3138);
#2595=LINE('',#6270,#3139);
#2596=LINE('',#6272,#3140);
#2597=LINE('',#6274,#3141);
#2598=LINE('',#6276,#3142);
#2599=LINE('',#6278,#3143);
#2600=LINE('',#6280,#3144);
#2601=LINE('',#6282,#3145);
#2602=LINE('',#6283,#3146);
#2603=LINE('',#6286,#3147);
#2604=LINE('',#6288,#3148);
#2605=LINE('',#6290,#3149);
#2606=LINE('',#6292,#3150);
#2607=LINE('',#6294,#3151);
#2608=LINE('',#6296,#3152);
#2609=LINE('',#6298,#3153);
#2610=LINE('',#6299,#3154);
#2611=LINE('',#6301,#3155);
#2612=LINE('',#6303,#3156);
#2613=LINE('',#6307,#3157);
#2614=LINE('',#6310,#3158);
#2615=LINE('',#6312,#3159);
#2616=LINE('',#6314,#3160);
#2617=LINE('',#6315,#3161);
#2618=LINE('',#6317,#3162);
#2619=LINE('',#6319,#3163);
#2620=LINE('',#6323,#3164);
#2621=LINE('',#6326,#3165);
#2622=LINE('',#6328,#3166);
#2623=LINE('',#6330,#3167);
#2624=LINE('',#6331,#3168);
#2625=LINE('',#6333,#3169);
#2626=LINE('',#6335,#3170);
#2627=LINE('',#6336,#3171);
#2628=LINE('',#6339,#3172);
#2629=LINE('',#6341,#3173);
#2630=LINE('',#6343,#3174);
#2631=LINE('',#6344,#3175);
#2632=LINE('',#6346,#3176);
#2633=LINE('',#6348,#3177);
#2634=LINE('',#6349,#3178);
#2635=LINE('',#6352,#3179);
#2636=LINE('',#6353,#3180);
#2637=LINE('',#6355,#3181);
#2638=LINE('',#6356,#3182);
#2639=LINE('',#6360,#3183);
#2640=LINE('',#6361,#3184);
#2641=LINE('',#6363,#3185);
#2642=LINE('',#6364,#3186);
#2643=LINE('',#6368,#3187);
#2644=LINE('',#6369,#3188);
#2645=LINE('',#6371,#3189);
#2646=LINE('',#6373,#3190);
#2647=LINE('',#6375,#3191);
#2648=LINE('',#6376,#3192);
#2649=LINE('',#6377,#3193);
#2650=LINE('',#6381,#3194);
#2651=LINE('',#6382,#3195);
#2652=LINE('',#6384,#3196);
#2653=LINE('',#6386,#3197);
#2654=LINE('',#6388,#3198);
#2655=LINE('',#6389,#3199);
#2656=LINE('',#6390,#3200);
#2657=LINE('',#6394,#3201);
#2658=LINE('',#6396,#3202);
#2659=LINE('',#6398,#3203);
#2660=LINE('',#6400,#3204);
#2661=LINE('',#6402,#3205);
#2662=LINE('',#6406,#3206);
#2663=LINE('',#6408,#3207);
#2664=LINE('',#6410,#3208);
#2665=LINE('',#6414,#3209);
#2666=LINE('',#6416,#3210);
#2667=LINE('',#6420,#3211);
#2668=LINE('',#6422,#3212);
#2669=LINE('',#6424,#3213);
#2670=LINE('',#6428,#3214);
#2671=LINE('',#6430,#3215);
#2672=LINE('',#6432,#3216);
#2673=LINE('',#6433,#3217);
#2674=LINE('',#6435,#3218);
#2675=LINE('',#6437,#3219);
#2676=LINE('',#6440,#3220);
#2677=LINE('',#6442,#3221);
#2678=LINE('',#6444,#3222);
#2679=LINE('',#6447,#3223);
#2680=LINE('',#6449,#3224);
#2681=LINE('',#6451,#3225);
#2682=LINE('',#6453,#3226);
#2683=LINE('',#6455,#3227);
#2684=LINE('',#6459,#3228);
#2685=LINE('',#6461,#3229);
#2686=LINE('',#6463,#3230);
#2687=LINE('',#6467,#3231);
#2688=LINE('',#6469,#3232);
#2689=LINE('',#6473,#3233);
#2690=LINE('',#6475,#3234);
#2691=LINE('',#6477,#3235);
#2692=LINE('',#6481,#3236);
#2693=LINE('',#6483,#3237);
#2694=LINE('',#6485,#3238);
#2695=LINE('',#6486,#3239);
#2696=LINE('',#6488,#3240);
#2697=LINE('',#6490,#3241);
#2698=LINE('',#6493,#3242);
#2699=LINE('',#6495,#3243);
#2700=LINE('',#6497,#3244);
#2701=LINE('',#6500,#3245);
#2702=LINE('',#6502,#3246);
#2703=LINE('',#6504,#3247);
#2704=LINE('',#6506,#3248);
#2705=LINE('',#6510,#3249);
#2706=LINE('',#6512,#3250);
#2707=LINE('',#6514,#3251);
#2708=LINE('',#6518,#3252);
#2709=LINE('',#6520,#3253);
#2710=LINE('',#6522,#3254);
#2711=LINE('',#6524,#3255);
#2712=LINE('',#6528,#3256);
#2713=LINE('',#6530,#3257);
#2714=LINE('',#6532,#3258);
#2715=LINE('',#6536,#3259);
#2716=LINE('',#6538,#3260);
#2717=LINE('',#6539,#3261);
#2718=LINE('',#6541,#3262);
#2719=LINE('',#6543,#3263);
#2720=LINE('',#6545,#3264);
#2721=LINE('',#6547,#3265);
#2722=LINE('',#6550,#3266);
#2723=LINE('',#6553,#3267);
#2724=LINE('',#6555,#3268);
#2725=LINE('',#6557,#3269);
#2726=LINE('',#6559,#3270);
#2727=LINE('',#6563,#3271);
#2728=LINE('',#6565,#3272);
#2729=LINE('',#6567,#3273);
#2730=LINE('',#6571,#3274);
#2731=LINE('',#6573,#3275);
#2732=LINE('',#6575,#3276);
#2733=LINE('',#6577,#3277);
#2734=LINE('',#6581,#3278);
#2735=LINE('',#6583,#3279);
#2736=LINE('',#6585,#3280);
#2737=LINE('',#6589,#3281);
#2738=LINE('',#6591,#3282);
#2739=LINE('',#6592,#3283);
#2740=LINE('',#6594,#3284);
#2741=LINE('',#6596,#3285);
#2742=LINE('',#6598,#3286);
#2743=LINE('',#6600,#3287);
#2744=LINE('',#6603,#3288);
#2745=LINE('',#6606,#3289);
#2746=LINE('',#6607,#3290);
#2747=LINE('',#6609,#3291);
#2748=LINE('',#6611,#3292);
#2749=LINE('',#6612,#3293);
#2750=LINE('',#6613,#3294);
#2751=LINE('',#6615,#3295);
#2752=LINE('',#6619,#3296);
#2753=LINE('',#6620,#3297);
#2754=LINE('',#6622,#3298);
#2755=LINE('',#6624,#3299);
#2756=LINE('',#6626,#3300);
#2757=LINE('',#6627,#3301);
#2758=LINE('',#6628,#3302);
#2759=LINE('',#6632,#3303);
#2760=LINE('',#6634,#3304);
#2761=LINE('',#6636,#3305);
#2762=LINE('',#6638,#3306);
#2763=LINE('',#6640,#3307);
#2764=LINE('',#6642,#3308);
#2765=LINE('',#6646,#3309);
#2766=LINE('',#6650,#3310);
#2767=LINE('',#6652,#3311);
#2768=LINE('',#6654,#3312);
#2769=LINE('',#6656,#3313);
#2770=LINE('',#6658,#3314);
#2771=LINE('',#6660,#3315);
#2772=LINE('',#6662,#3316);
#2773=LINE('',#6664,#3317);
#2774=LINE('',#6666,#3318);
#2775=LINE('',#6673,#3319);
#2776=LINE('',#6676,#3320);
#2777=LINE('',#6678,#3321);
#2778=LINE('',#6680,#3322);
#2779=LINE('',#6684,#3323);
#2780=LINE('',#6688,#3324);
#2781=LINE('',#6689,#3325);
#2782=LINE('',#6691,#3326);
#2783=LINE('',#6693,#3327);
#2784=LINE('',#6695,#3328);
#2785=LINE('',#6699,#3329);
#2786=LINE('',#6703,#3330);
#2787=LINE('',#6705,#3331);
#2788=LINE('',#6707,#3332);
#2789=LINE('',#6709,#3333);
#2790=LINE('',#6710,#3334);
#2791=LINE('',#6715,#3335);
#2792=LINE('',#6718,#3336);
#2793=LINE('',#6720,#3337);
#2794=LINE('',#6722,#3338);
#2795=LINE('',#6724,#3339);
#2796=LINE('',#6726,#3340);
#2797=LINE('',#6728,#3341);
#2798=LINE('',#6730,#3342);
#2799=LINE('',#6732,#3343);
#2800=LINE('',#6734,#3344);
#2801=LINE('',#6736,#3345);
#2802=LINE('',#6738,#3346);
#2803=LINE('',#6740,#3347);
#2804=LINE('',#6742,#3348);
#2805=LINE('',#6744,#3349);
#2806=LINE('',#6746,#3350);
#2807=LINE('',#6748,#3351);
#2808=LINE('',#6749,#3352);
#2809=LINE('',#6754,#3353);
#2810=LINE('',#6757,#3354);
#2811=LINE('',#6759,#3355);
#2812=LINE('',#6761,#3356);
#2813=LINE('',#6763,#3357);
#2814=LINE('',#6766,#3358);
#2815=LINE('',#6768,#3359);
#2816=LINE('',#6770,#3360);
#2817=LINE('',#6772,#3361);
#2818=LINE('',#6775,#3362);
#2819=LINE('',#6777,#3363);
#2820=LINE('',#6779,#3364);
#2821=LINE('',#6781,#3365);
#2822=LINE('',#6784,#3366);
#2823=LINE('',#6786,#3367);
#2824=LINE('',#6788,#3368);
#2825=LINE('',#6790,#3369);
#2826=LINE('',#6793,#3370);
#2827=LINE('',#6795,#3371);
#2828=LINE('',#6797,#3372);
#2829=LINE('',#6799,#3373);
#2830=LINE('',#6802,#3374);
#2831=LINE('',#6804,#3375);
#2832=LINE('',#6806,#3376);
#2833=LINE('',#6808,#3377);
#2834=LINE('',#6811,#3378);
#2835=LINE('',#6813,#3379);
#2836=LINE('',#6815,#3380);
#2837=LINE('',#6817,#3381);
#2838=LINE('',#6819,#3382);
#2839=LINE('',#6821,#3383);
#2840=LINE('',#6823,#3384);
#2841=LINE('',#6825,#3385);
#2842=LINE('',#6827,#3386);
#2843=LINE('',#6829,#3387);
#2844=LINE('',#6831,#3388);
#2845=LINE('',#6833,#3389);
#2846=LINE('',#6835,#3390);
#2847=LINE('',#6837,#3391);
#2848=LINE('',#6839,#3392);
#2849=LINE('',#6843,#3393);
#2850=LINE('',#6851,#3394);
#2851=LINE('',#6857,#3395);
#2852=LINE('',#6863,#3396);
#2853=LINE('',#6865,#3397);
#2854=LINE('',#6867,#3398);
#2855=LINE('',#6869,#3399);
#2856=LINE('',#6871,#3400);
#2857=LINE('',#6873,#3401);
#2858=LINE('',#6875,#3402);
#2859=LINE('',#6877,#3403);
#2860=LINE('',#6879,#3404);
#2861=LINE('',#6881,#3405);
#2862=LINE('',#6883,#3406);
#2863=LINE('',#6885,#3407);
#2864=LINE('',#6887,#3408);
#2865=LINE('',#6889,#3409);
#2866=LINE('',#6891,#3410);
#2867=LINE('',#6893,#3411);
#2868=LINE('',#6894,#3412);
#2869=LINE('',#6896,#3413);
#2870=LINE('',#6898,#3414);
#2871=LINE('',#6899,#3415);
#2872=LINE('',#6901,#3416);
#2873=LINE('',#6903,#3417);
#2874=LINE('',#6904,#3418);
#2875=LINE('',#6906,#3419);
#2876=LINE('',#6908,#3420);
#2877=LINE('',#6910,#3421);
#2878=LINE('',#6913,#3422);
#2879=LINE('',#6915,#3423);
#2880=LINE('',#6917,#3424);
#2881=LINE('',#6919,#3425);
#2882=LINE('',#6921,#3426);
#2883=LINE('',#6923,#3427);
#2884=LINE('',#6925,#3428);
#2885=LINE('',#6927,#3429);
#2886=LINE('',#6929,#3430);
#2887=LINE('',#6931,#3431);
#2888=LINE('',#6933,#3432);
#2889=LINE('',#6935,#3433);
#2890=LINE('',#6937,#3434);
#2891=LINE('',#6939,#3435);
#2892=LINE('',#6941,#3436);
#2893=LINE('',#6943,#3437);
#2894=LINE('',#6945,#3438);
#2895=LINE('',#6947,#3439);
#2896=LINE('',#6949,#3440);
#2897=LINE('',#6951,#3441);
#2898=LINE('',#6953,#3442);
#2899=LINE('',#6955,#3443);
#2900=LINE('',#6957,#3444);
#2901=LINE('',#6959,#3445);
#2902=LINE('',#6961,#3446);
#2903=LINE('',#6963,#3447);
#2904=LINE('',#6965,#3448);
#2905=LINE('',#6969,#3449);
#2906=LINE('',#6973,#3450);
#2907=LINE('',#6979,#3451);
#2908=LINE('',#6985,#3452);
#2909=LINE('',#6991,#3453);
#2910=LINE('',#6992,#3454);
#2911=LINE('',#6994,#3455);
#2912=LINE('',#6995,#3456);
#2913=LINE('',#6997,#3457);
#2914=LINE('',#6998,#3458);
#2915=LINE('',#7000,#3459);
#2916=LINE('',#7001,#3460);
#2917=LINE('',#7003,#3461);
#2918=LINE('',#7006,#3462);
#2919=LINE('',#7007,#3463);
#2920=LINE('',#7008,#3464);
#2921=LINE('',#7010,#3465);
#2922=LINE('',#7012,#3466);
#2923=LINE('',#7014,#3467);
#2924=LINE('',#7016,#3468);
#2925=LINE('',#7017,#3469);
#2926=LINE('',#7019,#3470);
#2927=LINE('',#7021,#3471);
#2928=LINE('',#7022,#3472);
#2929=LINE('',#7024,#3473);
#2930=LINE('',#7027,#3474);
#2931=LINE('',#7028,#3475);
#2932=LINE('',#7030,#3476);
#2933=LINE('',#7032,#3477);
#2934=LINE('',#7034,#3478);
#2935=LINE('',#7035,#3479);
#2936=LINE('',#7037,#3480);
#2937=LINE('',#7039,#3481);
#2938=LINE('',#7040,#3482);
#2939=LINE('',#7042,#3483);
#2940=LINE('',#7044,#3484);
#2941=LINE('',#7045,#3485);
#2942=LINE('',#7046,#3486);
#2943=LINE('',#7050,#3487);
#2944=LINE('',#7052,#3488);
#2945=LINE('',#7055,#3489);
#2946=LINE('',#7057,#3490);
#2947=LINE('',#7060,#3491);
#2948=LINE('',#7061,#3492);
#2949=LINE('',#7065,#3493);
#2950=LINE('',#7067,#3494);
#2951=LINE('',#7070,#3495);
#2952=LINE('',#7072,#3496);
#2953=LINE('',#7075,#3497);
#2954=LINE('',#7077,#3498);
#2955=VECTOR('',#4695,1000.);
#2956=VECTOR('',#4696,1000.);
#2957=VECTOR('',#4697,1000.);
#2958=VECTOR('',#4698,1000.);
#2959=VECTOR('',#4701,1000.);
#2960=VECTOR('',#4702,1000.);
#2961=VECTOR('',#4703,1000.);
#2962=VECTOR('',#4704,1000.);
#2963=VECTOR('',#4707,1000.);
#2964=VECTOR('',#4708,1000.);
#2965=VECTOR('',#4709,1000.);
#2966=VECTOR('',#4710,1000.);
#2967=VECTOR('',#4715,1000.);
#2968=VECTOR('',#4720,1000.);
#2969=VECTOR('',#4725,1000.);
#2970=VECTOR('',#4732,1000.);
#2971=VECTOR('',#4735,1000.);
#2972=VECTOR('',#4736,1000.);
#2973=VECTOR('',#4737,1000.);
#2974=VECTOR('',#4746,1000.);
#2975=VECTOR('',#4751,1000.);
#2976=VECTOR('',#4752,1000.);
#2977=VECTOR('',#4753,1000.);
#2978=VECTOR('',#4756,1000.);
#2979=VECTOR('',#4757,1000.);
#2980=VECTOR('',#4758,1000.);
#2981=VECTOR('',#4761,1000.);
#2982=VECTOR('',#4762,1000.);
#2983=VECTOR('',#4763,1000.);
#2984=VECTOR('',#4764,1000.);
#2985=VECTOR('',#4767,1000.);
#2986=VECTOR('',#4768,1000.);
#2987=VECTOR('',#4769,1000.);
#2988=VECTOR('',#4774,1000.);
#2989=VECTOR('',#4779,1000.);
#2990=VECTOR('',#4782,1000.);
#2991=VECTOR('',#4785,1000.);
#2992=VECTOR('',#4794,1000.);
#2993=VECTOR('',#4795,1000.);
#2994=VECTOR('',#4796,1000.);
#2995=VECTOR('',#4805,1000.);
#2996=VECTOR('',#4810,1000.);
#2997=VECTOR('',#4811,1000.);
#2998=VECTOR('',#4812,1000.);
#2999=VECTOR('',#4815,1000.);
#3000=VECTOR('',#4816,1000.);
#3001=VECTOR('',#4817,1000.);
#3002=VECTOR('',#4818,1000.);
#3003=VECTOR('',#4819,1000.);
#3004=VECTOR('',#4820,1000.);
#3005=VECTOR('',#4821,1000.);
#3006=VECTOR('',#4822,1000.);
#3007=VECTOR('',#4823,1000.);
#3008=VECTOR('',#4824,1000.);
#3009=VECTOR('',#4825,1000.);
#3010=VECTOR('',#4826,1000.);
#3011=VECTOR('',#4827,1000.);
#3012=VECTOR('',#4828,1000.);
#3013=VECTOR('',#4829,1000.);
#3014=VECTOR('',#4830,1000.);
#3015=VECTOR('',#4831,1000.);
#3016=VECTOR('',#4832,1000.);
#3017=VECTOR('',#4833,1000.);
#3018=VECTOR('',#4836,1000.);
#3019=VECTOR('',#4837,1000.);
#3020=VECTOR('',#4838,1000.);
#3021=VECTOR('',#4839,1000.);
#3022=VECTOR('',#4840,1000.);
#3023=VECTOR('',#4841,1000.);
#3024=VECTOR('',#4842,1000.);
#3025=VECTOR('',#4843,1000.);
#3026=VECTOR('',#4844,1000.);
#3027=VECTOR('',#4845,1000.);
#3028=VECTOR('',#4846,1000.);
#3029=VECTOR('',#4847,1000.);
#3030=VECTOR('',#4848,1000.);
#3031=VECTOR('',#4849,1000.);
#3032=VECTOR('',#4850,1000.);
#3033=VECTOR('',#4851,1000.);
#3034=VECTOR('',#4852,1000.);
#3035=VECTOR('',#4853,1000.);
#3036=VECTOR('',#4854,1000.);
#3037=VECTOR('',#4857,1000.);
#3038=VECTOR('',#4860,1000.);
#3039=VECTOR('',#4865,1000.);
#3040=VECTOR('',#4866,1000.);
#3041=VECTOR('',#4867,1000.);
#3042=VECTOR('',#4872,1000.);
#3043=VECTOR('',#4875,1000.);
#3044=VECTOR('',#4876,1000.);
#3045=VECTOR('',#4879,1000.);
#3046=VECTOR('',#4880,1000.);
#3047=VECTOR('',#4881,1000.);
#3048=VECTOR('',#4882,1000.);
#3049=VECTOR('',#4883,1000.);
#3050=VECTOR('',#4884,1000.);
#3051=VECTOR('',#4885,1000.);
#3052=VECTOR('',#4888,1000.);
#3053=VECTOR('',#4889,1000.);
#3054=VECTOR('',#4892,1000.);
#3055=VECTOR('',#4893,1000.);
#3056=VECTOR('',#4898,1000.);
#3057=VECTOR('',#4901,1000.);
#3058=VECTOR('',#4904,1000.);
#3059=VECTOR('',#4907,1000.);
#3060=VECTOR('',#4908,1000.);
#3061=VECTOR('',#4909,1000.);
#3062=VECTOR('',#4912,1000.);
#3063=VECTOR('',#4913,1000.);
#3064=VECTOR('',#4914,1000.);
#3065=VECTOR('',#4917,1000.);
#3066=VECTOR('',#4918,1000.);
#3067=VECTOR('',#4919,1000.);
#3068=VECTOR('',#4920,1000.);
#3069=VECTOR('',#4921,1000.);
#3070=VECTOR('',#4924,1000.);
#3071=VECTOR('',#4925,1000.);
#3072=VECTOR('',#4926,1000.);
#3073=VECTOR('',#4929,1000.);
#3074=VECTOR('',#4930,1000.);
#3075=VECTOR('',#4931,1000.);
#3076=VECTOR('',#4934,1000.);
#3077=VECTOR('',#4937,1000.);
#3078=VECTOR('',#4938,1000.);
#3079=VECTOR('',#4939,1000.);
#3080=VECTOR('',#4940,1000.);
#3081=VECTOR('',#4941,1000.);
#3082=VECTOR('',#4942,1000.);
#3083=VECTOR('',#4943,1000.);
#3084=VECTOR('',#4944,1000.);
#3085=VECTOR('',#4945,1000.);
#3086=VECTOR('',#4946,1000.);
#3087=VECTOR('',#4947,1000.);
#3088=VECTOR('',#4948,1000.);
#3089=VECTOR('',#4949,1000.);
#3090=VECTOR('',#4950,1000.);
#3091=VECTOR('',#4955,1000.);
#3092=VECTOR('',#4958,1000.);
#3093=VECTOR('',#4961,1000.);
#3094=VECTOR('',#4962,1000.);
#3095=VECTOR('',#4963,1000.);
#3096=VECTOR('',#4964,1000.);
#3097=VECTOR('',#4965,1000.);
#3098=VECTOR('',#4966,1000.);
#3099=VECTOR('',#4967,1000.);
#3100=VECTOR('',#4968,1000.);
#3101=VECTOR('',#4969,1000.);
#3102=VECTOR('',#4970,1000.);
#3103=VECTOR('',#4971,1000.);
#3104=VECTOR('',#4972,1000.);
#3105=VECTOR('',#4977,1000.);
#3106=VECTOR('',#4982,1000.);
#3107=VECTOR('',#4987,1000.);
#3108=VECTOR('',#4992,1000.);
#3109=VECTOR('',#4997,1000.);
#3110=VECTOR('',#4998,1000.);
#3111=VECTOR('',#4999,1000.);
#3112=VECTOR('',#5002,1000.);
#3113=VECTOR('',#5003,1000.);
#3114=VECTOR('',#5010,1000.);
#3115=VECTOR('',#5011,1000.);
#3116=VECTOR('',#5012,1000.);
#3117=VECTOR('',#5015,1000.);
#3118=VECTOR('',#5016,1000.);
#3119=VECTOR('',#5023,1000.);
#3120=VECTOR('',#5024,1000.);
#3121=VECTOR('',#5025,1000.);
#3122=VECTOR('',#5028,1000.);
#3123=VECTOR('',#5029,1000.);
#3124=VECTOR('',#5036,1000.);
#3125=VECTOR('',#5037,1000.);
#3126=VECTOR('',#5040,1000.);
#3127=VECTOR('',#5041,1000.);
#3128=VECTOR('',#5044,1000.);
#3129=VECTOR('',#5049,1000.);
#3130=VECTOR('',#5052,1000.);
#3131=VECTOR('',#5055,1000.);
#3132=VECTOR('',#5056,1000.);
#3133=VECTOR('',#5057,1000.);
#3134=VECTOR('',#5058,1000.);
#3135=VECTOR('',#5059,1000.);
#3136=VECTOR('',#5060,1000.);
#3137=VECTOR('',#5063,1000.);
#3138=VECTOR('',#5068,1000.);
#3139=VECTOR('',#5069,1000.);
#3140=VECTOR('',#5070,1000.);
#3141=VECTOR('',#5071,1000.);
#3142=VECTOR('',#5072,1000.);
#3143=VECTOR('',#5073,1000.);
#3144=VECTOR('',#5074,1000.);
#3145=VECTOR('',#5075,1000.);
#3146=VECTOR('',#5076,1000.);
#3147=VECTOR('',#5077,1000.);
#3148=VECTOR('',#5078,1000.);
#3149=VECTOR('',#5079,1000.);
#3150=VECTOR('',#5080,1000.);
#3151=VECTOR('',#5081,1000.);
#3152=VECTOR('',#5082,1000.);
#3153=VECTOR('',#5083,1000.);
#3154=VECTOR('',#5084,1000.);
#3155=VECTOR('',#5085,1000.);
#3156=VECTOR('',#5088,1000.);
#3157=VECTOR('',#5093,1000.);
#3158=VECTOR('',#5094,1000.);
#3159=VECTOR('',#5095,1000.);
#3160=VECTOR('',#5096,1000.);
#3161=VECTOR('',#5097,1000.);
#3162=VECTOR('',#5098,1000.);
#3163=VECTOR('',#5101,1000.);
#3164=VECTOR('',#5106,1000.);
#3165=VECTOR('',#5107,1000.);
#3166=VECTOR('',#5108,1000.);
#3167=VECTOR('',#5109,1000.);
#3168=VECTOR('',#5110,1000.);
#3169=VECTOR('',#5111,1000.);
#3170=VECTOR('',#5112,1000.);
#3171=VECTOR('',#5113,1000.);
#3172=VECTOR('',#5114,1000.);
#3173=VECTOR('',#5115,1000.);
#3174=VECTOR('',#5116,1000.);
#3175=VECTOR('',#5117,1000.);
#3176=VECTOR('',#5118,1000.);
#3177=VECTOR('',#5119,1000.);
#3178=VECTOR('',#5120,1000.);
#3179=VECTOR('',#5125,1000.);
#3180=VECTOR('',#5126,1000.);
#3181=VECTOR('',#5129,1000.);
#3182=VECTOR('',#5130,1000.);
#3183=VECTOR('',#5137,1000.);
#3184=VECTOR('',#5138,1000.);
#3185=VECTOR('',#5141,1000.);
#3186=VECTOR('',#5142,1000.);
#3187=VECTOR('',#5149,1000.);
#3188=VECTOR('',#5150,1000.);
#3189=VECTOR('',#5153,1000.);
#3190=VECTOR('',#5154,1000.);
#3191=VECTOR('',#5155,1000.);
#3192=VECTOR('',#5156,1000.);
#3193=VECTOR('',#5157,1000.);
#3194=VECTOR('',#5164,1000.);
#3195=VECTOR('',#5165,1000.);
#3196=VECTOR('',#5168,1000.);
#3197=VECTOR('',#5169,1000.);
#3198=VECTOR('',#5170,1000.);
#3199=VECTOR('',#5171,1000.);
#3200=VECTOR('',#5172,1000.);
#3201=VECTOR('',#5179,1000.);
#3202=VECTOR('',#5180,1000.);
#3203=VECTOR('',#5181,1000.);
#3204=VECTOR('',#5184,1000.);
#3205=VECTOR('',#5185,1000.);
#3206=VECTOR('',#5188,1000.);
#3207=VECTOR('',#5189,1000.);
#3208=VECTOR('',#5190,1000.);
#3209=VECTOR('',#5193,1000.);
#3210=VECTOR('',#5196,1000.);
#3211=VECTOR('',#5199,1000.);
#3212=VECTOR('',#5200,1000.);
#3213=VECTOR('',#5201,1000.);
#3214=VECTOR('',#5204,1000.);
#3215=VECTOR('',#5205,1000.);
#3216=VECTOR('',#5208,1000.);
#3217=VECTOR('',#5209,1000.);
#3218=VECTOR('',#5212,1000.);
#3219=VECTOR('',#5215,1000.);
#3220=VECTOR('',#5220,1000.);
#3221=VECTOR('',#5223,1000.);
#3222=VECTOR('',#5226,1000.);
#3223=VECTOR('',#5231,1000.);
#3224=VECTOR('',#5232,1000.);
#3225=VECTOR('',#5233,1000.);
#3226=VECTOR('',#5236,1000.);
#3227=VECTOR('',#5237,1000.);
#3228=VECTOR('',#5240,1000.);
#3229=VECTOR('',#5241,1000.);
#3230=VECTOR('',#5242,1000.);
#3231=VECTOR('',#5245,1000.);
#3232=VECTOR('',#5248,1000.);
#3233=VECTOR('',#5251,1000.);
#3234=VECTOR('',#5252,1000.);
#3235=VECTOR('',#5253,1000.);
#3236=VECTOR('',#5256,1000.);
#3237=VECTOR('',#5257,1000.);
#3238=VECTOR('',#5260,1000.);
#3239=VECTOR('',#5261,1000.);
#3240=VECTOR('',#5264,1000.);
#3241=VECTOR('',#5267,1000.);
#3242=VECTOR('',#5272,1000.);
#3243=VECTOR('',#5275,1000.);
#3244=VECTOR('',#5278,1000.);
#3245=VECTOR('',#5283,1000.);
#3246=VECTOR('',#5284,1000.);
#3247=VECTOR('',#5285,1000.);
#3248=VECTOR('',#5288,1000.);
#3249=VECTOR('',#5291,1000.);
#3250=VECTOR('',#5292,1000.);
#3251=VECTOR('',#5293,1000.);
#3252=VECTOR('',#5296,1000.);
#3253=VECTOR('',#5297,1000.);
#3254=VECTOR('',#5300,1000.);
#3255=VECTOR('',#5301,1000.);
#3256=VECTOR('',#5304,1000.);
#3257=VECTOR('',#5305,1000.);
#3258=VECTOR('',#5306,1000.);
#3259=VECTOR('',#5309,1000.);
#3260=VECTOR('',#5312,1000.);
#3261=VECTOR('',#5313,1000.);
#3262=VECTOR('',#5316,1000.);
#3263=VECTOR('',#5319,1000.);
#3264=VECTOR('',#5322,1000.);
#3265=VECTOR('',#5325,1000.);
#3266=VECTOR('',#5330,1000.);
#3267=VECTOR('',#5335,1000.);
#3268=VECTOR('',#5336,1000.);
#3269=VECTOR('',#5337,1000.);
#3270=VECTOR('',#5340,1000.);
#3271=VECTOR('',#5343,1000.);
#3272=VECTOR('',#5344,1000.);
#3273=VECTOR('',#5345,1000.);
#3274=VECTOR('',#5348,1000.);
#3275=VECTOR('',#5349,1000.);
#3276=VECTOR('',#5352,1000.);
#3277=VECTOR('',#5353,1000.);
#3278=VECTOR('',#5356,1000.);
#3279=VECTOR('',#5357,1000.);
#3280=VECTOR('',#5358,1000.);
#3281=VECTOR('',#5361,1000.);
#3282=VECTOR('',#5364,1000.);
#3283=VECTOR('',#5365,1000.);
#3284=VECTOR('',#5368,1000.);
#3285=VECTOR('',#5371,1000.);
#3286=VECTOR('',#5374,1000.);
#3287=VECTOR('',#5377,1000.);
#3288=VECTOR('',#5382,1000.);
#3289=VECTOR('',#5387,1000.);
#3290=VECTOR('',#5388,1000.);
#3291=VECTOR('',#5391,1000.);
#3292=VECTOR('',#5392,1000.);
#3293=VECTOR('',#5393,1000.);
#3294=VECTOR('',#5394,1000.);
#3295=VECTOR('',#5395,1000.);
#3296=VECTOR('',#5402,1000.);
#3297=VECTOR('',#5403,1000.);
#3298=VECTOR('',#5406,1000.);
#3299=VECTOR('',#5407,1000.);
#3300=VECTOR('',#5408,1000.);
#3301=VECTOR('',#5409,1000.);
#3302=VECTOR('',#5410,1000.);
#3303=VECTOR('',#5417,1000.);
#3304=VECTOR('',#5418,1000.);
#3305=VECTOR('',#5419,1000.);
#3306=VECTOR('',#5422,1000.);
#3307=VECTOR('',#5423,1000.);
#3308=VECTOR('',#5424,1000.);
#3309=VECTOR('',#5429,1000.);
#3310=VECTOR('',#5434,1000.);
#3311=VECTOR('',#5435,1000.);
#3312=VECTOR('',#5436,1000.);
#3313=VECTOR('',#5439,1000.);
#3314=VECTOR('',#5440,1000.);
#3315=VECTOR('',#5441,1000.);
#3316=VECTOR('',#5444,1000.);
#3317=VECTOR('',#5445,1000.);
#3318=VECTOR('',#5446,1000.);
#3319=VECTOR('',#5459,1000.);
#3320=VECTOR('',#5460,1000.);
#3321=VECTOR('',#5461,1000.);
#3322=VECTOR('',#5462,1000.);
#3323=VECTOR('',#5467,1000.);
#3324=VECTOR('',#5472,1000.);
#3325=VECTOR('',#5473,1000.);
#3326=VECTOR('',#5476,1000.);
#3327=VECTOR('',#5477,1000.);
#3328=VECTOR('',#5478,1000.);
#3329=VECTOR('',#5483,1000.);
#3330=VECTOR('',#5488,1000.);
#3331=VECTOR('',#5489,1000.);
#3332=VECTOR('',#5490,1000.);
#3333=VECTOR('',#5493,1000.);
#3334=VECTOR('',#5494,1000.);
#3335=VECTOR('',#5503,1000.);
#3336=VECTOR('',#5504,1000.);
#3337=VECTOR('',#5505,1000.);
#3338=VECTOR('',#5506,1000.);
#3339=VECTOR('',#5509,1000.);
#3340=VECTOR('',#5510,1000.);
#3341=VECTOR('',#5511,1000.);
#3342=VECTOR('',#5514,1000.);
#3343=VECTOR('',#5515,1000.);
#3344=VECTOR('',#5516,1000.);
#3345=VECTOR('',#5519,1000.);
#3346=VECTOR('',#5520,1000.);
#3347=VECTOR('',#5521,1000.);
#3348=VECTOR('',#5524,1000.);
#3349=VECTOR('',#5525,1000.);
#3350=VECTOR('',#5526,1000.);
#3351=VECTOR('',#5529,1000.);
#3352=VECTOR('',#5530,1000.);
#3353=VECTOR('',#5539,1000.);
#3354=VECTOR('',#5540,1000.);
#3355=VECTOR('',#5541,1000.);
#3356=VECTOR('',#5542,1000.);
#3357=VECTOR('',#5545,1000.);
#3358=VECTOR('',#5546,1000.);
#3359=VECTOR('',#5547,1000.);
#3360=VECTOR('',#5548,1000.);
#3361=VECTOR('',#5551,1000.);
#3362=VECTOR('',#5552,1000.);
#3363=VECTOR('',#5553,1000.);
#3364=VECTOR('',#5554,1000.);
#3365=VECTOR('',#5557,1000.);
#3366=VECTOR('',#5558,1000.);
#3367=VECTOR('',#5559,1000.);
#3368=VECTOR('',#5560,1000.);
#3369=VECTOR('',#5563,1000.);
#3370=VECTOR('',#5564,1000.);
#3371=VECTOR('',#5565,1000.);
#3372=VECTOR('',#5566,1000.);
#3373=VECTOR('',#5569,1000.);
#3374=VECTOR('',#5570,1000.);
#3375=VECTOR('',#5571,1000.);
#3376=VECTOR('',#5572,1000.);
#3377=VECTOR('',#5575,1000.);
#3378=VECTOR('',#5576,1000.);
#3379=VECTOR('',#5577,1000.);
#3380=VECTOR('',#5578,1000.);
#3381=VECTOR('',#5581,1000.);
#3382=VECTOR('',#5582,1000.);
#3383=VECTOR('',#5583,1000.);
#3384=VECTOR('',#5586,1000.);
#3385=VECTOR('',#5587,1000.);
#3386=VECTOR('',#5588,1000.);
#3387=VECTOR('',#5591,1000.);
#3388=VECTOR('',#5592,1000.);
#3389=VECTOR('',#5593,1000.);
#3390=VECTOR('',#5596,1000.);
#3391=VECTOR('',#5597,1000.);
#3392=VECTOR('',#5598,1000.);
#3393=VECTOR('',#5603,1000.);
#3394=VECTOR('',#5612,1000.);
#3395=VECTOR('',#5619,1000.);
#3396=VECTOR('',#5626,1000.);
#3397=VECTOR('',#5629,1000.);
#3398=VECTOR('',#5630,1000.);
#3399=VECTOR('',#5631,1000.);
#3400=VECTOR('',#5634,1000.);
#3401=VECTOR('',#5635,1000.);
#3402=VECTOR('',#5636,1000.);
#3403=VECTOR('',#5639,1000.);
#3404=VECTOR('',#5640,1000.);
#3405=VECTOR('',#5641,1000.);
#3406=VECTOR('',#5644,1000.);
#3407=VECTOR('',#5645,1000.);
#3408=VECTOR('',#5646,1000.);
#3409=VECTOR('',#5649,1000.);
#3410=VECTOR('',#5650,1000.);
#3411=VECTOR('',#5651,1000.);
#3412=VECTOR('',#5652,1000.);
#3413=VECTOR('',#5653,1000.);
#3414=VECTOR('',#5654,1000.);
#3415=VECTOR('',#5655,1000.);
#3416=VECTOR('',#5656,1000.);
#3417=VECTOR('',#5657,1000.);
#3418=VECTOR('',#5658,1000.);
#3419=VECTOR('',#5659,1000.);
#3420=VECTOR('',#5660,1000.);
#3421=VECTOR('',#5663,1000.);
#3422=VECTOR('',#5664,1000.);
#3423=VECTOR('',#5665,1000.);
#3424=VECTOR('',#5666,1000.);
#3425=VECTOR('',#5667,1000.);
#3426=VECTOR('',#5668,1000.);
#3427=VECTOR('',#5669,1000.);
#3428=VECTOR('',#5670,1000.);
#3429=VECTOR('',#5671,1000.);
#3430=VECTOR('',#5672,1000.);
#3431=VECTOR('',#5673,1000.);
#3432=VECTOR('',#5674,1000.);
#3433=VECTOR('',#5675,1000.);
#3434=VECTOR('',#5676,1000.);
#3435=VECTOR('',#5677,1000.);
#3436=VECTOR('',#5678,1000.);
#3437=VECTOR('',#5681,1000.);
#3438=VECTOR('',#5682,1000.);
#3439=VECTOR('',#5683,1000.);
#3440=VECTOR('',#5686,1000.);
#3441=VECTOR('',#5687,1000.);
#3442=VECTOR('',#5688,1000.);
#3443=VECTOR('',#5691,1000.);
#3444=VECTOR('',#5692,1000.);
#3445=VECTOR('',#5693,1000.);
#3446=VECTOR('',#5696,1000.);
#3447=VECTOR('',#5697,1000.);
#3448=VECTOR('',#5698,1000.);
#3449=VECTOR('',#5703,1000.);
#3450=VECTOR('',#5708,1000.);
#3451=VECTOR('',#5715,1000.);
#3452=VECTOR('',#5722,1000.);
#3453=VECTOR('',#5729,1000.);
#3454=VECTOR('',#5730,1000.);
#3455=VECTOR('',#5733,1000.);
#3456=VECTOR('',#5734,1000.);
#3457=VECTOR('',#5737,1000.);
#3458=VECTOR('',#5738,1000.);
#3459=VECTOR('',#5741,1000.);
#3460=VECTOR('',#5742,1000.);
#3461=VECTOR('',#5745,1000.);
#3462=VECTOR('',#5746,1000.);
#3463=VECTOR('',#5747,1000.);
#3464=VECTOR('',#5748,1000.);
#3465=VECTOR('',#5749,1000.);
#3466=VECTOR('',#5750,1000.);
#3467=VECTOR('',#5751,1000.);
#3468=VECTOR('',#5752,1000.);
#3469=VECTOR('',#5753,1000.);
#3470=VECTOR('',#5754,1000.);
#3471=VECTOR('',#5755,1000.);
#3472=VECTOR('',#5756,1000.);
#3473=VECTOR('',#5759,1000.);
#3474=VECTOR('',#5760,1000.);
#3475=VECTOR('',#5761,1000.);
#3476=VECTOR('',#5764,1000.);
#3477=VECTOR('',#5765,1000.);
#3478=VECTOR('',#5766,1000.);
#3479=VECTOR('',#5767,1000.);
#3480=VECTOR('',#5768,1000.);
#3481=VECTOR('',#5769,1000.);
#3482=VECTOR('',#5770,1000.);
#3483=VECTOR('',#5771,1000.);
#3484=VECTOR('',#5772,1000.);
#3485=VECTOR('',#5773,1000.);
#3486=VECTOR('',#5774,1000.);
#3487=VECTOR('',#5781,1000.);
#3488=VECTOR('',#5784,1000.);
#3489=VECTOR('',#5789,1000.);
#3490=VECTOR('',#5792,1000.);
#3491=VECTOR('',#5797,1000.);
#3492=VECTOR('',#5798,1000.);
#3493=VECTOR('',#5805,1000.);
#3494=VECTOR('',#5808,1000.);
#3495=VECTOR('',#5813,1000.);
#3496=VECTOR('',#5816,1000.);
#3497=VECTOR('',#5821,1000.);
#3498=VECTOR('',#5824,1000.);
#3499=EDGE_LOOP('',(#141,#142,#143,#144));
#3500=EDGE_LOOP('',(#145,#146,#147,#148));
#3501=EDGE_LOOP('',(#149,#150,#151,#152));
#3502=EDGE_LOOP('',(#153,#154,#155,#156));
#3503=EDGE_LOOP('',(#157,#158,#159,#160,#161));
#3504=EDGE_LOOP('',(#162,#163,#164));
#3505=EDGE_LOOP('',(#165,#166,#167,#168,#169,#170));
#3506=EDGE_LOOP('',(#171,#172,#173,#174));
#3507=EDGE_LOOP('',(#175,#176,#177,#178));
#3508=EDGE_LOOP('',(#179,#180,#181,#182));
#3509=EDGE_LOOP('',(#183,#184,#185,#186));
#3510=EDGE_LOOP('',(#187,#188,#189,#190));
#3511=EDGE_LOOP('',(#191,#192,#193,#194));
#3512=EDGE_LOOP('',(#195,#196,#197,#198,#199,#200));
#3513=EDGE_LOOP('',(#201,#202,#203));
#3514=EDGE_LOOP('',(#204,#205,#206,#207,#208));
#3515=EDGE_LOOP('',(#209,#210,#211,#212));
#3516=EDGE_LOOP('',(#213,#214,#215,#216));
#3517=EDGE_LOOP('',(#217,#218,#219,#220,#221,#222));
#3518=EDGE_LOOP('',(#223,#224,#225,#226,#227,#228,#229,#230,#231,#232,#233,
#234,#235,#236));
#3519=EDGE_LOOP('',(#237,#238,#239,#240,#241,#242));
#3520=EDGE_LOOP('',(#243,#244,#245,#246,#247,#248,#249,#250,#251,#252,#253,
#254,#255,#256));
#3521=EDGE_LOOP('',(#257,#258,#259,#260,#261,#262));
#3522=EDGE_LOOP('',(#263,#264,#265,#266,#267));
#3523=EDGE_LOOP('',(#268,#269,#270,#271,#272));
#3524=EDGE_LOOP('',(#273,#274,#275,#276,#277,#278,#279,#280,#281,#282,#283,
#284,#285,#286,#287,#288));
#3525=EDGE_LOOP('',(#289,#290,#291,#292));
#3526=EDGE_LOOP('',(#293,#294,#295,#296));
#3527=EDGE_LOOP('',(#297,#298,#299,#300,#301,#302,#303,#304));
#3528=EDGE_LOOP('',(#305,#306,#307,#308,#309,#310,#311,#312,#313,#314,#315,
#316,#317,#318,#319,#320,#321,#322,#323,#324,#325,#326,#327,#328));
#3529=EDGE_LOOP('',(#329,#330,#331,#332));
#3530=EDGE_LOOP('',(#333,#334,#335,#336,#337,#338));
#3531=EDGE_LOOP('',(#339,#340,#341,#342,#343,#344));
#3532=EDGE_LOOP('',(#345,#346,#347,#348,#349,#350,#351,#352));
#3533=EDGE_LOOP('',(#353,#354,#355,#356));
#3534=EDGE_LOOP('',(#357,#358,#359,#360));
#3535=EDGE_LOOP('',(#361,#362,#363,#364));
#3536=EDGE_LOOP('',(#365,#366,#367,#368));
#3537=EDGE_LOOP('',(#369,#370,#371,#372));
#3538=EDGE_LOOP('',(#373,#374,#375,#376,#377,#378,#379,#380,#381,#382,#383,
#384));
#3539=EDGE_LOOP('',(#385,#386,#387,#388));
#3540=EDGE_LOOP('',(#389,#390,#391,#392,#393,#394,#395,#396,#397,#398));
#3541=EDGE_LOOP('',(#399,#400,#401,#402));
#3542=EDGE_LOOP('',(#403,#404,#405,#406,#407,#408,#409,#410,#411,#412));
#3543=EDGE_LOOP('',(#413,#414,#415,#416));
#3544=EDGE_LOOP('',(#417,#418,#419,#420,#421,#422,#423,#424,#425,#426));
#3545=EDGE_LOOP('',(#427,#428,#429,#430));
#3546=EDGE_LOOP('',(#431,#432,#433,#434));
#3547=EDGE_LOOP('',(#435,#436,#437,#438,#439,#440,#441,#442,#443,#444));
#3548=EDGE_LOOP('',(#445,#446,#447,#448));
#3549=EDGE_LOOP('',(#449,#450,#451,#452));
#3550=EDGE_LOOP('',(#453,#454,#455,#456));
#3551=EDGE_LOOP('',(#457,#458,#459,#460));
#3552=EDGE_LOOP('',(#461,#462,#463,#464));
#3553=EDGE_LOOP('',(#465,#466,#467,#468));
#3554=EDGE_LOOP('',(#469,#470,#471,#472));
#3555=EDGE_LOOP('',(#473,#474,#475,#476));
#3556=EDGE_LOOP('',(#477,#478,#479,#480));
#3557=EDGE_LOOP('',(#481,#482,#483,#484));
#3558=EDGE_LOOP('',(#485,#486,#487,#488));
#3559=EDGE_LOOP('',(#489,#490,#491,#492));
#3560=EDGE_LOOP('',(#493,#494,#495,#496));
#3561=EDGE_LOOP('',(#497,#498,#499,#500));
#3562=EDGE_LOOP('',(#501,#502,#503,#504));
#3563=EDGE_LOOP('',(#505,#506,#507,#508));
#3564=EDGE_LOOP('',(#509,#510,#511,#512));
#3565=EDGE_LOOP('',(#513,#514,#515,#516));
#3566=EDGE_LOOP('',(#517,#518,#519,#520));
#3567=EDGE_LOOP('',(#521,#522,#523,#524));
#3568=EDGE_LOOP('',(#525,#526,#527,#528,#529,#530,#531,#532));
#3569=EDGE_LOOP('',(#533,#534,#535,#536,#537,#538,#539,#540));
#3570=EDGE_LOOP('',(#541,#542,#543,#544));
#3571=EDGE_LOOP('',(#545,#546,#547,#548));
#3572=EDGE_LOOP('',(#549,#550,#551,#552));
#3573=EDGE_LOOP('',(#553,#554,#555,#556));
#3574=EDGE_LOOP('',(#557,#558,#559,#560));
#3575=EDGE_LOOP('',(#561,#562,#563,#564,#565,#566,#567,#568));
#3576=EDGE_LOOP('',(#569,#570,#571,#572,#573,#574,#575,#576));
#3577=EDGE_LOOP('',(#577,#578,#579,#580));
#3578=EDGE_LOOP('',(#581,#582,#583,#584,#585,#586,#587,#588));
#3579=EDGE_LOOP('',(#589,#590,#591,#592));
#3580=EDGE_LOOP('',(#593,#594,#595,#596));
#3581=EDGE_LOOP('',(#597,#598,#599,#600));
#3582=EDGE_LOOP('',(#601,#602,#603,#604));
#3583=EDGE_LOOP('',(#605,#606,#607,#608));
#3584=EDGE_LOOP('',(#609,#610,#611,#612));
#3585=EDGE_LOOP('',(#613,#614,#615,#616));
#3586=EDGE_LOOP('',(#617,#618,#619,#620));
#3587=EDGE_LOOP('',(#621,#622,#623,#624));
#3588=EDGE_LOOP('',(#625,#626,#627,#628,#629,#630,#631,#632));
#3589=EDGE_LOOP('',(#633,#634,#635,#636));
#3590=EDGE_LOOP('',(#637,#638,#639,#640));
#3591=EDGE_LOOP('',(#641,#642,#643,#644));
#3592=EDGE_LOOP('',(#645,#646,#647,#648,#649,#650,#651,#652));
#3593=EDGE_LOOP('',(#653,#654,#655,#656));
#3594=EDGE_LOOP('',(#657,#658,#659,#660));
#3595=EDGE_LOOP('',(#661,#662,#663,#664));
#3596=EDGE_LOOP('',(#665,#666,#667,#668,#669,#670,#671,#672,#673,#674,#675));
#3597=EDGE_LOOP('',(#676,#677,#678,#679,#680,#681,#682,#683,#684,#685,#686));
#3598=EDGE_LOOP('',(#687,#688,#689,#690));
#3599=EDGE_LOOP('',(#691,#692,#693,#694));
#3600=EDGE_LOOP('',(#695,#696,#697,#698));
#3601=EDGE_LOOP('',(#699,#700,#701,#702));
#3602=EDGE_LOOP('',(#703,#704,#705,#706));
#3603=EDGE_LOOP('',(#707,#708,#709,#710));
#3604=EDGE_LOOP('',(#711,#712,#713,#714));
#3605=EDGE_LOOP('',(#715,#716,#717,#718));
#3606=EDGE_LOOP('',(#719,#720,#721,#722));
#3607=EDGE_LOOP('',(#723,#724,#725,#726,#727,#728,#729,#730,#731,#732,#733));
#3608=EDGE_LOOP('',(#734,#735,#736,#737,#738,#739,#740,#741,#742,#743,#744));
#3609=EDGE_LOOP('',(#745,#746,#747,#748));
#3610=EDGE_LOOP('',(#749,#750,#751,#752));
#3611=EDGE_LOOP('',(#753,#754,#755,#756));
#3612=EDGE_LOOP('',(#757,#758,#759,#760));
#3613=EDGE_LOOP('',(#761,#762,#763,#764));
#3614=EDGE_LOOP('',(#765,#766,#767,#768));
#3615=EDGE_LOOP('',(#769,#770,#771,#772));
#3616=EDGE_LOOP('',(#773,#774,#775,#776));
#3617=EDGE_LOOP('',(#777,#778,#779,#780));
#3618=EDGE_LOOP('',(#781,#782,#783,#784,#785,#786,#787,#788,#789,#790,#791));
#3619=EDGE_LOOP('',(#792,#793,#794,#795,#796,#797,#798,#799,#800,#801,#802));
#3620=EDGE_LOOP('',(#803,#804,#805,#806));
#3621=EDGE_LOOP('',(#807,#808,#809,#810));
#3622=EDGE_LOOP('',(#811,#812,#813,#814));
#3623=EDGE_LOOP('',(#815,#816,#817,#818));
#3624=EDGE_LOOP('',(#819,#820,#821,#822));
#3625=EDGE_LOOP('',(#823,#824,#825,#826));
#3626=EDGE_LOOP('',(#827,#828,#829,#830));
#3627=EDGE_LOOP('',(#831,#832,#833,#834));
#3628=EDGE_LOOP('',(#835,#836,#837,#838));
#3629=EDGE_LOOP('',(#839,#840,#841,#842,#843,#844,#845,#846,#847,#848,#849));
#3630=EDGE_LOOP('',(#850,#851,#852,#853,#854,#855,#856,#857,#858,#859,#860));
#3631=EDGE_LOOP('',(#861,#862,#863,#864));
#3632=EDGE_LOOP('',(#865,#866,#867,#868));
#3633=EDGE_LOOP('',(#869,#870,#871,#872));
#3634=EDGE_LOOP('',(#873,#874,#875,#876));
#3635=EDGE_LOOP('',(#877,#878,#879,#880));
#3636=EDGE_LOOP('',(#881,#882,#883,#884));
#3637=EDGE_LOOP('',(#885,#886,#887,#888));
#3638=EDGE_LOOP('',(#889,#890,#891,#892));
#3639=EDGE_LOOP('',(#893,#894,#895,#896));
#3640=EDGE_LOOP('',(#897,#898,#899,#900,#901,#902,#903,#904));
#3641=EDGE_LOOP('',(#905,#906,#907,#908));
#3642=EDGE_LOOP('',(#909,#910,#911,#912));
#3643=EDGE_LOOP('',(#913,#914,#915,#916));
#3644=EDGE_LOOP('',(#917,#918,#919,#920,#921,#922,#923,#924));
#3645=EDGE_LOOP('',(#925,#926,#927,#928));
#3646=EDGE_LOOP('',(#929,#930,#931,#932));
#3647=EDGE_LOOP('',(#933,#934,#935,#936));
#3648=EDGE_LOOP('',(#937,#938,#939,#940));
#3649=EDGE_LOOP('',(#941,#942,#943,#944));
#3650=EDGE_LOOP('',(#945,#946,#947,#948));
#3651=EDGE_LOOP('',(#949,#950,#951,#952));
#3652=EDGE_LOOP('',(#953,#954,#955,#956));
#3653=EDGE_LOOP('',(#957,#958,#959,#960));
#3654=EDGE_LOOP('',(#961,#962,#963,#964,#965,#966,#967,#968));
#3655=EDGE_LOOP('',(#969,#970,#971,#972,#973,#974,#975,#976));
#3656=EDGE_LOOP('',(#977,#978,#979,#980));
#3657=EDGE_LOOP('',(#981,#982,#983,#984));
#3658=EDGE_LOOP('',(#985,#986,#987,#988));
#3659=EDGE_LOOP('',(#989,#990,#991,#992));
#3660=EDGE_LOOP('',(#993,#994,#995,#996));
#3661=EDGE_LOOP('',(#997,#998,#999,#1000));
#3662=EDGE_LOOP('',(#1001,#1002,#1003,#1004));
#3663=EDGE_LOOP('',(#1005,#1006,#1007,#1008,#1009,#1010,#1011,#1012));
#3664=EDGE_LOOP('',(#1013,#1014,#1015,#1016,#1017,#1018,#1019,#1020));
#3665=EDGE_LOOP('',(#1021,#1022,#1023,#1024));
#3666=EDGE_LOOP('',(#1025,#1026,#1027,#1028));
#3667=EDGE_LOOP('',(#1029,#1030,#1031,#1032));
#3668=EDGE_LOOP('',(#1033,#1034,#1035,#1036));
#3669=EDGE_LOOP('',(#1037,#1038,#1039,#1040));
#3670=EDGE_LOOP('',(#1041,#1042,#1043,#1044));
#3671=EDGE_LOOP('',(#1045,#1046,#1047,#1048,#1049,#1050));
#3672=EDGE_LOOP('',(#1051,#1052,#1053,#1054,#1055,#1056));
#3673=EDGE_LOOP('',(#1057,#1058,#1059,#1060));
#3674=EDGE_LOOP('',(#1061,#1062,#1063,#1064));
#3675=EDGE_LOOP('',(#1065,#1066,#1067,#1068));
#3676=EDGE_LOOP('',(#1069,#1070,#1071,#1072));
#3677=EDGE_LOOP('',(#1073,#1074,#1075,#1076));
#3678=EDGE_LOOP('',(#1077,#1078,#1079,#1080));
#3679=EDGE_LOOP('',(#1081,#1082,#1083,#1084));
#3680=EDGE_LOOP('',(#1085,#1086,#1087,#1088));
#3681=EDGE_LOOP('',(#1089,#1090,#1091,#1092));
#3682=EDGE_LOOP('',(#1093,#1094,#1095,#1096));
#3683=EDGE_LOOP('',(#1097,#1098,#1099,#1100));
#3684=EDGE_LOOP('',(#1101,#1102,#1103,#1104));
#3685=EDGE_LOOP('',(#1105,#1106,#1107,#1108));
#3686=EDGE_LOOP('',(#1109,#1110,#1111,#1112));
#3687=EDGE_LOOP('',(#1113,#1114,#1115,#1116));
#3688=EDGE_LOOP('',(#1117,#1118,#1119,#1120));
#3689=EDGE_LOOP('',(#1121,#1122,#1123,#1124));
#3690=EDGE_LOOP('',(#1125,#1126,#1127,#1128));
#3691=EDGE_LOOP('',(#1129,#1130,#1131,#1132));
#3692=EDGE_LOOP('',(#1133,#1134,#1135,#1136,#1137,#1138,#1139,#1140,#1141,
#1142,#1143,#1144,#1145,#1146,#1147,#1148));
#3693=EDGE_LOOP('',(#1149,#1150,#1151,#1152,#1153,#1154,#1155,#1156,#1157,
#1158,#1159,#1160,#1161,#1162,#1163,#1164));
#3694=EDGE_LOOP('',(#1165,#1166,#1167,#1168));
#3695=EDGE_LOOP('',(#1169,#1170,#1171,#1172));
#3696=EDGE_LOOP('',(#1173,#1174,#1175,#1176));
#3697=EDGE_LOOP('',(#1177,#1178,#1179,#1180));
#3698=EDGE_LOOP('',(#1181,#1182,#1183,#1184));
#3699=EDGE_LOOP('',(#1185,#1186,#1187,#1188));
#3700=EDGE_LOOP('',(#1189,#1190,#1191,#1192));
#3701=EDGE_LOOP('',(#1193,#1194,#1195,#1196));
#3702=EDGE_LOOP('',(#1197,#1198,#1199,#1200));
#3703=EDGE_LOOP('',(#1201,#1202,#1203,#1204));
#3704=EDGE_LOOP('',(#1205,#1206,#1207,#1208));
#3705=EDGE_LOOP('',(#1209,#1210,#1211,#1212));
#3706=EDGE_LOOP('',(#1213,#1214,#1215,#1216,#1217,#1218,#1219,#1220,#1221,
#1222,#1223,#1224,#1225,#1226,#1227,#1228));
#3707=EDGE_LOOP('',(#1229,#1230,#1231,#1232));
#3708=EDGE_LOOP('',(#1233,#1234,#1235,#1236,#1237,#1238,#1239,#1240,#1241,
#1242,#1243,#1244,#1245,#1246,#1247,#1248));
#3709=EDGE_LOOP('',(#1249,#1250,#1251,#1252,#1253,#1254,#1255,#1256,#1257,
#1258,#1259,#1260));
#3710=EDGE_LOOP('',(#1261,#1262,#1263,#1264,#1265,#1266,#1267,#1268,#1269,
#1270,#1271,#1272));
#3711=EDGE_LOOP('',(#1273,#1274,#1275,#1276,#1277,#1278,#1279,#1280,#1281,
#1282));
#3712=EDGE_LOOP('',(#1283,#1284,#1285,#1286,#1287,#1288,#1289,#1290,#1291,
#1292));
#3713=EDGE_LOOP('',(#1293,#1294,#1295,#1296));
#3714=EDGE_LOOP('',(#1297,#1298,#1299,#1300,#1301,#1302,#1303,#1304,#1305,
#1306));
#3715=EDGE_LOOP('',(#1307,#1308,#1309,#1310,#1311,#1312,#1313,#1314,#1315,
#1316));
#3716=EDGE_LOOP('',(#1317,#1318,#1319,#1320));
#3717=EDGE_LOOP('',(#1321,#1322,#1323,#1324));
#3718=EDGE_LOOP('',(#1325,#1326,#1327,#1328,#1329,#1330,#1331,#1332,#1333,
#1334));
#3719=EDGE_LOOP('',(#1335,#1336,#1337,#1338,#1339,#1340,#1341,#1342,#1343,
#1344));
#3720=EDGE_LOOP('',(#1345,#1346,#1347,#1348));
#3721=EDGE_LOOP('',(#1349,#1350,#1351,#1352));
#3722=EDGE_LOOP('',(#1353,#1354,#1355,#1356));
#3723=EDGE_LOOP('',(#1357,#1358,#1359,#1360));
#3724=EDGE_LOOP('',(#1361,#1362,#1363,#1364));
#3725=EDGE_LOOP('',(#1365,#1366,#1367,#1368));
#3726=EDGE_LOOP('',(#1369,#1370,#1371,#1372));
#3727=EDGE_LOOP('',(#1373,#1374,#1375,#1376));
#3728=EDGE_LOOP('',(#1377,#1378,#1379,#1380));
#3729=FACE_BOUND('',#3499,.T.);
#3730=FACE_BOUND('',#3500,.T.);
#3731=FACE_BOUND('',#3501,.T.);
#3732=FACE_BOUND('',#3502,.T.);
#3733=FACE_BOUND('',#3503,.T.);
#3734=FACE_BOUND('',#3504,.T.);
#3735=FACE_BOUND('',#3505,.T.);
#3736=FACE_BOUND('',#3506,.T.);
#3737=FACE_BOUND('',#3507,.T.);
#3738=FACE_BOUND('',#3508,.T.);
#3739=FACE_BOUND('',#3509,.T.);
#3740=FACE_BOUND('',#3510,.T.);
#3741=FACE_BOUND('',#3511,.T.);
#3742=FACE_BOUND('',#3512,.T.);
#3743=FACE_BOUND('',#3513,.T.);
#3744=FACE_BOUND('',#3514,.T.);
#3745=FACE_BOUND('',#3515,.T.);
#3746=FACE_BOUND('',#3516,.T.);
#3747=FACE_BOUND('',#3517,.T.);
#3748=FACE_BOUND('',#3518,.T.);
#3749=FACE_BOUND('',#3519,.T.);
#3750=FACE_BOUND('',#3520,.T.);
#3751=FACE_BOUND('',#3521,.T.);
#3752=FACE_BOUND('',#3522,.T.);
#3753=FACE_BOUND('',#3523,.T.);
#3754=FACE_BOUND('',#3524,.T.);
#3755=FACE_BOUND('',#3525,.T.);
#3756=FACE_BOUND('',#3526,.T.);
#3757=FACE_BOUND('',#3527,.T.);
#3758=FACE_BOUND('',#3528,.T.);
#3759=FACE_BOUND('',#3529,.T.);
#3760=FACE_BOUND('',#3530,.T.);
#3761=FACE_BOUND('',#3531,.T.);
#3762=FACE_BOUND('',#3532,.T.);
#3763=FACE_BOUND('',#3533,.T.);
#3764=FACE_BOUND('',#3534,.T.);
#3765=FACE_BOUND('',#3535,.T.);
#3766=FACE_BOUND('',#3536,.T.);
#3767=FACE_BOUND('',#3537,.T.);
#3768=FACE_BOUND('',#3538,.T.);
#3769=FACE_BOUND('',#3539,.T.);
#3770=FACE_BOUND('',#3540,.T.);
#3771=FACE_BOUND('',#3541,.T.);
#3772=FACE_BOUND('',#3542,.T.);
#3773=FACE_BOUND('',#3543,.T.);
#3774=FACE_BOUND('',#3544,.T.);
#3775=FACE_BOUND('',#3545,.T.);
#3776=FACE_BOUND('',#3546,.T.);
#3777=FACE_BOUND('',#3547,.T.);
#3778=FACE_BOUND('',#3548,.T.);
#3779=FACE_BOUND('',#3549,.T.);
#3780=FACE_BOUND('',#3550,.T.);
#3781=FACE_BOUND('',#3551,.T.);
#3782=FACE_BOUND('',#3552,.T.);
#3783=FACE_BOUND('',#3553,.T.);
#3784=FACE_BOUND('',#3554,.T.);
#3785=FACE_BOUND('',#3555,.T.);
#3786=FACE_BOUND('',#3556,.T.);
#3787=FACE_BOUND('',#3557,.T.);
#3788=FACE_BOUND('',#3558,.T.);
#3789=FACE_BOUND('',#3559,.T.);
#3790=FACE_BOUND('',#3560,.T.);
#3791=FACE_BOUND('',#3561,.T.);
#3792=FACE_BOUND('',#3562,.T.);
#3793=FACE_BOUND('',#3563,.T.);
#3794=FACE_BOUND('',#3564,.T.);
#3795=FACE_BOUND('',#3565,.T.);
#3796=FACE_BOUND('',#3566,.T.);
#3797=FACE_BOUND('',#3567,.T.);
#3798=FACE_BOUND('',#3568,.T.);
#3799=FACE_BOUND('',#3569,.T.);
#3800=FACE_BOUND('',#3570,.T.);
#3801=FACE_BOUND('',#3571,.T.);
#3802=FACE_BOUND('',#3572,.T.);
#3803=FACE_BOUND('',#3573,.T.);
#3804=FACE_BOUND('',#3574,.T.);
#3805=FACE_BOUND('',#3575,.T.);
#3806=FACE_BOUND('',#3576,.T.);
#3807=FACE_BOUND('',#3577,.T.);
#3808=FACE_BOUND('',#3578,.T.);
#3809=FACE_BOUND('',#3579,.T.);
#3810=FACE_BOUND('',#3580,.T.);
#3811=FACE_BOUND('',#3581,.T.);
#3812=FACE_BOUND('',#3582,.T.);
#3813=FACE_BOUND('',#3583,.T.);
#3814=FACE_BOUND('',#3584,.T.);
#3815=FACE_BOUND('',#3585,.T.);
#3816=FACE_BOUND('',#3586,.T.);
#3817=FACE_BOUND('',#3587,.T.);
#3818=FACE_BOUND('',#3588,.T.);
#3819=FACE_BOUND('',#3589,.T.);
#3820=FACE_BOUND('',#3590,.T.);
#3821=FACE_BOUND('',#3591,.T.);
#3822=FACE_BOUND('',#3592,.T.);
#3823=FACE_BOUND('',#3593,.T.);
#3824=FACE_BOUND('',#3594,.T.);
#3825=FACE_BOUND('',#3595,.T.);
#3826=FACE_BOUND('',#3596,.T.);
#3827=FACE_BOUND('',#3597,.T.);
#3828=FACE_BOUND('',#3598,.T.);
#3829=FACE_BOUND('',#3599,.T.);
#3830=FACE_BOUND('',#3600,.T.);
#3831=FACE_BOUND('',#3601,.T.);
#3832=FACE_BOUND('',#3602,.T.);
#3833=FACE_BOUND('',#3603,.T.);
#3834=FACE_BOUND('',#3604,.T.);
#3835=FACE_BOUND('',#3605,.T.);
#3836=FACE_BOUND('',#3606,.T.);
#3837=FACE_BOUND('',#3607,.T.);
#3838=FACE_BOUND('',#3608,.T.);
#3839=FACE_BOUND('',#3609,.T.);
#3840=FACE_BOUND('',#3610,.T.);
#3841=FACE_BOUND('',#3611,.T.);
#3842=FACE_BOUND('',#3612,.T.);
#3843=FACE_BOUND('',#3613,.T.);
#3844=FACE_BOUND('',#3614,.T.);
#3845=FACE_BOUND('',#3615,.T.);
#3846=FACE_BOUND('',#3616,.T.);
#3847=FACE_BOUND('',#3617,.T.);
#3848=FACE_BOUND('',#3618,.T.);
#3849=FACE_BOUND('',#3619,.T.);
#3850=FACE_BOUND('',#3620,.T.);
#3851=FACE_BOUND('',#3621,.T.);
#3852=FACE_BOUND('',#3622,.T.);
#3853=FACE_BOUND('',#3623,.T.);
#3854=FACE_BOUND('',#3624,.T.);
#3855=FACE_BOUND('',#3625,.T.);
#3856=FACE_BOUND('',#3626,.T.);
#3857=FACE_BOUND('',#3627,.T.);
#3858=FACE_BOUND('',#3628,.T.);
#3859=FACE_BOUND('',#3629,.T.);
#3860=FACE_BOUND('',#3630,.T.);
#3861=FACE_BOUND('',#3631,.T.);
#3862=FACE_BOUND('',#3632,.T.);
#3863=FACE_BOUND('',#3633,.T.);
#3864=FACE_BOUND('',#3634,.T.);
#3865=FACE_BOUND('',#3635,.T.);
#3866=FACE_BOUND('',#3636,.T.);
#3867=FACE_BOUND('',#3637,.T.);
#3868=FACE_BOUND('',#3638,.T.);
#3869=FACE_BOUND('',#3639,.T.);
#3870=FACE_BOUND('',#3640,.T.);
#3871=FACE_BOUND('',#3641,.T.);
#3872=FACE_BOUND('',#3642,.T.);
#3873=FACE_BOUND('',#3643,.T.);
#3874=FACE_BOUND('',#3644,.T.);
#3875=FACE_BOUND('',#3645,.T.);
#3876=FACE_BOUND('',#3646,.T.);
#3877=FACE_BOUND('',#3647,.T.);
#3878=FACE_BOUND('',#3648,.T.);
#3879=FACE_BOUND('',#3649,.T.);
#3880=FACE_BOUND('',#3650,.T.);
#3881=FACE_BOUND('',#3651,.T.);
#3882=FACE_BOUND('',#3652,.T.);
#3883=FACE_BOUND('',#3653,.T.);
#3884=FACE_BOUND('',#3654,.T.);
#3885=FACE_BOUND('',#3655,.T.);
#3886=FACE_BOUND('',#3656,.T.);
#3887=FACE_BOUND('',#3657,.T.);
#3888=FACE_BOUND('',#3658,.T.);
#3889=FACE_BOUND('',#3659,.T.);
#3890=FACE_BOUND('',#3660,.T.);
#3891=FACE_BOUND('',#3661,.T.);
#3892=FACE_BOUND('',#3662,.T.);
#3893=FACE_BOUND('',#3663,.T.);
#3894=FACE_BOUND('',#3664,.T.);
#3895=FACE_BOUND('',#3665,.T.);
#3896=FACE_BOUND('',#3666,.T.);
#3897=FACE_BOUND('',#3667,.T.);
#3898=FACE_BOUND('',#3668,.T.);
#3899=FACE_BOUND('',#3669,.T.);
#3900=FACE_BOUND('',#3670,.T.);
#3901=FACE_BOUND('',#3671,.T.);
#3902=FACE_BOUND('',#3672,.T.);
#3903=FACE_BOUND('',#3673,.T.);
#3904=FACE_BOUND('',#3674,.T.);
#3905=FACE_BOUND('',#3675,.T.);
#3906=FACE_BOUND('',#3676,.T.);
#3907=FACE_BOUND('',#3677,.T.);
#3908=FACE_BOUND('',#3678,.T.);
#3909=FACE_BOUND('',#3679,.T.);
#3910=FACE_BOUND('',#3680,.T.);
#3911=FACE_BOUND('',#3681,.T.);
#3912=FACE_BOUND('',#3682,.T.);
#3913=FACE_BOUND('',#3683,.T.);
#3914=FACE_BOUND('',#3684,.T.);
#3915=FACE_BOUND('',#3685,.T.);
#3916=FACE_BOUND('',#3686,.T.);
#3917=FACE_BOUND('',#3687,.T.);
#3918=FACE_BOUND('',#3688,.T.);
#3919=FACE_BOUND('',#3689,.T.);
#3920=FACE_BOUND('',#3690,.T.);
#3921=FACE_BOUND('',#3691,.T.);
#3922=FACE_BOUND('',#3692,.T.);
#3923=FACE_BOUND('',#3693,.T.);
#3924=FACE_BOUND('',#3694,.T.);
#3925=FACE_BOUND('',#3695,.T.);
#3926=FACE_BOUND('',#3696,.T.);
#3927=FACE_BOUND('',#3697,.T.);
#3928=FACE_BOUND('',#3698,.T.);
#3929=FACE_BOUND('',#3699,.T.);
#3930=FACE_BOUND('',#3700,.T.);
#3931=FACE_BOUND('',#3701,.T.);
#3932=FACE_BOUND('',#3702,.T.);
#3933=FACE_BOUND('',#3703,.T.);
#3934=FACE_BOUND('',#3704,.T.);
#3935=FACE_BOUND('',#3705,.T.);
#3936=FACE_BOUND('',#3706,.T.);
#3937=FACE_BOUND('',#3707,.T.);
#3938=FACE_BOUND('',#3708,.T.);
#3939=FACE_BOUND('',#3709,.T.);
#3940=FACE_BOUND('',#3710,.T.);
#3941=FACE_BOUND('',#3711,.T.);
#3942=FACE_BOUND('',#3712,.T.);
#3943=FACE_BOUND('',#3713,.T.);
#3944=FACE_BOUND('',#3714,.T.);
#3945=FACE_BOUND('',#3715,.T.);
#3946=FACE_BOUND('',#3716,.T.);
#3947=FACE_BOUND('',#3717,.T.);
#3948=FACE_BOUND('',#3718,.T.);
#3949=FACE_BOUND('',#3719,.T.);
#3950=FACE_BOUND('',#3720,.T.);
#3951=FACE_BOUND('',#3721,.T.);
#3952=FACE_BOUND('',#3722,.T.);
#3953=FACE_BOUND('',#3723,.T.);
#3954=FACE_BOUND('',#3724,.T.);
#3955=FACE_BOUND('',#3725,.T.);
#3956=FACE_BOUND('',#3726,.T.);
#3957=FACE_BOUND('',#3727,.T.);
#3958=FACE_BOUND('',#3728,.T.);
#3959=PLANE('',#4395);
#3960=PLANE('',#4396);
#3961=PLANE('',#4397);
#3962=PLANE('',#4401);
#3963=PLANE('',#4404);
#3964=PLANE('',#4407);
#3965=PLANE('',#4413);
#3966=PLANE('',#4414);
#3967=PLANE('',#4415);
#3968=PLANE('',#4416);
#3969=PLANE('',#4420);
#3970=PLANE('',#4423);
#3971=PLANE('',#4426);
#3972=PLANE('',#4432);
#3973=PLANE('',#4433);
#3974=PLANE('',#4434);
#3975=PLANE('',#4435);
#3976=PLANE('',#4438);
#3977=PLANE('',#4440);
#3978=PLANE('',#4442);
#3979=PLANE('',#4443);
#3980=PLANE('',#4444);
#3981=PLANE('',#4445);
#3982=PLANE('',#4455);
#3983=PLANE('',#4459);
#3984=PLANE('',#4460);
#3985=PLANE('',#4461);
#3986=PLANE('',#4463);
#3987=PLANE('',#4465);
#3988=PLANE('',#4468);
#3989=PLANE('',#4469);
#3990=PLANE('',#4470);
#3991=PLANE('',#4471);
#3992=PLANE('',#4472);
#3993=PLANE('',#4473);
#3994=PLANE('',#4474);
#3995=PLANE('',#4475);
#3996=PLANE('',#4476);
#3997=PLANE('',#4477);
#3998=PLANE('',#4478);
#3999=PLANE('',#4479);
#4000=PLANE('',#4480);
#4001=PLANE('',#4481);
#4002=PLANE('',#4482);
#4003=PLANE('',#4483);
#4004=PLANE('',#4484);
#4005=PLANE('',#4487);
#4006=PLANE('',#4490);
#4007=PLANE('',#4493);
#4008=PLANE('',#4496);
#4009=PLANE('',#4497);
#4010=PLANE('',#4498);
#4011=PLANE('',#4499);
#4012=PLANE('',#4500);
#4013=PLANE('',#4501);
#4014=PLANE('',#4502);
#4015=PLANE('',#4503);
#4016=PLANE('',#4504);
#4017=PLANE('',#4505);
#4018=PLANE('',#4506);
#4019=PLANE('',#4507);
#4020=PLANE('',#4508);
#4021=PLANE('',#4509);
#4022=PLANE('',#4510);
#4023=PLANE('',#4511);
#4024=PLANE('',#4512);
#4025=PLANE('',#4513);
#4026=PLANE('',#4514);
#4027=PLANE('',#4515);
#4028=PLANE('',#4518);
#4029=PLANE('',#4521);
#4030=PLANE('',#4522);
#4031=PLANE('',#4524);
#4032=PLANE('',#4525);
#4033=PLANE('',#4526);
#4034=PLANE('',#4528);
#4035=PLANE('',#4529);
#4036=PLANE('',#4530);
#4037=PLANE('',#4533);
#4038=PLANE('',#4536);
#4039=PLANE('',#4537);
#4040=PLANE('',#4539);
#4041=PLANE('',#4540);
#4042=PLANE('',#4541);
#4043=PLANE('',#4543);
#4044=PLANE('',#4544);
#4045=PLANE('',#4545);
#4046=PLANE('',#4548);
#4047=PLANE('',#4551);
#4048=PLANE('',#4552);
#4049=PLANE('',#4553);
#4050=PLANE('',#4555);
#4051=PLANE('',#4556);
#4052=PLANE('',#4557);
#4053=PLANE('',#4559);
#4054=PLANE('',#4560);
#4055=PLANE('',#4563);
#4056=PLANE('',#4566);
#4057=PLANE('',#4567);
#4058=PLANE('',#4568);
#4059=PLANE('',#4570);
#4060=PLANE('',#4571);
#4061=PLANE('',#4572);
#4062=PLANE('',#4574);
#4063=PLANE('',#4575);
#4064=PLANE('',#4576);
#4065=PLANE('',#4577);
#4066=PLANE('',#4578);
#4067=PLANE('',#4579);
#4068=PLANE('',#4580);
#4069=PLANE('',#4581);
#4070=PLANE('',#4582);
#4071=PLANE('',#4583);
#4072=PLANE('',#4587);
#4073=PLANE('',#4588);
#4074=PLANE('',#4589);
#4075=PLANE('',#4593);
#4076=PLANE('',#4594);
#4077=PLANE('',#4595);
#4078=PLANE('',#4599);
#4079=PLANE('',#4600);
#4080=PLANE('',#4604);
#4081=PLANE('',#4605);
#4082=PLANE('',#4606);
#4083=PLANE('',#4607);
#4084=PLANE('',#4609);
#4085=PLANE('',#4610);
#4086=PLANE('',#4611);
#4087=PLANE('',#4612);
#4088=PLANE('',#4613);
#4089=PLANE('',#4614);
#4090=PLANE('',#4615);
#4091=PLANE('',#4616);
#4092=PLANE('',#4618);
#4093=PLANE('',#4619);
#4094=PLANE('',#4620);
#4095=PLANE('',#4621);
#4096=PLANE('',#4622);
#4097=PLANE('',#4623);
#4098=PLANE('',#4624);
#4099=PLANE('',#4625);
#4100=PLANE('',#4626);
#4101=PLANE('',#4627);
#4102=PLANE('',#4628);
#4103=PLANE('',#4641);
#4104=PLANE('',#4642);
#4105=PLANE('',#4643);
#4106=PLANE('',#4644);
#4107=PLANE('',#4645);
#4108=PLANE('',#4646);
#4109=PLANE('',#4647);
#4110=PLANE('',#4648);
#4111=PLANE('',#4649);
#4112=PLANE('',#4650);
#4113=PLANE('',#4663);
#4114=PLANE('',#4664);
#4115=PLANE('',#4665);
#4116=PLANE('',#4666);
#4117=PLANE('',#4667);
#4118=PLANE('',#4668);
#4119=PLANE('',#4669);
#4120=PLANE('',#4670);
#4121=PLANE('',#4671);
#4122=PLANE('',#4672);
#4123=PLANE('',#4673);
#4124=PLANE('',#4674);
#4125=PLANE('',#4675);
#4126=PLANE('',#4676);
#4127=PLANE('',#4677);
#4128=PLANE('',#4678);
#4129=PLANE('',#4679);
#4130=PLANE('',#4680);
#4131=PLANE('',#4681);
#4132=PLANE('',#4682);
#4133=PLANE('',#4683);
#4134=PLANE('',#4684);
#4135=PLANE('',#4685);
#4136=PLANE('',#4686);
#4137=PLANE('',#4687);
#4138=PLANE('',#4688);
#4139=PLANE('',#4689);
#4140=ADVANCED_FACE('',(#3729),#3959,.T.);
#4141=ADVANCED_FACE('',(#3730),#3960,.T.);
#4142=ADVANCED_FACE('',(#3731),#3961,.F.);
#4143=ADVANCED_FACE('',(#3732),#105,.T.);
#4144=ADVANCED_FACE('',(#3733),#3962,.F.);
#4145=ADVANCED_FACE('',(#3734),#3963,.F.);
#4146=ADVANCED_FACE('',(#3735),#3964,.F.);
#4147=ADVANCED_FACE('',(#3736),#106,.F.);
#4148=ADVANCED_FACE('',(#3737),#3965,.F.);
#4149=ADVANCED_FACE('',(#3738),#3966,.F.);
#4150=ADVANCED_FACE('',(#3739),#3967,.F.);
#4151=ADVANCED_FACE('',(#3740),#3968,.F.);
#4152=ADVANCED_FACE('',(#3741),#107,.F.);
#4153=ADVANCED_FACE('',(#3742),#3969,.F.);
#4154=ADVANCED_FACE('',(#3743),#3970,.F.);
#4155=ADVANCED_FACE('',(#3744),#3971,.F.);
#4156=ADVANCED_FACE('',(#3745),#108,.T.);
#4157=ADVANCED_FACE('',(#3746),#3972,.F.);
#4158=ADVANCED_FACE('',(#3747,#3748),#3973,.F.);
#4159=ADVANCED_FACE('',(#3749,#3750),#3974,.F.);
#4160=ADVANCED_FACE('',(#3751),#3975,.F.);
#4161=ADVANCED_FACE('',(#3752),#3976,.T.);
#4162=ADVANCED_FACE('',(#3753),#3977,.T.);
#4163=ADVANCED_FACE('',(#3754),#3978,.F.);
#4164=ADVANCED_FACE('',(#3755),#3979,.F.);
#4165=ADVANCED_FACE('',(#3756),#3980,.F.);
#4166=ADVANCED_FACE('',(#3757,#3758),#3981,.T.);
#4167=ADVANCED_FACE('',(#3759),#109,.T.);
#4168=ADVANCED_FACE('',(#3760,#3761,#3762),#3982,.F.);
#4169=ADVANCED_FACE('',(#3763),#110,.T.);
#4170=ADVANCED_FACE('',(#3764),#111,.T.);
#4171=ADVANCED_FACE('',(#3765),#112,.T.);
#4172=ADVANCED_FACE('',(#3766,#3767,#3768),#3983,.F.);
#4173=ADVANCED_FACE('',(#3769),#3984,.T.);
#4174=ADVANCED_FACE('',(#3770),#3985,.T.);
#4175=ADVANCED_FACE('',(#3771),#113,.T.);
#4176=ADVANCED_FACE('',(#3772),#3986,.T.);
#4177=ADVANCED_FACE('',(#3773),#114,.T.);
#4178=ADVANCED_FACE('',(#3774),#3987,.T.);
#4179=ADVANCED_FACE('',(#3775),#115,.T.);
#4180=ADVANCED_FACE('',(#3776),#116,.T.);
#4181=ADVANCED_FACE('',(#3777),#3988,.T.);
#4182=ADVANCED_FACE('',(#3778),#3989,.T.);
#4183=ADVANCED_FACE('',(#3779),#3990,.F.);
#4184=ADVANCED_FACE('',(#3780),#3991,.T.);
#4185=ADVANCED_FACE('',(#3781),#3992,.T.);
#4186=ADVANCED_FACE('',(#3782),#3993,.T.);
#4187=ADVANCED_FACE('',(#3783),#3994,.F.);
#4188=ADVANCED_FACE('',(#3784),#3995,.T.);
#4189=ADVANCED_FACE('',(#3785),#3996,.T.);
#4190=ADVANCED_FACE('',(#3786),#3997,.T.);
#4191=ADVANCED_FACE('',(#3787),#3998,.F.);
#4192=ADVANCED_FACE('',(#3788),#3999,.T.);
#4193=ADVANCED_FACE('',(#3789),#4000,.T.);
#4194=ADVANCED_FACE('',(#3790),#4001,.T.);
#4195=ADVANCED_FACE('',(#3791),#4002,.T.);
#4196=ADVANCED_FACE('',(#3792),#4003,.F.);
#4197=ADVANCED_FACE('',(#3793),#4004,.T.);
#4198=ADVANCED_FACE('',(#3794),#117,.F.);
#4199=ADVANCED_FACE('',(#3795,#3796),#4005,.F.);
#4200=ADVANCED_FACE('',(#3797),#118,.F.);
#4201=ADVANCED_FACE('',(#3798,#3799,#3800),#4006,.F.);
#4202=ADVANCED_FACE('',(#3801),#119,.F.);
#4203=ADVANCED_FACE('',(#3802,#3803),#4007,.F.);
#4204=ADVANCED_FACE('',(#3804),#120,.F.);
#4205=ADVANCED_FACE('',(#3805,#3806,#3807),#4008,.F.);
#4206=ADVANCED_FACE('',(#3808),#4009,.T.);
#4207=ADVANCED_FACE('',(#3809),#4010,.T.);
#4208=ADVANCED_FACE('',(#3810),#4011,.T.);
#4209=ADVANCED_FACE('',(#3811),#4012,.F.);
#4210=ADVANCED_FACE('',(#3812),#4013,.T.);
#4211=ADVANCED_FACE('',(#3813),#4014,.T.);
#4212=ADVANCED_FACE('',(#3814),#4015,.T.);
#4213=ADVANCED_FACE('',(#3815),#4016,.F.);
#4214=ADVANCED_FACE('',(#3816),#4017,.T.);
#4215=ADVANCED_FACE('',(#3817),#4018,.T.);
#4216=ADVANCED_FACE('',(#3818),#4019,.T.);
#4217=ADVANCED_FACE('',(#3819),#4020,.F.);
#4218=ADVANCED_FACE('',(#3820),#4021,.T.);
#4219=ADVANCED_FACE('',(#3821),#4022,.T.);
#4220=ADVANCED_FACE('',(#3822),#4023,.T.);
#4221=ADVANCED_FACE('',(#3823),#4024,.F.);
#4222=ADVANCED_FACE('',(#3824),#4025,.T.);
#4223=ADVANCED_FACE('',(#3825),#4026,.F.);
#4224=ADVANCED_FACE('',(#3826),#4027,.T.);
#4225=ADVANCED_FACE('',(#3827),#4028,.F.);
#4226=ADVANCED_FACE('',(#3828),#4029,.F.);
#4227=ADVANCED_FACE('',(#3829),#4030,.F.);
#4228=ADVANCED_FACE('',(#3830),#121,.T.);
#4229=ADVANCED_FACE('',(#3831),#4031,.F.);
#4230=ADVANCED_FACE('',(#3832),#4032,.F.);
#4231=ADVANCED_FACE('',(#3833),#4033,.F.);
#4232=ADVANCED_FACE('',(#3834),#122,.F.);
#4233=ADVANCED_FACE('',(#3835),#4034,.F.);
#4234=ADVANCED_FACE('',(#3836),#4035,.F.);
#4235=ADVANCED_FACE('',(#3837),#4036,.T.);
#4236=ADVANCED_FACE('',(#3838),#4037,.F.);
#4237=ADVANCED_FACE('',(#3839),#4038,.F.);
#4238=ADVANCED_FACE('',(#3840),#4039,.F.);
#4239=ADVANCED_FACE('',(#3841),#123,.T.);
#4240=ADVANCED_FACE('',(#3842),#4040,.F.);
#4241=ADVANCED_FACE('',(#3843),#4041,.F.);
#4242=ADVANCED_FACE('',(#3844),#4042,.F.);
#4243=ADVANCED_FACE('',(#3845),#124,.F.);
#4244=ADVANCED_FACE('',(#3846),#4043,.F.);
#4245=ADVANCED_FACE('',(#3847),#4044,.F.);
#4246=ADVANCED_FACE('',(#3848),#4045,.T.);
#4247=ADVANCED_FACE('',(#3849),#4046,.F.);
#4248=ADVANCED_FACE('',(#3850),#4047,.F.);
#4249=ADVANCED_FACE('',(#3851),#4048,.F.);
#4250=ADVANCED_FACE('',(#3852),#4049,.F.);
#4251=ADVANCED_FACE('',(#3853),#125,.F.);
#4252=ADVANCED_FACE('',(#3854),#4050,.F.);
#4253=ADVANCED_FACE('',(#3855),#4051,.F.);
#4254=ADVANCED_FACE('',(#3856),#4052,.F.);
#4255=ADVANCED_FACE('',(#3857),#126,.T.);
#4256=ADVANCED_FACE('',(#3858),#4053,.F.);
#4257=ADVANCED_FACE('',(#3859),#4054,.T.);
#4258=ADVANCED_FACE('',(#3860),#4055,.F.);
#4259=ADVANCED_FACE('',(#3861),#4056,.F.);
#4260=ADVANCED_FACE('',(#3862),#4057,.F.);
#4261=ADVANCED_FACE('',(#3863),#4058,.F.);
#4262=ADVANCED_FACE('',(#3864),#127,.F.);
#4263=ADVANCED_FACE('',(#3865),#4059,.F.);
#4264=ADVANCED_FACE('',(#3866),#4060,.F.);
#4265=ADVANCED_FACE('',(#3867),#4061,.F.);
#4266=ADVANCED_FACE('',(#3868),#128,.T.);
#4267=ADVANCED_FACE('',(#3869),#4062,.T.);
#4268=ADVANCED_FACE('',(#3870),#4063,.T.);
#4269=ADVANCED_FACE('',(#3871),#4064,.F.);
#4270=ADVANCED_FACE('',(#3872),#4065,.T.);
#4271=ADVANCED_FACE('',(#3873),#4066,.T.);
#4272=ADVANCED_FACE('',(#3874),#4067,.T.);
#4273=ADVANCED_FACE('',(#3875),#4068,.F.);
#4274=ADVANCED_FACE('',(#3876),#4069,.T.);
#4275=ADVANCED_FACE('',(#3877),#4070,.F.);
#4276=ADVANCED_FACE('',(#3878),#4071,.F.);
#4277=ADVANCED_FACE('',(#3879),#129,.T.);
#4278=ADVANCED_FACE('',(#3880),#4072,.F.);
#4279=ADVANCED_FACE('',(#3881),#4073,.F.);
#4280=ADVANCED_FACE('',(#3882),#4074,.F.);
#4281=ADVANCED_FACE('',(#3883),#130,.F.);
#4282=ADVANCED_FACE('',(#3884),#4075,.T.);
#4283=ADVANCED_FACE('',(#3885),#4076,.F.);
#4284=ADVANCED_FACE('',(#3886),#4077,.F.);
#4285=ADVANCED_FACE('',(#3887),#131,.T.);
#4286=ADVANCED_FACE('',(#3888),#4078,.F.);
#4287=ADVANCED_FACE('',(#3889),#4079,.F.);
#4288=ADVANCED_FACE('',(#3890),#132,.F.);
#4289=ADVANCED_FACE('',(#3891),#4080,.F.);
#4290=ADVANCED_FACE('',(#3892),#4081,.F.);
#4291=ADVANCED_FACE('',(#3893),#4082,.T.);
#4292=ADVANCED_FACE('',(#3894),#4083,.F.);
#4293=ADVANCED_FACE('',(#3895),#4084,.F.);
#4294=ADVANCED_FACE('',(#3896),#4085,.F.);
#4295=ADVANCED_FACE('',(#3897),#4086,.F.);
#4296=ADVANCED_FACE('',(#3898),#4087,.F.);
#4297=ADVANCED_FACE('',(#3899),#4088,.F.);
#4298=ADVANCED_FACE('',(#3900),#4089,.F.);
#4299=ADVANCED_FACE('',(#3901),#4090,.T.);
#4300=ADVANCED_FACE('',(#3902),#4091,.F.);
#4301=ADVANCED_FACE('',(#3903),#4092,.F.);
#4302=ADVANCED_FACE('',(#3904),#4093,.F.);
#4303=ADVANCED_FACE('',(#3905),#4094,.F.);
#4304=ADVANCED_FACE('',(#3906),#4095,.F.);
#4305=ADVANCED_FACE('',(#3907),#4096,.F.);
#4306=ADVANCED_FACE('',(#3908),#4097,.F.);
#4307=ADVANCED_FACE('',(#3909),#4098,.F.);
#4308=ADVANCED_FACE('',(#3910),#4099,.F.);
#4309=ADVANCED_FACE('',(#3911),#4100,.F.);
#4310=ADVANCED_FACE('',(#3912),#4101,.F.);
#4311=ADVANCED_FACE('',(#3913),#4102,.F.);
#4312=ADVANCED_FACE('',(#3914),#133,.T.);
#4313=ADVANCED_FACE('',(#3915),#134,.T.);
#4314=ADVANCED_FACE('',(#3916),#135,.T.);
#4315=ADVANCED_FACE('',(#3917),#136,.T.);
#4316=ADVANCED_FACE('',(#3918),#4103,.F.);
#4317=ADVANCED_FACE('',(#3919),#4104,.F.);
#4318=ADVANCED_FACE('',(#3920),#4105,.F.);
#4319=ADVANCED_FACE('',(#3921),#4106,.F.);
#4320=ADVANCED_FACE('',(#3922),#4107,.F.);
#4321=ADVANCED_FACE('',(#3923),#4108,.F.);
#4322=ADVANCED_FACE('',(#3924),#4109,.F.);
#4323=ADVANCED_FACE('',(#3925),#4110,.F.);
#4324=ADVANCED_FACE('',(#3926),#4111,.F.);
#4325=ADVANCED_FACE('',(#3927),#4112,.F.);
#4326=ADVANCED_FACE('',(#3928),#137,.F.);
#4327=ADVANCED_FACE('',(#3929),#138,.F.);
#4328=ADVANCED_FACE('',(#3930),#139,.F.);
#4329=ADVANCED_FACE('',(#3931),#140,.F.);
#4330=ADVANCED_FACE('',(#3932),#4113,.F.);
#4331=ADVANCED_FACE('',(#3933),#4114,.F.);
#4332=ADVANCED_FACE('',(#3934),#4115,.F.);
#4333=ADVANCED_FACE('',(#3935),#4116,.F.);
#4334=ADVANCED_FACE('',(#3936),#4117,.F.);
#4335=ADVANCED_FACE('',(#3937),#4118,.F.);
#4336=ADVANCED_FACE('',(#3938),#4119,.F.);
#4337=ADVANCED_FACE('',(#3939),#4120,.T.);
#4338=ADVANCED_FACE('',(#3940),#4121,.F.);
#4339=ADVANCED_FACE('',(#3941),#4122,.T.);
#4340=ADVANCED_FACE('',(#3942),#4123,.T.);
#4341=ADVANCED_FACE('',(#3943),#4124,.T.);
#4342=ADVANCED_FACE('',(#3944),#4125,.T.);
#4343=ADVANCED_FACE('',(#3945),#4126,.T.);
#4344=ADVANCED_FACE('',(#3946),#4127,.T.);
#4345=ADVANCED_FACE('',(#3947),#4128,.T.);
#4346=ADVANCED_FACE('',(#3948),#4129,.T.);
#4347=ADVANCED_FACE('',(#3949),#4130,.T.);
#4348=ADVANCED_FACE('',(#3950),#4131,.F.);
#4349=ADVANCED_FACE('',(#3951),#4132,.F.);
#4350=ADVANCED_FACE('',(#3952),#4133,.F.);
#4351=ADVANCED_FACE('',(#3953),#4134,.F.);
#4352=ADVANCED_FACE('',(#3954),#4135,.F.);
#4353=ADVANCED_FACE('',(#3955),#4136,.F.);
#4354=ADVANCED_FACE('',(#3956),#4137,.F.);
#4355=ADVANCED_FACE('',(#3957),#4138,.F.);
#4356=ADVANCED_FACE('',(#3958),#4139,.F.);
#4357=CLOSED_SHELL('',(#4140,#4141,#4142,#4143,#4144,#4145,#4146,#4147,
#4148,#4149,#4150,#4151,#4152,#4153,#4154,#4155,#4156,#4157,#4158,#4159,
#4160,#4161,#4162,#4163,#4164,#4165,#4166,#4167,#4168,#4169,#4170,#4171,
#4172,#4173,#4174,#4175,#4176,#4177,#4178,#4179,#4180,#4181,#4182,#4183,
#4184,#4185,#4186,#4187,#4188,#4189,#4190,#4191,#4192,#4193,#4194,#4195,
#4196,#4197,#4198,#4199,#4200,#4201,#4202,#4203,#4204,#4205,#4206,#4207,
#4208,#4209,#4210,#4211,#4212,#4213,#4214,#4215,#4216,#4217,#4218,#4219,
#4220,#4221,#4222,#4223,#4224,#4225,#4226,#4227,#4228,#4229,#4230,#4231,
#4232,#4233,#4234,#4235,#4236,#4237,#4238,#4239,#4240,#4241,#4242,#4243,
#4244,#4245,#4246,#4247,#4248,#4249,#4250,#4251,#4252,#4253,#4254,#4255,
#4256,#4257,#4258,#4259,#4260,#4261,#4262,#4263,#4264,#4265,#4266,#4267,
#4268,#4269,#4270,#4271,#4272,#4273,#4274,#4275,#4276,#4277,#4278,#4279,
#4280,#4281,#4282,#4283,#4284,#4285,#4286,#4287,#4288,#4289,#4290,#4291,
#4292));
#4358=CLOSED_SHELL('',(#4293,#4294,#4295,#4296,#4297,#4298,#4299,#4300));
#4359=CLOSED_SHELL('',(#4301,#4302,#4303,#4304,#4305,#4306,#4307,#4308,
#4309,#4310,#4311,#4312,#4313,#4314,#4315,#4316,#4317,#4318,#4319,#4320,
#4321,#4322,#4323,#4324,#4325,#4326,#4327,#4328,#4329,#4330,#4331,#4332,
#4333,#4334,#4335,#4336,#4337,#4338,#4339,#4340,#4341,#4342,#4343,#4344,
#4345,#4346,#4347,#4348,#4349,#4350,#4351,#4352,#4353,#4354,#4355,#4356));
#4360=STYLED_ITEM('',(#4363),#4383);
#4361=STYLED_ITEM('',(#4364),#4384);
#4362=STYLED_ITEM('',(#4365),#4385);
#4363=PRESENTATION_STYLE_ASSIGNMENT((#4366));
#4364=PRESENTATION_STYLE_ASSIGNMENT((#4367));
#4365=PRESENTATION_STYLE_ASSIGNMENT((#4368));
#4366=SURFACE_STYLE_USAGE(.BOTH.,#4369);
#4367=SURFACE_STYLE_USAGE(.BOTH.,#4370);
#4368=SURFACE_STYLE_USAGE(.BOTH.,#4371);
#4369=SURFACE_SIDE_STYLE('',(#4372));
#4370=SURFACE_SIDE_STYLE('',(#4373));
#4371=SURFACE_SIDE_STYLE('',(#4374));
#4372=SURFACE_STYLE_FILL_AREA(#4375);
#4373=SURFACE_STYLE_FILL_AREA(#4376);
#4374=SURFACE_STYLE_FILL_AREA(#4377);
#4375=FILL_AREA_STYLE('',(#4378));
#4376=FILL_AREA_STYLE('',(#4379));
#4377=FILL_AREA_STYLE('',(#4380));
#4378=FILL_AREA_STYLE_COLOUR('',#4381);
#4379=FILL_AREA_STYLE_COLOUR('',#4382);
#4380=FILL_AREA_STYLE_COLOUR('',#10);
#4381=COLOUR_RGB('',0.689999997615814,0.689999997615814,0.689999997615814);
#4382=COLOUR_RGB('',0.5,0.5,0.5);
#4383=MANIFOLD_SOLID_BREP('USB-A-S-TH_S',#4357);
#4384=MANIFOLD_SOLID_BREP('USB-A-S-B-TH_B',#4358);
#4385=MANIFOLD_SOLID_BREP('USB-A-S-TH_P',#4359);
#4386=SHAPE_DEFINITION_REPRESENTATION(#7092,#4390);
#4387=SHAPE_DEFINITION_REPRESENTATION(#7093,#4391);
#4388=SHAPE_DEFINITION_REPRESENTATION(#7095,#4392);
#4389=SHAPE_DEFINITION_REPRESENTATION(#7097,#4393);
#4390=SHAPE_REPRESENTATION('USB-A-S-F-B-TH-R',(#4394,#4608,#4617,#4690),
#7081);
#4391=SHAPE_REPRESENTATION('USB-A-S-TH_S',(#4394),#7082);
#4392=SHAPE_REPRESENTATION('USB-A-S-B-TH_B',(#4394),#7083);
#4393=SHAPE_REPRESENTATION('USB-A-S-TH_P',(#4394),#7084);
#4394=AXIS2_PLACEMENT_3D('',#5829,#4691,#4692);
#4395=AXIS2_PLACEMENT_3D('',#5830,#4693,#4694);
#4396=AXIS2_PLACEMENT_3D('',#5839,#4699,#4700);
#4397=AXIS2_PLACEMENT_3D('',#5848,#4705,#4706);
#4398=AXIS2_PLACEMENT_3D('',#5857,#4711,#4712);
#4399=AXIS2_PLACEMENT_3D('',#5858,#4713,#4714);
#4400=AXIS2_PLACEMENT_3D('',#5862,#4716,#4717);
#4401=AXIS2_PLACEMENT_3D('',#5863,#4718,#4719);
#4402=AXIS2_PLACEMENT_3D('',#5866,#4721,#4722);
#4403=AXIS2_PLACEMENT_3D('',#5868,#4723,#4724);
#4404=AXIS2_PLACEMENT_3D('',#5871,#4726,#4727);
#4405=AXIS2_PLACEMENT_3D('',#5872,#4728,#4729);
#4406=AXIS2_PLACEMENT_3D('',#5874,#4730,#4731);
#4407=AXIS2_PLACEMENT_3D('',#5877,#4733,#4734);
#4408=AXIS2_PLACEMENT_3D('',#5885,#4738,#4739);
#4409=AXIS2_PLACEMENT_3D('',#5886,#4740,#4741);
#4410=AXIS2_PLACEMENT_3D('',#5887,#4742,#4743);
#4411=AXIS2_PLACEMENT_3D('',#5888,#4744,#4745);
#4412=AXIS2_PLACEMENT_3D('',#5892,#4747,#4748);
#4413=AXIS2_PLACEMENT_3D('',#5893,#4749,#4750);
#4414=AXIS2_PLACEMENT_3D('',#5899,#4754,#4755);
#4415=AXIS2_PLACEMENT_3D('',#5905,#4759,#4760);
#4416=AXIS2_PLACEMENT_3D('',#5914,#4765,#4766);
#4417=AXIS2_PLACEMENT_3D('',#5920,#4770,#4771);
#4418=AXIS2_PLACEMENT_3D('',#5921,#4772,#4773);
#4419=AXIS2_PLACEMENT_3D('',#5925,#4775,#4776);
#4420=AXIS2_PLACEMENT_3D('',#5926,#4777,#4778);
#4421=AXIS2_PLACEMENT_3D('',#5929,#4780,#4781);
#4422=AXIS2_PLACEMENT_3D('',#5933,#4783,#4784);
#4423=AXIS2_PLACEMENT_3D('',#5936,#4786,#4787);
#4424=AXIS2_PLACEMENT_3D('',#5937,#4788,#4789);
#4425=AXIS2_PLACEMENT_3D('',#5939,#4790,#4791);
#4426=AXIS2_PLACEMENT_3D('',#5940,#4792,#4793);
#4427=AXIS2_PLACEMENT_3D('',#5948,#4797,#4798);
#4428=AXIS2_PLACEMENT_3D('',#5949,#4799,#4800);
#4429=AXIS2_PLACEMENT_3D('',#5950,#4801,#4802);
#4430=AXIS2_PLACEMENT_3D('',#5951,#4803,#4804);
#4431=AXIS2_PLACEMENT_3D('',#5955,#4806,#4807);
#4432=AXIS2_PLACEMENT_3D('',#5956,#4808,#4809);
#4433=AXIS2_PLACEMENT_3D('',#5962,#4813,#4814);
#4434=AXIS2_PLACEMENT_3D('',#6000,#4834,#4835);
#4435=AXIS2_PLACEMENT_3D('',#6038,#4855,#4856);
#4436=AXIS2_PLACEMENT_3D('',#6040,#4858,#4859);
#4437=AXIS2_PLACEMENT_3D('',#6044,#4861,#4862);
#4438=AXIS2_PLACEMENT_3D('',#6045,#4863,#4864);
#4439=AXIS2_PLACEMENT_3D('',#6052,#4868,#4869);
#4440=AXIS2_PLACEMENT_3D('',#6053,#4870,#4871);
#4441=AXIS2_PLACEMENT_3D('',#6056,#4873,#4874);
#4442=AXIS2_PLACEMENT_3D('',#6061,#4877,#4878);
#4443=AXIS2_PLACEMENT_3D('',#6071,#4886,#4887);
#4444=AXIS2_PLACEMENT_3D('',#6075,#4890,#4891);
#4445=AXIS2_PLACEMENT_3D('',#6079,#4894,#4895);
#4446=AXIS2_PLACEMENT_3D('',#6080,#4896,#4897);
#4447=AXIS2_PLACEMENT_3D('',#6085,#4899,#4900);
#4448=AXIS2_PLACEMENT_3D('',#6089,#4902,#4903);
#4449=AXIS2_PLACEMENT_3D('',#6093,#4905,#4906);
#4450=AXIS2_PLACEMENT_3D('',#6101,#4910,#4911);
#4451=AXIS2_PLACEMENT_3D('',#6107,#4915,#4916);
#4452=AXIS2_PLACEMENT_3D('',#6119,#4922,#4923);
#4453=AXIS2_PLACEMENT_3D('',#6125,#4927,#4928);
#4454=AXIS2_PLACEMENT_3D('',#6132,#4932,#4933);
#4455=AXIS2_PLACEMENT_3D('',#6134,#4935,#4936);
#4456=AXIS2_PLACEMENT_3D('',#6159,#4951,#4952);
#4457=AXIS2_PLACEMENT_3D('',#6160,#4953,#4954);
#4458=AXIS2_PLACEMENT_3D('',#6162,#4956,#4957);
#4459=AXIS2_PLACEMENT_3D('',#6164,#4959,#4960);
#4460=AXIS2_PLACEMENT_3D('',#6187,#4973,#4974);
#4461=AXIS2_PLACEMENT_3D('',#6188,#4975,#4976);
#4462=AXIS2_PLACEMENT_3D('',#6190,#4978,#4979);
#4463=AXIS2_PLACEMENT_3D('',#6191,#4980,#4981);
#4464=AXIS2_PLACEMENT_3D('',#6193,#4983,#4984);
#4465=AXIS2_PLACEMENT_3D('',#6194,#4985,#4986);
#4466=AXIS2_PLACEMENT_3D('',#6196,#4988,#4989);
#4467=AXIS2_PLACEMENT_3D('',#6197,#4990,#4991);
#4468=AXIS2_PLACEMENT_3D('',#6199,#4993,#4994);
#4469=AXIS2_PLACEMENT_3D('',#6200,#4995,#4996);
#4470=AXIS2_PLACEMENT_3D('',#6206,#5000,#5001);
#4471=AXIS2_PLACEMENT_3D('',#6209,#5004,#5005);
#4472=AXIS2_PLACEMENT_3D('',#6210,#5006,#5007);
#4473=AXIS2_PLACEMENT_3D('',#6211,#5008,#5009);
#4474=AXIS2_PLACEMENT_3D('',#6217,#5013,#5014);
#4475=AXIS2_PLACEMENT_3D('',#6220,#5017,#5018);
#4476=AXIS2_PLACEMENT_3D('',#6221,#5019,#5020);
#4477=AXIS2_PLACEMENT_3D('',#6222,#5021,#5022);
#4478=AXIS2_PLACEMENT_3D('',#6228,#5026,#5027);
#4479=AXIS2_PLACEMENT_3D('',#6231,#5030,#5031);
#4480=AXIS2_PLACEMENT_3D('',#6232,#5032,#5033);
#4481=AXIS2_PLACEMENT_3D('',#6233,#5034,#5035);
#4482=AXIS2_PLACEMENT_3D('',#6237,#5038,#5039);
#4483=AXIS2_PLACEMENT_3D('',#6241,#5042,#5043);
#4484=AXIS2_PLACEMENT_3D('',#6243,#5045,#5046);
#4485=AXIS2_PLACEMENT_3D('',#6244,#5047,#5048);
#4486=AXIS2_PLACEMENT_3D('',#6247,#5050,#5051);
#4487=AXIS2_PLACEMENT_3D('',#6250,#5053,#5054);
#4488=AXIS2_PLACEMENT_3D('',#6262,#5061,#5062);
#4489=AXIS2_PLACEMENT_3D('',#6265,#5064,#5065);
#4490=AXIS2_PLACEMENT_3D('',#6266,#5066,#5067);
#4491=AXIS2_PLACEMENT_3D('',#6302,#5086,#5087);
#4492=AXIS2_PLACEMENT_3D('',#6305,#5089,#5090);
#4493=AXIS2_PLACEMENT_3D('',#6306,#5091,#5092);
#4494=AXIS2_PLACEMENT_3D('',#6318,#5099,#5100);
#4495=AXIS2_PLACEMENT_3D('',#6321,#5102,#5103);
#4496=AXIS2_PLACEMENT_3D('',#6322,#5104,#5105);
#4497=AXIS2_PLACEMENT_3D('',#6350,#5121,#5122);
#4498=AXIS2_PLACEMENT_3D('',#6351,#5123,#5124);
#4499=AXIS2_PLACEMENT_3D('',#6354,#5127,#5128);
#4500=AXIS2_PLACEMENT_3D('',#6357,#5131,#5132);
#4501=AXIS2_PLACEMENT_3D('',#6358,#5133,#5134);
#4502=AXIS2_PLACEMENT_3D('',#6359,#5135,#5136);
#4503=AXIS2_PLACEMENT_3D('',#6362,#5139,#5140);
#4504=AXIS2_PLACEMENT_3D('',#6365,#5143,#5144);
#4505=AXIS2_PLACEMENT_3D('',#6366,#5145,#5146);
#4506=AXIS2_PLACEMENT_3D('',#6367,#5147,#5148);
#4507=AXIS2_PLACEMENT_3D('',#6370,#5151,#5152);
#4508=AXIS2_PLACEMENT_3D('',#6378,#5158,#5159);
#4509=AXIS2_PLACEMENT_3D('',#6379,#5160,#5161);
#4510=AXIS2_PLACEMENT_3D('',#6380,#5162,#5163);
#4511=AXIS2_PLACEMENT_3D('',#6383,#5166,#5167);
#4512=AXIS2_PLACEMENT_3D('',#6391,#5173,#5174);
#4513=AXIS2_PLACEMENT_3D('',#6392,#5175,#5176);
#4514=AXIS2_PLACEMENT_3D('',#6393,#5177,#5178);
#4515=AXIS2_PLACEMENT_3D('',#6399,#5182,#5183);
#4516=AXIS2_PLACEMENT_3D('',#6404,#5186,#5187);
#4517=AXIS2_PLACEMENT_3D('',#6412,#5191,#5192);
#4518=AXIS2_PLACEMENT_3D('',#6415,#5194,#5195);
#4519=AXIS2_PLACEMENT_3D('',#6418,#5197,#5198);
#4520=AXIS2_PLACEMENT_3D('',#6426,#5202,#5203);
#4521=AXIS2_PLACEMENT_3D('',#6431,#5206,#5207);
#4522=AXIS2_PLACEMENT_3D('',#6434,#5210,#5211);
#4523=AXIS2_PLACEMENT_3D('',#6436,#5213,#5214);
#4524=AXIS2_PLACEMENT_3D('',#6438,#5216,#5217);
#4525=AXIS2_PLACEMENT_3D('',#6439,#5218,#5219);
#4526=AXIS2_PLACEMENT_3D('',#6441,#5221,#5222);
#4527=AXIS2_PLACEMENT_3D('',#6443,#5224,#5225);
#4528=AXIS2_PLACEMENT_3D('',#6445,#5227,#5228);
#4529=AXIS2_PLACEMENT_3D('',#6446,#5229,#5230);
#4530=AXIS2_PLACEMENT_3D('',#6452,#5234,#5235);
#4531=AXIS2_PLACEMENT_3D('',#6457,#5238,#5239);
#4532=AXIS2_PLACEMENT_3D('',#6465,#5243,#5244);
#4533=AXIS2_PLACEMENT_3D('',#6468,#5246,#5247);
#4534=AXIS2_PLACEMENT_3D('',#6471,#5249,#5250);
#4535=AXIS2_PLACEMENT_3D('',#6479,#5254,#5255);
#4536=AXIS2_PLACEMENT_3D('',#6484,#5258,#5259);
#4537=AXIS2_PLACEMENT_3D('',#6487,#5262,#5263);
#4538=AXIS2_PLACEMENT_3D('',#6489,#5265,#5266);
#4539=AXIS2_PLACEMENT_3D('',#6491,#5268,#5269);
#4540=AXIS2_PLACEMENT_3D('',#6492,#5270,#5271);
#4541=AXIS2_PLACEMENT_3D('',#6494,#5273,#5274);
#4542=AXIS2_PLACEMENT_3D('',#6496,#5276,#5277);
#4543=AXIS2_PLACEMENT_3D('',#6498,#5279,#5280);
#4544=AXIS2_PLACEMENT_3D('',#6499,#5281,#5282);
#4545=AXIS2_PLACEMENT_3D('',#6505,#5286,#5287);
#4546=AXIS2_PLACEMENT_3D('',#6508,#5289,#5290);
#4547=AXIS2_PLACEMENT_3D('',#6516,#5294,#5295);
#4548=AXIS2_PLACEMENT_3D('',#6521,#5298,#5299);
#4549=AXIS2_PLACEMENT_3D('',#6526,#5302,#5303);
#4550=AXIS2_PLACEMENT_3D('',#6534,#5307,#5308);
#4551=AXIS2_PLACEMENT_3D('',#6537,#5310,#5311);
#4552=AXIS2_PLACEMENT_3D('',#6540,#5314,#5315);
#4553=AXIS2_PLACEMENT_3D('',#6542,#5317,#5318);
#4554=AXIS2_PLACEMENT_3D('',#6544,#5320,#5321);
#4555=AXIS2_PLACEMENT_3D('',#6546,#5323,#5324);
#4556=AXIS2_PLACEMENT_3D('',#6548,#5326,#5327);
#4557=AXIS2_PLACEMENT_3D('',#6549,#5328,#5329);
#4558=AXIS2_PLACEMENT_3D('',#6551,#5331,#5332);
#4559=AXIS2_PLACEMENT_3D('',#6552,#5333,#5334);
#4560=AXIS2_PLACEMENT_3D('',#6558,#5338,#5339);
#4561=AXIS2_PLACEMENT_3D('',#6561,#5341,#5342);
#4562=AXIS2_PLACEMENT_3D('',#6569,#5346,#5347);
#4563=AXIS2_PLACEMENT_3D('',#6574,#5350,#5351);
#4564=AXIS2_PLACEMENT_3D('',#6579,#5354,#5355);
#4565=AXIS2_PLACEMENT_3D('',#6587,#5359,#5360);
#4566=AXIS2_PLACEMENT_3D('',#6590,#5362,#5363);
#4567=AXIS2_PLACEMENT_3D('',#6593,#5366,#5367);
#4568=AXIS2_PLACEMENT_3D('',#6595,#5369,#5370);
#4569=AXIS2_PLACEMENT_3D('',#6597,#5372,#5373);
#4570=AXIS2_PLACEMENT_3D('',#6599,#5375,#5376);
#4571=AXIS2_PLACEMENT_3D('',#6601,#5378,#5379);
#4572=AXIS2_PLACEMENT_3D('',#6602,#5380,#5381);
#4573=AXIS2_PLACEMENT_3D('',#6604,#5383,#5384);
#4574=AXIS2_PLACEMENT_3D('',#6605,#5385,#5386);
#4575=AXIS2_PLACEMENT_3D('',#6608,#5389,#5390);
#4576=AXIS2_PLACEMENT_3D('',#6616,#5396,#5397);
#4577=AXIS2_PLACEMENT_3D('',#6617,#5398,#5399);
#4578=AXIS2_PLACEMENT_3D('',#6618,#5400,#5401);
#4579=AXIS2_PLACEMENT_3D('',#6621,#5404,#5405);
#4580=AXIS2_PLACEMENT_3D('',#6629,#5411,#5412);
#4581=AXIS2_PLACEMENT_3D('',#6630,#5413,#5414);
#4582=AXIS2_PLACEMENT_3D('',#6631,#5415,#5416);
#4583=AXIS2_PLACEMENT_3D('',#6637,#5420,#5421);
#4584=AXIS2_PLACEMENT_3D('',#6643,#5425,#5426);
#4585=AXIS2_PLACEMENT_3D('',#6644,#5427,#5428);
#4586=AXIS2_PLACEMENT_3D('',#6648,#5430,#5431);
#4587=AXIS2_PLACEMENT_3D('',#6649,#5432,#5433);
#4588=AXIS2_PLACEMENT_3D('',#6655,#5437,#5438);
#4589=AXIS2_PLACEMENT_3D('',#6661,#5442,#5443);
#4590=AXIS2_PLACEMENT_3D('',#6667,#5447,#5448);
#4591=AXIS2_PLACEMENT_3D('',#6668,#5449,#5450);
#4592=AXIS2_PLACEMENT_3D('',#6669,#5451,#5452);
#4593=AXIS2_PLACEMENT_3D('',#6670,#5453,#5454);
#4594=AXIS2_PLACEMENT_3D('',#6671,#5455,#5456);
#4595=AXIS2_PLACEMENT_3D('',#6672,#5457,#5458);
#4596=AXIS2_PLACEMENT_3D('',#6681,#5463,#5464);
#4597=AXIS2_PLACEMENT_3D('',#6682,#5465,#5466);
#4598=AXIS2_PLACEMENT_3D('',#6686,#5468,#5469);
#4599=AXIS2_PLACEMENT_3D('',#6687,#5470,#5471);
#4600=AXIS2_PLACEMENT_3D('',#6690,#5474,#5475);
#4601=AXIS2_PLACEMENT_3D('',#6696,#5479,#5480);
#4602=AXIS2_PLACEMENT_3D('',#6697,#5481,#5482);
#4603=AXIS2_PLACEMENT_3D('',#6701,#5484,#5485);
#4604=AXIS2_PLACEMENT_3D('',#6702,#5486,#5487);
#4605=AXIS2_PLACEMENT_3D('',#6708,#5491,#5492);
#4606=AXIS2_PLACEMENT_3D('',#6711,#5495,#5496);
#4607=AXIS2_PLACEMENT_3D('',#6712,#5497,#5498);
#4608=AXIS2_PLACEMENT_3D('',#6713,#5499,#5500);
#4609=AXIS2_PLACEMENT_3D('',#6714,#5501,#5502);
#4610=AXIS2_PLACEMENT_3D('',#6723,#5507,#5508);
#4611=AXIS2_PLACEMENT_3D('',#6729,#5512,#5513);
#4612=AXIS2_PLACEMENT_3D('',#6735,#5517,#5518);
#4613=AXIS2_PLACEMENT_3D('',#6741,#5522,#5523);
#4614=AXIS2_PLACEMENT_3D('',#6747,#5527,#5528);
#4615=AXIS2_PLACEMENT_3D('',#6750,#5531,#5532);
#4616=AXIS2_PLACEMENT_3D('',#6751,#5533,#5534);
#4617=AXIS2_PLACEMENT_3D('',#6752,#5535,#5536);
#4618=AXIS2_PLACEMENT_3D('',#6753,#5537,#5538);
#4619=AXIS2_PLACEMENT_3D('',#6762,#5543,#5544);
#4620=AXIS2_PLACEMENT_3D('',#6771,#5549,#5550);
#4621=AXIS2_PLACEMENT_3D('',#6780,#5555,#5556);
#4622=AXIS2_PLACEMENT_3D('',#6789,#5561,#5562);
#4623=AXIS2_PLACEMENT_3D('',#6798,#5567,#5568);
#4624=AXIS2_PLACEMENT_3D('',#6807,#5573,#5574);
#4625=AXIS2_PLACEMENT_3D('',#6816,#5579,#5580);
#4626=AXIS2_PLACEMENT_3D('',#6822,#5584,#5585);
#4627=AXIS2_PLACEMENT_3D('',#6828,#5589,#5590);
#4628=AXIS2_PLACEMENT_3D('',#6834,#5594,#5595);
#4629=AXIS2_PLACEMENT_3D('',#6840,#5599,#5600);
#4630=AXIS2_PLACEMENT_3D('',#6841,#5601,#5602);
#4631=AXIS2_PLACEMENT_3D('',#6845,#5604,#5605);
#4632=AXIS2_PLACEMENT_3D('',#6846,#5606,#5607);
#4633=AXIS2_PLACEMENT_3D('',#6847,#5608,#5609);
#4634=AXIS2_PLACEMENT_3D('',#6849,#5610,#5611);
#4635=AXIS2_PLACEMENT_3D('',#6852,#5613,#5614);
#4636=AXIS2_PLACEMENT_3D('',#6853,#5615,#5616);
#4637=AXIS2_PLACEMENT_3D('',#6855,#5617,#5618);
#4638=AXIS2_PLACEMENT_3D('',#6858,#5620,#5621);
#4639=AXIS2_PLACEMENT_3D('',#6859,#5622,#5623);
#4640=AXIS2_PLACEMENT_3D('',#6861,#5624,#5625);
#4641=AXIS2_PLACEMENT_3D('',#6864,#5627,#5628);
#4642=AXIS2_PLACEMENT_3D('',#6870,#5632,#5633);
#4643=AXIS2_PLACEMENT_3D('',#6876,#5637,#5638);
#4644=AXIS2_PLACEMENT_3D('',#6882,#5642,#5643);
#4645=AXIS2_PLACEMENT_3D('',#6888,#5647,#5648);
#4646=AXIS2_PLACEMENT_3D('',#6909,#5661,#5662);
#4647=AXIS2_PLACEMENT_3D('',#6942,#5679,#5680);
#4648=AXIS2_PLACEMENT_3D('',#6948,#5684,#5685);
#4649=AXIS2_PLACEMENT_3D('',#6954,#5689,#5690);
#4650=AXIS2_PLACEMENT_3D('',#6960,#5694,#5695);
#4651=AXIS2_PLACEMENT_3D('',#6966,#5699,#5700);
#4652=AXIS2_PLACEMENT_3D('',#6967,#5701,#5702);
#4653=AXIS2_PLACEMENT_3D('',#6971,#5704,#5705);
#4654=AXIS2_PLACEMENT_3D('',#6972,#5706,#5707);
#4655=AXIS2_PLACEMENT_3D('',#6976,#5709,#5710);
#4656=AXIS2_PLACEMENT_3D('',#6977,#5711,#5712);
#4657=AXIS2_PLACEMENT_3D('',#6978,#5713,#5714);
#4658=AXIS2_PLACEMENT_3D('',#6982,#5716,#5717);
#4659=AXIS2_PLACEMENT_3D('',#6983,#5718,#5719);
#4660=AXIS2_PLACEMENT_3D('',#6984,#5720,#5721);
#4661=AXIS2_PLACEMENT_3D('',#6988,#5723,#5724);
#4662=AXIS2_PLACEMENT_3D('',#6989,#5725,#5726);
#4663=AXIS2_PLACEMENT_3D('',#6990,#5727,#5728);
#4664=AXIS2_PLACEMENT_3D('',#6993,#5731,#5732);
#4665=AXIS2_PLACEMENT_3D('',#6996,#5735,#5736);
#4666=AXIS2_PLACEMENT_3D('',#6999,#5739,#5740);
#4667=AXIS2_PLACEMENT_3D('',#7002,#5743,#5744);
#4668=AXIS2_PLACEMENT_3D('',#7023,#5757,#5758);
#4669=AXIS2_PLACEMENT_3D('',#7029,#5762,#5763);
#4670=AXIS2_PLACEMENT_3D('',#7047,#5775,#5776);
#4671=AXIS2_PLACEMENT_3D('',#7048,#5777,#5778);
#4672=AXIS2_PLACEMENT_3D('',#7049,#5779,#5780);
#4673=AXIS2_PLACEMENT_3D('',#7051,#5782,#5783);
#4674=AXIS2_PLACEMENT_3D('',#7053,#5785,#5786);
#4675=AXIS2_PLACEMENT_3D('',#7054,#5787,#5788);
#4676=AXIS2_PLACEMENT_3D('',#7056,#5790,#5791);
#4677=AXIS2_PLACEMENT_3D('',#7058,#5793,#5794);
#4678=AXIS2_PLACEMENT_3D('',#7059,#5795,#5796);
#4679=AXIS2_PLACEMENT_3D('',#7062,#5799,#5800);
#4680=AXIS2_PLACEMENT_3D('',#7063,#5801,#5802);
#4681=AXIS2_PLACEMENT_3D('',#7064,#5803,#5804);
#4682=AXIS2_PLACEMENT_3D('',#7066,#5806,#5807);
#4683=AXIS2_PLACEMENT_3D('',#7068,#5809,#5810);
#4684=AXIS2_PLACEMENT_3D('',#7069,#5811,#5812);
#4685=AXIS2_PLACEMENT_3D('',#7071,#5814,#5815);
#4686=AXIS2_PLACEMENT_3D('',#7073,#5817,#5818);
#4687=AXIS2_PLACEMENT_3D('',#7074,#5819,#5820);
#4688=AXIS2_PLACEMENT_3D('',#7076,#5822,#5823);
#4689=AXIS2_PLACEMENT_3D('',#7078,#5825,#5826);
#4690=AXIS2_PLACEMENT_3D('',#7079,#5827,#5828);
#4691=DIRECTION('',(0.,0.,1.));
#4692=DIRECTION('',(1.,0.,0.));
#4693=DIRECTION('',(0.,0.,1.));
#4694=DIRECTION('',(1.,0.,0.));
#4695=DIRECTION('',(-1.,0.,0.));
#4696=DIRECTION('',(0.,1.,0.));
#4697=DIRECTION('',(-1.,0.,0.));
#4698=DIRECTION('',(0.,1.,0.));
#4699=DIRECTION('',(0.,0.,1.));
#4700=DIRECTION('',(1.,0.,0.));
#4701=DIRECTION('',(-1.,0.,0.));
#4702=DIRECTION('',(0.,1.,0.));
#4703=DIRECTION('',(-1.,0.,0.));
#4704=DIRECTION('',(0.,1.,0.));
#4705=DIRECTION('',(0.8460004660192,-0.533182156017338,0.));
#4706=DIRECTION('',(0.533182156017338,0.8460004660192,0.));
#4707=DIRECTION('',(0.53292089509303,0.845585923144457,-0.0313012164808362));
#4708=DIRECTION('',(0.,0.,-1.));
#4709=DIRECTION('',(-0.53292089509303,-0.845585923144457,-0.0313012164808362));
#4710=DIRECTION('',(0.,0.,-1.));
#4711=DIRECTION('',(0.,0.,-1.));
#4712=DIRECTION('',(-1.,0.,0.));
#4713=DIRECTION('',(0.,-0.0369918562278848,-0.999315567062185));
#4714=DIRECTION('',(0.,0.999315567062185,-0.0369918562278848));
#4715=DIRECTION('',(0.,0.,-1.));
#4716=DIRECTION('',(0.,-0.0369918562278848,0.999315567062184));
#4717=DIRECTION('',(0.,-0.999315567062185,-0.0369918562278848));
#4718=DIRECTION('',(0.729268790409118,0.684227324312046,0.));
#4719=DIRECTION('',(-0.684227324312046,0.729268790409119,0.));
#4720=DIRECTION('',(-0.683978143081904,0.729003206022407,-0.0269856516556895));
#4721=DIRECTION('',(0.729268790409118,0.684227324312046,0.));
#4722=DIRECTION('',(-0.684227324312046,0.729268790409119,0.));
#4723=DIRECTION('',(0.729268790409118,0.684227324312046,0.));
#4724=DIRECTION('',(-0.684227324312046,0.729268790409119,0.));
#4725=DIRECTION('',(0.683978143081904,-0.729003206022408,-0.0269856516556895));
#4726=DIRECTION('',(-0.684227324312046,0.729268790409118,0.));
#4727=DIRECTION('',(-0.729268790409118,-0.684227324312046,0.));
#4728=DIRECTION('',(-0.684227324312046,0.729268790409118,0.));
#4729=DIRECTION('',(-0.729268790409118,-0.684227324312046,0.));
#4730=DIRECTION('',(-0.684227324312046,0.729268790409118,0.));
#4731=DIRECTION('',(-0.729268790409118,-0.684227324312046,0.));
#4732=DIRECTION('',(0.,0.,-1.));
#4733=DIRECTION('',(-0.729268790409118,-0.684227324312046,0.));
#4734=DIRECTION('',(0.684227324312046,-0.729268790409119,0.));
#4735=DIRECTION('',(0.683978143081904,-0.729003206022407,0.0269856516556895));
#4736=DIRECTION('',(0.,0.,-1.));
#4737=DIRECTION('',(-0.683978143081904,0.729003206022408,0.0269856516556895));
#4738=DIRECTION('',(-0.729268790409118,-0.684227324312046,0.));
#4739=DIRECTION('',(-0.684227324312046,0.729268790409119,0.));
#4740=DIRECTION('',(-0.729268790409118,-0.684227324312046,0.));
#4741=DIRECTION('',(-0.684227324312046,0.729268790409119,0.));
#4742=DIRECTION('',(0.,0.,-1.));
#4743=DIRECTION('',(-1.,0.,0.));
#4744=DIRECTION('',(0.,-0.0369918562278848,-0.999315567062185));
#4745=DIRECTION('',(0.,0.999315567062185,-0.0369918562278848));
#4746=DIRECTION('',(0.,0.,-1.));
#4747=DIRECTION('',(0.,-0.0369918562278848,0.999315567062184));
#4748=DIRECTION('',(0.,-0.999315567062185,-0.0369918562278848));
#4749=DIRECTION('',(-0.8460004660192,0.533182156017338,0.));
#4750=DIRECTION('',(-0.533182156017338,-0.8460004660192,0.));
#4751=DIRECTION('',(-0.53292089509303,-0.845585923144457,0.0313012164808362));
#4752=DIRECTION('',(0.,0.,-1.));
#4753=DIRECTION('',(0.53292089509303,0.845585923144457,0.0313012164808362));
#4754=DIRECTION('',(-1.,0.,0.));
#4755=DIRECTION('',(0.,0.,1.));
#4756=DIRECTION('',(0.,-0.999315567062185,0.0369918562278848));
#4757=DIRECTION('',(0.,0.,-1.));
#4758=DIRECTION('',(0.,0.999315567062185,0.0369918562278848));
#4759=DIRECTION('',(1.,-1.21798299470641E-14,0.));
#4760=DIRECTION('',(1.21798299470641E-14,1.,0.));
#4761=DIRECTION('',(1.21714936702713E-14,0.999315567062185,-0.0369918562278848));
#4762=DIRECTION('',(0.,0.,-1.));
#4763=DIRECTION('',(-1.21714936702713E-14,-0.999315567062185,-0.0369918562278848));
#4764=DIRECTION('',(0.,0.,-1.));
#4765=DIRECTION('',(0.846000466019201,0.533182156017336,0.));
#4766=DIRECTION('',(-0.533182156017336,0.846000466019201,0.));
#4767=DIRECTION('',(-0.532920895093028,0.845585923144458,-0.0313012164808362));
#4768=DIRECTION('',(0.,0.,-1.));
#4769=DIRECTION('',(0.532920895093028,-0.845585923144458,-0.0313012164808362));
#4770=DIRECTION('',(0.,0.,-1.));
#4771=DIRECTION('',(-1.,0.,0.));
#4772=DIRECTION('',(0.,-0.0369918562278848,-0.999315567062185));
#4773=DIRECTION('',(0.,0.999315567062185,-0.0369918562278848));
#4774=DIRECTION('',(0.,0.,-1.));
#4775=DIRECTION('',(0.,-0.0369918562278848,0.999315567062184));
#4776=DIRECTION('',(0.,-0.999315567062185,-0.0369918562278848));
#4777=DIRECTION('',(0.729268790409114,-0.684227324312051,0.));
#4778=DIRECTION('',(0.684227324312051,0.729268790409114,0.));
#4779=DIRECTION('',(0.683978143081909,0.729003206022403,-0.0269856516556894));
#4780=DIRECTION('',(0.729268790409114,-0.684227324312051,0.));
#4781=DIRECTION('',(-0.684227324312051,-0.729268790409114,0.));
#4782=DIRECTION('',(0.,0.,-1.));
#4783=DIRECTION('',(0.729268790409114,-0.684227324312051,0.));
#4784=DIRECTION('',(-0.684227324312051,-0.729268790409114,0.));
#4785=DIRECTION('',(-0.683978143081909,-0.729003206022403,-0.0269856516556894));
#4786=DIRECTION('',(0.684227324312061,0.729268790409104,0.));
#4787=DIRECTION('',(-0.729268790409104,0.684227324312061,0.));
#4788=DIRECTION('',(0.684227324312061,0.729268790409104,0.));
#4789=DIRECTION('',(-0.729268790409104,0.684227324312061,0.));
#4790=DIRECTION('',(0.684227324312061,0.729268790409104,0.));
#4791=DIRECTION('',(-0.729268790409104,0.684227324312061,0.));
#4792=DIRECTION('',(-0.729268790409121,0.684227324312043,0.));
#4793=DIRECTION('',(-0.684227324312043,-0.729268790409121,0.));
#4794=DIRECTION('',(-0.683978143081901,-0.72900320602241,0.0269856516556896));
#4795=DIRECTION('',(0.,0.,-1.));
#4796=DIRECTION('',(0.683978143081901,0.72900320602241,0.0269856516556896));
#4797=DIRECTION('',(-0.729268790409121,0.684227324312043,0.));
#4798=DIRECTION('',(-0.684227324312043,-0.729268790409121,0.));
#4799=DIRECTION('',(-0.729268790409121,0.684227324312043,0.));
#4800=DIRECTION('',(-0.684227324312043,-0.729268790409121,0.));
#4801=DIRECTION('',(0.,0.,-1.));
#4802=DIRECTION('',(-1.,0.,0.));
#4803=DIRECTION('',(0.,-0.0369918562278848,-0.999315567062185));
#4804=DIRECTION('',(0.,0.999315567062185,-0.0369918562278848));
#4805=DIRECTION('',(0.,0.,-1.));
#4806=DIRECTION('',(0.,-0.0369918562278848,0.999315567062184));
#4807=DIRECTION('',(0.,-0.999315567062185,-0.0369918562278848));
#4808=DIRECTION('',(-0.846000466019201,-0.533182156017336,0.));
#4809=DIRECTION('',(0.533182156017336,-0.846000466019201,0.));
#4810=DIRECTION('',(0.532920895093029,-0.845585923144458,0.0313012164808362));
#4811=DIRECTION('',(0.,0.,-1.));
#4812=DIRECTION('',(-0.532920895093029,0.845585923144458,0.0313012164808362));
#4813=DIRECTION('',(-1.,0.,0.));
#4814=DIRECTION('',(0.,0.,1.));
#4815=DIRECTION('',(0.,-1.,0.));
#4816=DIRECTION('',(0.,0.,-1.));
#4817=DIRECTION('',(0.,-1.,0.));
#4818=DIRECTION('',(0.,0.,-1.));
#4819=DIRECTION('',(0.,-1.,0.));
#4820=DIRECTION('',(0.,-1.,0.));
#4821=DIRECTION('',(0.,1.,0.));
#4822=DIRECTION('',(0.,0.,1.));
#4823=DIRECTION('',(0.,1.,0.));
#4824=DIRECTION('',(0.,0.,1.));
#4825=DIRECTION('',(0.,1.,0.));
#4826=DIRECTION('',(0.,0.,1.));
#4827=DIRECTION('',(0.,0.999315567062185,0.0369918562278848));
#4828=DIRECTION('',(0.,-0.999315567062185,0.0369918562278848));
#4829=DIRECTION('',(0.,0.,1.));
#4830=DIRECTION('',(0.,1.,0.));
#4831=DIRECTION('',(0.,0.,-1.));
#4832=DIRECTION('',(0.,1.,0.));
#4833=DIRECTION('',(0.,0.,-1.));
#4834=DIRECTION('',(1.,0.,0.));
#4835=DIRECTION('',(0.,0.,-1.));
#4836=DIRECTION('',(0.,-1.,0.));
#4837=DIRECTION('',(0.,0.,1.));
#4838=DIRECTION('',(0.,-1.,0.));
#4839=DIRECTION('',(0.,-1.,0.));
#4840=DIRECTION('',(0.,-1.,0.));
#4841=DIRECTION('',(0.,0.,1.));
#4842=DIRECTION('',(0.,-1.,0.));
#4843=DIRECTION('',(0.,0.,-1.));
#4844=DIRECTION('',(0.,-1.,0.));
#4845=DIRECTION('',(0.,0.,1.));
#4846=DIRECTION('',(0.,-1.,0.));
#4847=DIRECTION('',(0.,0.,-1.));
#4848=DIRECTION('',(0.,-1.,0.));
#4849=DIRECTION('',(0.,0.,-1.));
#4850=DIRECTION('',(0.,0.999315567062185,-0.0369918562278848));
#4851=DIRECTION('',(0.,-0.999315567062185,-0.0369918562278848));
#4852=DIRECTION('',(0.,0.,-1.));
#4853=DIRECTION('',(0.,-1.,0.));
#4854=DIRECTION('',(0.,0.,1.));
#4855=DIRECTION('',(0.,0.,1.));
#4856=DIRECTION('',(1.,0.,0.));
#4857=DIRECTION('',(1.,0.,0.));
#4858=DIRECTION('',(0.,0.,1.));
#4859=DIRECTION('',(1.,0.,0.));
#4860=DIRECTION('',(-1.,0.,0.));
#4861=DIRECTION('',(0.,0.,1.));
#4862=DIRECTION('',(1.,0.,0.));
#4863=DIRECTION('',(0.,0.,1.));
#4864=DIRECTION('',(1.,0.,0.));
#4865=DIRECTION('',(1.,0.,0.));
#4866=DIRECTION('',(0.,1.,0.));
#4867=DIRECTION('',(-1.,4.71392248906741E-17,0.));
#4868=DIRECTION('',(0.,0.,1.));
#4869=DIRECTION('',(1.,0.,0.));
#4870=DIRECTION('',(0.,0.,1.));
#4871=DIRECTION('',(1.,0.,0.));
#4872=DIRECTION('',(1.,0.,0.));
#4873=DIRECTION('',(0.,0.,1.));
#4874=DIRECTION('',(1.,0.,0.));
#4875=DIRECTION('',(-1.,0.,0.));
#4876=DIRECTION('',(0.,-1.,0.));
#4877=DIRECTION('',(0.,1.,0.));
#4878=DIRECTION('',(0.,0.,1.));
#4879=DIRECTION('',(-1.,0.,0.));
#4880=DIRECTION('',(-1.,0.,0.));
#4881=DIRECTION('',(-1.,0.,0.));
#4882=DIRECTION('',(-1.,0.,0.));
#4883=DIRECTION('',(0.,0.,1.));
#4884=DIRECTION('',(1.,0.,0.));
#4885=DIRECTION('',(0.,0.,1.));
#4886=DIRECTION('',(1.,0.,0.));
#4887=DIRECTION('',(0.,0.,-1.));
#4888=DIRECTION('',(0.,-1.,0.));
#4889=DIRECTION('',(0.,0.,1.));
#4890=DIRECTION('',(-1.,0.,0.));
#4891=DIRECTION('',(0.,0.,1.));
#4892=DIRECTION('',(0.,1.,0.));
#4893=DIRECTION('',(0.,0.,1.));
#4894=DIRECTION('',(0.,0.,1.));
#4895=DIRECTION('',(1.,0.,0.));
#4896=DIRECTION('',(0.,0.,1.));
#4897=DIRECTION('',(1.,0.,0.));
#4898=DIRECTION('',(-1.,0.,0.));
#4899=DIRECTION('',(0.,0.,1.));
#4900=DIRECTION('',(1.,0.,0.));
#4901=DIRECTION('',(0.,1.,0.));
#4902=DIRECTION('',(0.,0.,1.));
#4903=DIRECTION('',(1.,0.,0.));
#4904=DIRECTION('',(1.,0.,0.));
#4905=DIRECTION('',(0.,0.,1.));
#4906=DIRECTION('',(1.,0.,0.));
#4907=DIRECTION('',(0.,-1.,0.));
#4908=DIRECTION('',(-1.62123689343627E-15,-1.,0.));
#4909=DIRECTION('',(-1.,0.,0.));
#4910=DIRECTION('',(0.,0.,1.));
#4911=DIRECTION('',(1.,0.,0.));
#4912=DIRECTION('',(-1.,0.,0.));
#4913=DIRECTION('',(0.,-1.,0.));
#4914=DIRECTION('',(1.,0.,0.));
#4915=DIRECTION('',(0.,0.,1.));
#4916=DIRECTION('',(1.,0.,0.));
#4917=DIRECTION('',(-1.,0.,0.));
#4918=DIRECTION('',(0.,-1.,0.));
#4919=DIRECTION('',(1.,9.66312096689398E-18,0.));
#4920=DIRECTION('',(1.62123689343627E-15,1.,0.));
#4921=DIRECTION('',(-1.,0.,0.));
#4922=DIRECTION('',(0.,0.,1.));
#4923=DIRECTION('',(1.,0.,0.));
#4924=DIRECTION('',(1.,0.,0.));
#4925=DIRECTION('',(0.,1.,0.));
#4926=DIRECTION('',(-1.,0.,0.));
#4927=DIRECTION('',(0.,0.,1.));
#4928=DIRECTION('',(1.,0.,0.));
#4929=DIRECTION('',(-1.,0.,0.));
#4930=DIRECTION('',(0.,1.,0.));
#4931=DIRECTION('',(-1.,0.,0.));
#4932=DIRECTION('',(0.,0.,-1.));
#4933=DIRECTION('',(-1.,0.,0.));
#4934=DIRECTION('',(0.,0.,-1.));
#4935=DIRECTION('',(0.,-1.,0.));
#4936=DIRECTION('',(0.,0.,-1.));
#4937=DIRECTION('',(-1.,0.,0.));
#4938=DIRECTION('',(0.,0.,1.));
#4939=DIRECTION('',(-1.,0.,0.));
#4940=DIRECTION('',(0.,0.,1.));
#4941=DIRECTION('',(-1.,0.,0.));
#4942=DIRECTION('',(-1.,0.,0.));
#4943=DIRECTION('',(0.,0.,1.));
#4944=DIRECTION('',(-1.,0.,0.));
#4945=DIRECTION('',(0.,0.,1.));
#4946=DIRECTION('',(-1.,0.,0.));
#4947=DIRECTION('',(-1.,0.,0.));
#4948=DIRECTION('',(0.,0.,1.));
#4949=DIRECTION('',(0.,0.,-1.));
#4950=DIRECTION('',(0.,0.,-1.));
#4951=DIRECTION('',(0.,0.,-1.));
#4952=DIRECTION('',(-1.,0.,0.));
#4953=DIRECTION('',(0.,0.,1.));
#4954=DIRECTION('',(1.,0.,0.));
#4955=DIRECTION('',(0.,0.,1.));
#4956=DIRECTION('',(0.,0.,1.));
#4957=DIRECTION('',(1.,0.,0.));
#4958=DIRECTION('',(0.,0.,1.));
#4959=DIRECTION('',(0.,1.,0.));
#4960=DIRECTION('',(0.,0.,1.));
#4961=DIRECTION('',(-1.,0.,0.));
#4962=DIRECTION('',(0.,0.,-1.));
#4963=DIRECTION('',(-1.,0.,0.));
#4964=DIRECTION('',(0.,0.,-1.));
#4965=DIRECTION('',(-1.,0.,0.));
#4966=DIRECTION('',(0.,0.,-1.));
#4967=DIRECTION('',(-1.,0.,0.));
#4968=DIRECTION('',(0.,0.,-1.));
#4969=DIRECTION('',(1.,0.,0.));
#4970=DIRECTION('',(0.,0.,1.));
#4971=DIRECTION('',(-1.,-1.64273056437198E-17,0.));
#4972=DIRECTION('',(0.,0.,-1.));
#4973=DIRECTION('',(0.,0.,1.));
#4974=DIRECTION('',(1.,0.,0.));
#4975=DIRECTION('',(0.,-0.0369918562278848,0.999315567062184));
#4976=DIRECTION('',(0.,-0.999315567062185,-0.0369918562278848));
#4977=DIRECTION('',(-1.,0.,0.));
#4978=DIRECTION('',(-1.,0.,0.));
#4979=DIRECTION('',(0.,0.,1.));
#4980=DIRECTION('',(0.,-0.0369918562278848,0.999315567062184));
#4981=DIRECTION('',(0.,-0.999315567062185,-0.0369918562278848));
#4982=DIRECTION('',(-1.,0.,0.));
#4983=DIRECTION('',(-1.,0.,0.));
#4984=DIRECTION('',(0.,0.,1.));
#4985=DIRECTION('',(0.,-0.0369918562278848,-0.999315567062185));
#4986=DIRECTION('',(0.,0.999315567062185,-0.0369918562278848));
#4987=DIRECTION('',(-1.,0.,0.));
#4988=DIRECTION('',(-1.,0.,0.));
#4989=DIRECTION('',(0.,0.,1.));
#4990=DIRECTION('',(-1.,0.,0.));
#4991=DIRECTION('',(0.,0.,1.));
#4992=DIRECTION('',(-1.,0.,0.));
#4993=DIRECTION('',(0.,-0.0369918562278848,-0.999315567062185));
#4994=DIRECTION('',(0.,0.999315567062185,-0.0369918562278848));
#4995=DIRECTION('',(9.66312096689398E-18,-1.,0.));
#4996=DIRECTION('',(1.,9.66312096689398E-18,0.));
#4997=DIRECTION('',(0.,0.,1.));
#4998=DIRECTION('',(1.,9.66312096689398E-18,0.));
#4999=DIRECTION('',(0.,0.,1.));
#5000=DIRECTION('',(0.,0.,1.));
#5001=DIRECTION('',(1.,0.,0.));
#5002=DIRECTION('',(0.,-1.,0.));
#5003=DIRECTION('',(1.62123689343627E-15,1.,0.));
#5004=DIRECTION('',(1.,-1.62123689343627E-15,0.));
#5005=DIRECTION('',(1.62123689343627E-15,1.,0.));
#5006=DIRECTION('',(-1.,0.,0.));
#5007=DIRECTION('',(0.,0.,1.));
#5008=DIRECTION('',(0.,1.,0.));
#5009=DIRECTION('',(0.,0.,1.));
#5010=DIRECTION('',(0.,0.,1.));
#5011=DIRECTION('',(-1.,0.,0.));
#5012=DIRECTION('',(0.,0.,1.));
#5013=DIRECTION('',(0.,0.,1.));
#5014=DIRECTION('',(1.,0.,0.));
#5015=DIRECTION('',(0.,1.,0.));
#5016=DIRECTION('',(-1.62123689343627E-15,-1.,0.));
#5017=DIRECTION('',(-1.,1.62123689343627E-15,0.));
#5018=DIRECTION('',(-1.62123689343627E-15,-1.,0.));
#5019=DIRECTION('',(1.,0.,0.));
#5020=DIRECTION('',(0.,0.,-1.));
#5021=DIRECTION('',(-1.,0.,0.));
#5022=DIRECTION('',(0.,0.,1.));
#5023=DIRECTION('',(0.,0.,1.));
#5024=DIRECTION('',(0.,-1.,0.));
#5025=DIRECTION('',(0.,0.,1.));
#5026=DIRECTION('',(0.,0.,1.));
#5027=DIRECTION('',(1.,0.,0.));
#5028=DIRECTION('',(-1.,0.,0.));
#5029=DIRECTION('',(1.,0.,0.));
#5030=DIRECTION('',(0.,1.,0.));
#5031=DIRECTION('',(0.,0.,1.));
#5032=DIRECTION('',(0.,-1.,0.));
#5033=DIRECTION('',(0.,0.,-1.));
#5034=DIRECTION('',(0.,-1.,0.));
#5035=DIRECTION('',(0.,0.,-1.));
#5036=DIRECTION('',(1.,0.,0.));
#5037=DIRECTION('',(0.,0.,1.));
#5038=DIRECTION('',(0.,1.,0.));
#5039=DIRECTION('',(0.,0.,1.));
#5040=DIRECTION('',(0.,0.,1.));
#5041=DIRECTION('',(-1.,0.,0.));
#5042=DIRECTION('',(0.,0.,1.));
#5043=DIRECTION('',(1.,0.,0.));
#5044=DIRECTION('',(0.,1.,0.));
#5045=DIRECTION('',(1.,0.,0.));
#5046=DIRECTION('',(0.,0.,-1.));
#5047=DIRECTION('',(0.,0.,1.));
#5048=DIRECTION('',(1.,0.,0.));
#5049=DIRECTION('',(0.,0.,1.));
#5050=DIRECTION('',(0.,0.,1.));
#5051=DIRECTION('',(1.,0.,0.));
#5052=DIRECTION('',(0.,0.,1.));
#5053=DIRECTION('',(-1.,0.,0.));
#5054=DIRECTION('',(0.,0.,1.));
#5055=DIRECTION('',(0.,-1.,0.));
#5056=DIRECTION('',(0.,0.,-1.));
#5057=DIRECTION('',(0.,-1.,0.));
#5058=DIRECTION('',(0.,0.,-1.));
#5059=DIRECTION('',(0.,0.,1.));
#5060=DIRECTION('',(0.,-1.,0.));
#5061=DIRECTION('',(0.,0.,1.));
#5062=DIRECTION('',(1.,0.,0.));
#5063=DIRECTION('',(0.,0.,1.));
#5064=DIRECTION('',(0.,0.,1.));
#5065=DIRECTION('',(1.,0.,0.));
#5066=DIRECTION('',(0.,-1.,0.));
#5067=DIRECTION('',(0.,0.,-1.));
#5068=DIRECTION('',(-1.,0.,0.));
#5069=DIRECTION('',(0.,0.,1.));
#5070=DIRECTION('',(-1.,0.,0.));
#5071=DIRECTION('',(0.,0.,1.));
#5072=DIRECTION('',(-1.,0.,0.));
#5073=DIRECTION('',(0.,0.,1.));
#5074=DIRECTION('',(-1.,0.,0.));
#5075=DIRECTION('',(0.,0.,1.));
#5076=DIRECTION('',(-1.,0.,0.));
#5077=DIRECTION('',(0.,0.,1.));
#5078=DIRECTION('',(-1.,0.,0.));
#5079=DIRECTION('',(0.,0.,1.));
#5080=DIRECTION('',(-1.,0.,0.));
#5081=DIRECTION('',(0.,0.,1.));
#5082=DIRECTION('',(-1.,0.,0.));
#5083=DIRECTION('',(0.,0.,1.));
#5084=DIRECTION('',(0.,0.,1.));
#5085=DIRECTION('',(1.,0.,0.));
#5086=DIRECTION('',(0.,0.,1.));
#5087=DIRECTION('',(1.,0.,0.));
#5088=DIRECTION('',(0.,0.,1.));
#5089=DIRECTION('',(0.,0.,1.));
#5090=DIRECTION('',(1.,0.,0.));
#5091=DIRECTION('',(1.,0.,0.));
#5092=DIRECTION('',(0.,0.,-1.));
#5093=DIRECTION('',(0.,-1.,0.));
#5094=DIRECTION('',(0.,0.,1.));
#5095=DIRECTION('',(0.,-1.,0.));
#5096=DIRECTION('',(0.,0.,1.));
#5097=DIRECTION('',(0.,0.,1.));
#5098=DIRECTION('',(0.,1.,0.));
#5099=DIRECTION('',(0.,0.,1.));
#5100=DIRECTION('',(1.,0.,0.));
#5101=DIRECTION('',(0.,0.,1.));
#5102=DIRECTION('',(0.,0.,1.));
#5103=DIRECTION('',(1.,0.,0.));
#5104=DIRECTION('',(0.,1.,0.));
#5105=DIRECTION('',(0.,0.,1.));
#5106=DIRECTION('',(-1.,0.,0.));
#5107=DIRECTION('',(0.,0.,-1.));
#5108=DIRECTION('',(1.,0.,0.));
#5109=DIRECTION('',(0.,0.,-1.));
#5110=DIRECTION('',(0.,0.,-1.));
#5111=DIRECTION('',(-1.,0.,0.));
#5112=DIRECTION('',(0.,0.,-1.));
#5113=DIRECTION('',(-1.,0.,0.));
#5114=DIRECTION('',(0.,0.,-1.));
#5115=DIRECTION('',(1.,0.,0.));
#5116=DIRECTION('',(0.,0.,-1.));
#5117=DIRECTION('',(0.,0.,-1.));
#5118=DIRECTION('',(-1.,0.,0.));
#5119=DIRECTION('',(0.,0.,-1.));
#5120=DIRECTION('',(-1.,0.,0.));
#5121=DIRECTION('',(0.,0.,1.));
#5122=DIRECTION('',(1.,0.,0.));
#5123=DIRECTION('',(0.,0.,-1.));
#5124=DIRECTION('',(-1.,0.,0.));
#5125=DIRECTION('',(0.,-1.,0.));
#5126=DIRECTION('',(0.,-1.,0.));
#5127=DIRECTION('',(0.,0.,1.));
#5128=DIRECTION('',(1.,0.,0.));
#5129=DIRECTION('',(0.,1.,0.));
#5130=DIRECTION('',(0.,1.,0.));
#5131=DIRECTION('',(1.,0.,0.));
#5132=DIRECTION('',(0.,0.,-1.));
#5133=DIRECTION('',(1.,0.,0.));
#5134=DIRECTION('',(0.,0.,-1.));
#5135=DIRECTION('',(0.,0.,-1.));
#5136=DIRECTION('',(-1.,0.,0.));
#5137=DIRECTION('',(0.,-1.,0.));
#5138=DIRECTION('',(0.,-1.,0.));
#5139=DIRECTION('',(0.,0.,1.));
#5140=DIRECTION('',(1.,0.,0.));
#5141=DIRECTION('',(0.,1.,0.));
#5142=DIRECTION('',(0.,1.,0.));
#5143=DIRECTION('',(1.,0.,0.));
#5144=DIRECTION('',(0.,0.,-1.));
#5145=DIRECTION('',(1.,0.,0.));
#5146=DIRECTION('',(0.,0.,-1.));
#5147=DIRECTION('',(0.,0.,-1.));
#5148=DIRECTION('',(-1.,0.,0.));
#5149=DIRECTION('',(0.,-1.,0.));
#5150=DIRECTION('',(0.,-1.,0.));
#5151=DIRECTION('',(0.,0.,1.));
#5152=DIRECTION('',(1.,0.,0.));
#5153=DIRECTION('',(0.,1.,0.));
#5154=DIRECTION('',(-1.,0.,0.));
#5155=DIRECTION('',(0.,1.,0.));
#5156=DIRECTION('',(0.,1.,0.));
#5157=DIRECTION('',(0.,1.,0.));
#5158=DIRECTION('',(1.,0.,0.));
#5159=DIRECTION('',(0.,0.,-1.));
#5160=DIRECTION('',(1.,0.,0.));
#5161=DIRECTION('',(0.,0.,-1.));
#5162=DIRECTION('',(0.,0.,-1.));
#5163=DIRECTION('',(-1.,0.,0.));
#5164=DIRECTION('',(0.,-1.,0.));
#5165=DIRECTION('',(0.,-1.,0.));
#5166=DIRECTION('',(0.,0.,1.));
#5167=DIRECTION('',(1.,0.,0.));
#5168=DIRECTION('',(0.,1.,0.));
#5169=DIRECTION('',(-1.,0.,0.));
#5170=DIRECTION('',(0.,1.,0.));
#5171=DIRECTION('',(0.,1.,0.));
#5172=DIRECTION('',(0.,1.,0.));
#5173=DIRECTION('',(1.,0.,0.));
#5174=DIRECTION('',(0.,0.,-1.));
#5175=DIRECTION('',(1.,0.,0.));
#5176=DIRECTION('',(0.,0.,-1.));
#5177=DIRECTION('',(0.,0.996694347809303,0.0812427045647057));
#5178=DIRECTION('',(0.,-0.0812427045647057,0.996694347809303));
#5179=DIRECTION('',(0.,0.0812427045647057,-0.996694347809303));
#5180=DIRECTION('',(0.,0.0812427045647057,-0.996694347809303));
#5181=DIRECTION('',(-1.,0.,0.));
#5182=DIRECTION('',(1.,0.,0.));
#5183=DIRECTION('',(0.,0.,-1.));
#5184=DIRECTION('',(0.,-0.0812427045647057,0.996694347809303));
#5185=DIRECTION('',(0.,-0.608130701454181,0.793836916468897));
#5186=DIRECTION('',(1.,0.,0.));
#5187=DIRECTION('',(0.,0.,-1.));
#5188=DIRECTION('',(0.,0.780107379489782,0.625645647683723));
#5189=DIRECTION('',(0.,-0.625645647683724,0.780107379489781));
#5190=DIRECTION('',(0.,-0.780107379489781,-0.625645647683724));
#5191=DIRECTION('',(1.,0.,0.));
#5192=DIRECTION('',(0.,0.,-1.));
#5193=DIRECTION('',(0.,0.60813070145418,-0.793836916468897));
#5194=DIRECTION('',(1.,0.,0.));
#5195=DIRECTION('',(0.,0.,-1.));
#5196=DIRECTION('',(0.,0.60813070145418,-0.793836916468897));
#5197=DIRECTION('',(1.,0.,0.));
#5198=DIRECTION('',(0.,0.,-1.));
#5199=DIRECTION('',(0.,-0.780107379489781,-0.625645647683724));
#5200=DIRECTION('',(0.,-0.625645647683724,0.780107379489781));
#5201=DIRECTION('',(0.,0.780107379489782,0.625645647683723));
#5202=DIRECTION('',(1.,0.,0.));
#5203=DIRECTION('',(0.,0.,-1.));
#5204=DIRECTION('',(0.,-0.608130701454181,0.793836916468897));
#5205=DIRECTION('',(0.,-0.0812427045647057,0.996694347809303));
#5206=DIRECTION('',(0.,-0.780107379489781,-0.625645647683724));
#5207=DIRECTION('',(0.,0.625645647683724,-0.780107379489781));
#5208=DIRECTION('',(-1.,0.,0.));
#5209=DIRECTION('',(-1.,0.,0.));
#5210=DIRECTION('',(0.,0.625645647683724,-0.780107379489781));
#5211=DIRECTION('',(0.,0.780107379489781,0.625645647683724));
#5212=DIRECTION('',(-1.,0.,0.));
#5213=DIRECTION('',(-1.,0.,0.));
#5214=DIRECTION('',(0.,0.,1.));
#5215=DIRECTION('',(-1.,0.,0.));
#5216=DIRECTION('',(0.,0.793836916468897,0.60813070145418));
#5217=DIRECTION('',(0.,-0.60813070145418,0.793836916468897));
#5218=DIRECTION('',(0.,-0.996694347809303,-0.0812427045647057));
#5219=DIRECTION('',(0.,0.0812427045647057,-0.996694347809303));
#5220=DIRECTION('',(-1.,0.,0.));
#5221=DIRECTION('',(0.,-0.793836916468897,-0.608130701454181));
#5222=DIRECTION('',(0.,0.608130701454181,-0.793836916468897));
#5223=DIRECTION('',(-1.,0.,0.));
#5224=DIRECTION('',(-1.,0.,0.));
#5225=DIRECTION('',(0.,0.,1.));
#5226=DIRECTION('',(-1.,0.,0.));
#5227=DIRECTION('',(0.,-0.625645647683723,0.780107379489782));
#5228=DIRECTION('',(0.,-0.780107379489782,-0.625645647683723));
#5229=DIRECTION('',(0.,0.996694347809303,0.0812427045647057));
#5230=DIRECTION('',(0.,-0.0812427045647057,0.996694347809303));
#5231=DIRECTION('',(0.,0.0812427045647057,-0.996694347809303));
#5232=DIRECTION('',(0.,0.0812427045647057,-0.996694347809303));
#5233=DIRECTION('',(-1.,0.,0.));
#5234=DIRECTION('',(1.,0.,0.));
#5235=DIRECTION('',(0.,0.,-1.));
#5236=DIRECTION('',(0.,-0.0812427045647057,0.996694347809303));
#5237=DIRECTION('',(0.,-0.608130701454181,0.793836916468897));
#5238=DIRECTION('',(1.,0.,0.));
#5239=DIRECTION('',(0.,0.,-1.));
#5240=DIRECTION('',(0.,0.780107379489782,0.625645647683723));
#5241=DIRECTION('',(0.,-0.625645647683724,0.780107379489781));
#5242=DIRECTION('',(0.,-0.780107379489781,-0.625645647683724));
#5243=DIRECTION('',(1.,0.,0.));
#5244=DIRECTION('',(0.,0.,-1.));
#5245=DIRECTION('',(0.,0.60813070145418,-0.793836916468897));
#5246=DIRECTION('',(1.,0.,0.));
#5247=DIRECTION('',(0.,0.,-1.));
#5248=DIRECTION('',(0.,0.60813070145418,-0.793836916468897));
#5249=DIRECTION('',(1.,0.,0.));
#5250=DIRECTION('',(0.,0.,-1.));
#5251=DIRECTION('',(0.,-0.780107379489781,-0.625645647683724));
#5252=DIRECTION('',(0.,-0.625645647683724,0.780107379489781));
#5253=DIRECTION('',(0.,0.780107379489782,0.625645647683723));
#5254=DIRECTION('',(1.,0.,0.));
#5255=DIRECTION('',(0.,0.,-1.));
#5256=DIRECTION('',(0.,-0.608130701454181,0.793836916468897));
#5257=DIRECTION('',(0.,-0.0812427045647057,0.996694347809303));
#5258=DIRECTION('',(0.,-0.780107379489781,-0.625645647683724));
#5259=DIRECTION('',(0.,0.625645647683724,-0.780107379489781));
#5260=DIRECTION('',(-1.,0.,0.));
#5261=DIRECTION('',(-1.,0.,0.));
#5262=DIRECTION('',(0.,0.625645647683724,-0.780107379489781));
#5263=DIRECTION('',(0.,0.780107379489781,0.625645647683724));
#5264=DIRECTION('',(-1.,0.,0.));
#5265=DIRECTION('',(-1.,0.,0.));
#5266=DIRECTION('',(0.,0.,1.));
#5267=DIRECTION('',(-1.,0.,0.));
#5268=DIRECTION('',(0.,0.793836916468897,0.60813070145418));
#5269=DIRECTION('',(0.,-0.60813070145418,0.793836916468897));
#5270=DIRECTION('',(0.,-0.996694347809303,-0.0812427045647057));
#5271=DIRECTION('',(0.,0.0812427045647057,-0.996694347809303));
#5272=DIRECTION('',(-1.,0.,0.));
#5273=DIRECTION('',(0.,-0.793836916468897,-0.608130701454181));
#5274=DIRECTION('',(0.,0.608130701454181,-0.793836916468897));
#5275=DIRECTION('',(-1.,0.,0.));
#5276=DIRECTION('',(-1.,0.,0.));
#5277=DIRECTION('',(0.,0.,1.));
#5278=DIRECTION('',(-1.,0.,0.));
#5279=DIRECTION('',(0.,-0.625645647683723,0.780107379489782));
#5280=DIRECTION('',(0.,-0.780107379489782,-0.625645647683723));
#5281=DIRECTION('',(0.,-0.996694347809303,0.0812427045647058));
#5282=DIRECTION('',(0.,-0.0812427045647058,-0.996694347809303));
#5283=DIRECTION('',(0.,0.0812427045647058,0.996694347809303));
#5284=DIRECTION('',(0.,0.0812427045647058,0.996694347809303));
#5285=DIRECTION('',(-1.,0.,0.));
#5286=DIRECTION('',(1.,0.,0.));
#5287=DIRECTION('',(0.,0.,-1.));
#5288=DIRECTION('',(0.,0.608130701454171,0.793836916468904));
#5289=DIRECTION('',(1.,0.,0.));
#5290=DIRECTION('',(0.,0.,-1.));
#5291=DIRECTION('',(0.,-0.780107379489782,0.625645647683723));
#5292=DIRECTION('',(0.,-0.625645647683724,-0.780107379489782));
#5293=DIRECTION('',(0.,0.780107379489781,-0.625645647683724));
#5294=DIRECTION('',(1.,0.,0.));
#5295=DIRECTION('',(0.,0.,-1.));
#5296=DIRECTION('',(0.,-0.608130701454186,-0.793836916468893));
#5297=DIRECTION('',(0.,-0.0812427045647057,-0.996694347809303));
#5298=DIRECTION('',(1.,0.,0.));
#5299=DIRECTION('',(0.,0.,-1.));
#5300=DIRECTION('',(0.,-0.0812427045647057,-0.996694347809303));
#5301=DIRECTION('',(0.,-0.608130701454186,-0.793836916468893));
#5302=DIRECTION('',(1.,0.,0.));
#5303=DIRECTION('',(0.,0.,-1.));
#5304=DIRECTION('',(0.,0.780107379489781,-0.625645647683724));
#5305=DIRECTION('',(0.,-0.625645647683724,-0.780107379489782));
#5306=DIRECTION('',(0.,-0.780107379489782,0.625645647683723));
#5307=DIRECTION('',(1.,0.,0.));
#5308=DIRECTION('',(0.,0.,-1.));
#5309=DIRECTION('',(0.,0.608130701454171,0.793836916468904));
#5310=DIRECTION('',(0.,-0.625645647683724,-0.780107379489782));
#5311=DIRECTION('',(0.,0.780107379489782,-0.625645647683723));
#5312=DIRECTION('',(-1.,0.,0.));
#5313=DIRECTION('',(-1.,0.,0.));
#5314=DIRECTION('',(0.,0.780107379489782,-0.625645647683724));
#5315=DIRECTION('',(0.,0.625645647683724,0.780107379489782));
#5316=DIRECTION('',(-1.,0.,0.));
#5317=DIRECTION('',(0.,0.625645647683724,0.780107379489781));
#5318=DIRECTION('',(0.,-0.780107379489781,0.625645647683724));
#5319=DIRECTION('',(-1.,0.,0.));
#5320=DIRECTION('',(-1.,0.,0.));
#5321=DIRECTION('',(0.,0.,1.));
#5322=DIRECTION('',(-1.,0.,0.));
#5323=DIRECTION('',(0.,0.793836916468893,-0.608130701454186));
#5324=DIRECTION('',(0.,0.608130701454186,0.793836916468893));
#5325=DIRECTION('',(-1.,0.,0.));
#5326=DIRECTION('',(0.,0.996694347809303,-0.0812427045647057));
#5327=DIRECTION('',(0.,0.0812427045647057,0.996694347809303));
#5328=DIRECTION('',(0.,-0.793836916468904,0.608130701454171));
#5329=DIRECTION('',(0.,-0.608130701454171,-0.793836916468904));
#5330=DIRECTION('',(-1.,0.,0.));
#5331=DIRECTION('',(-1.,0.,0.));
#5332=DIRECTION('',(0.,0.,1.));
#5333=DIRECTION('',(0.,-0.996694347809303,0.0812427045647058));
#5334=DIRECTION('',(0.,-0.0812427045647058,-0.996694347809303));
#5335=DIRECTION('',(0.,0.0812427045647058,0.996694347809303));
#5336=DIRECTION('',(0.,0.0812427045647058,0.996694347809303));
#5337=DIRECTION('',(-1.,0.,0.));
#5338=DIRECTION('',(1.,0.,0.));
#5339=DIRECTION('',(0.,0.,-1.));
#5340=DIRECTION('',(0.,0.608130701454171,0.793836916468904));
#5341=DIRECTION('',(1.,0.,0.));
#5342=DIRECTION('',(0.,0.,-1.));
#5343=DIRECTION('',(0.,-0.780107379489782,0.625645647683723));
#5344=DIRECTION('',(0.,-0.625645647683724,-0.780107379489782));
#5345=DIRECTION('',(0.,0.780107379489781,-0.625645647683724));
#5346=DIRECTION('',(1.,0.,0.));
#5347=DIRECTION('',(0.,0.,-1.));
#5348=DIRECTION('',(0.,-0.608130701454186,-0.793836916468893));
#5349=DIRECTION('',(0.,-0.0812427045647057,-0.996694347809303));
#5350=DIRECTION('',(1.,0.,0.));
#5351=DIRECTION('',(0.,0.,-1.));
#5352=DIRECTION('',(0.,-0.0812427045647057,-0.996694347809303));
#5353=DIRECTION('',(0.,-0.608130701454186,-0.793836916468893));
#5354=DIRECTION('',(1.,0.,0.));
#5355=DIRECTION('',(0.,0.,-1.));
#5356=DIRECTION('',(0.,0.780107379489781,-0.625645647683724));
#5357=DIRECTION('',(0.,-0.625645647683724,-0.780107379489782));
#5358=DIRECTION('',(0.,-0.780107379489782,0.625645647683723));
#5359=DIRECTION('',(1.,0.,0.));
#5360=DIRECTION('',(0.,0.,-1.));
#5361=DIRECTION('',(0.,0.608130701454171,0.793836916468904));
#5362=DIRECTION('',(0.,-0.625645647683724,-0.780107379489782));
#5363=DIRECTION('',(0.,0.780107379489782,-0.625645647683723));
#5364=DIRECTION('',(-1.,0.,0.));
#5365=DIRECTION('',(-1.,0.,0.));
#5366=DIRECTION('',(0.,0.780107379489782,-0.625645647683724));
#5367=DIRECTION('',(0.,0.625645647683724,0.780107379489782));
#5368=DIRECTION('',(-1.,0.,0.));
#5369=DIRECTION('',(0.,0.625645647683724,0.780107379489781));
#5370=DIRECTION('',(0.,-0.780107379489781,0.625645647683724));
#5371=DIRECTION('',(-1.,0.,0.));
#5372=DIRECTION('',(-1.,0.,0.));
#5373=DIRECTION('',(0.,0.,1.));
#5374=DIRECTION('',(-1.,0.,0.));
#5375=DIRECTION('',(0.,0.793836916468893,-0.608130701454186));
#5376=DIRECTION('',(0.,0.608130701454186,0.793836916468893));
#5377=DIRECTION('',(-1.,0.,0.));
#5378=DIRECTION('',(0.,0.996694347809303,-0.0812427045647057));
#5379=DIRECTION('',(0.,0.0812427045647057,0.996694347809303));
#5380=DIRECTION('',(0.,-0.793836916468904,0.608130701454171));
#5381=DIRECTION('',(0.,-0.608130701454171,-0.793836916468904));
#5382=DIRECTION('',(-1.,0.,0.));
#5383=DIRECTION('',(-1.,0.,0.));
#5384=DIRECTION('',(0.,0.,1.));
#5385=DIRECTION('',(0.,0.,1.));
#5386=DIRECTION('',(1.,0.,0.));
#5387=DIRECTION('',(-1.,0.,0.));
#5388=DIRECTION('',(-1.,0.,0.));
#5389=DIRECTION('',(0.,0.,-1.));
#5390=DIRECTION('',(-1.,0.,0.));
#5391=DIRECTION('',(1.,0.,0.));
#5392=DIRECTION('',(1.,0.,0.));
#5393=DIRECTION('',(1.,0.,0.));
#5394=DIRECTION('',(1.,0.,0.));
#5395=DIRECTION('',(0.,1.,0.));
#5396=DIRECTION('',(0.,1.,0.));
#5397=DIRECTION('',(0.,0.,1.));
#5398=DIRECTION('',(0.,1.,0.));
#5399=DIRECTION('',(0.,0.,1.));
#5400=DIRECTION('',(0.,0.,1.));
#5401=DIRECTION('',(1.,0.,0.));
#5402=DIRECTION('',(-1.,0.,0.));
#5403=DIRECTION('',(-1.,0.,0.));
#5404=DIRECTION('',(0.,0.,-1.));
#5405=DIRECTION('',(-1.,0.,0.));
#5406=DIRECTION('',(1.,0.,0.));
#5407=DIRECTION('',(0.,-1.,0.));
#5408=DIRECTION('',(1.,0.,0.));
#5409=DIRECTION('',(1.,0.,0.));
#5410=DIRECTION('',(1.,0.,0.));
#5411=DIRECTION('',(0.,1.,0.));
#5412=DIRECTION('',(0.,0.,1.));
#5413=DIRECTION('',(0.,1.,0.));
#5414=DIRECTION('',(0.,0.,1.));
#5415=DIRECTION('',(0.993611310520008,0.,0.112856384873482));
#5416=DIRECTION('',(0.112856384873482,0.,-0.993611310520009));
#5417=DIRECTION('',(-0.112856384873482,0.,0.993611310520008));
#5418=DIRECTION('',(-0.112856384873482,0.,0.993611310520008));
#5419=DIRECTION('',(0.,-1.,0.));
#5420=DIRECTION('',(-0.993611310520008,0.,-0.112856384873481));
#5421=DIRECTION('',(-0.112856384873482,0.,0.993611310520009));
#5422=DIRECTION('',(0.112856384873481,0.,-0.993611310520009));
#5423=DIRECTION('',(0.,-1.,0.));
#5424=DIRECTION('',(0.112856384873481,0.,-0.993611310520009));
#5425=DIRECTION('',(0.,-1.,0.));
#5426=DIRECTION('',(0.,0.,-1.));
#5427=DIRECTION('',(0.,1.,0.));
#5428=DIRECTION('',(1.,0.,0.));
#5429=DIRECTION('',(0.,-1.,0.));
#5430=DIRECTION('',(0.,1.,0.));
#5431=DIRECTION('',(1.,0.,0.));
#5432=DIRECTION('',(-0.993839234363676,0.,0.110831296299479));
#5433=DIRECTION('',(0.110831296299479,0.,0.993839234363676));
#5434=DIRECTION('',(-0.110831296299479,0.,-0.993839234363676));
#5435=DIRECTION('',(0.,-1.,0.));
#5436=DIRECTION('',(-0.110831296299479,0.,-0.993839234363676));
#5437=DIRECTION('',(0.110831296299479,0.,0.993839234363676));
#5438=DIRECTION('',(0.993839234363676,0.,-0.110831296299479));
#5439=DIRECTION('',(-0.993839234363676,0.,0.110831296299479));
#5440=DIRECTION('',(0.,-1.,0.));
#5441=DIRECTION('',(-0.993839234363676,0.,0.110831296299479));
#5442=DIRECTION('',(0.993839234363676,0.,-0.110831296299478));
#5443=DIRECTION('',(-0.110831296299478,0.,-0.993839234363676));
#5444=DIRECTION('',(0.110831296299478,0.,0.993839234363676));
#5445=DIRECTION('',(0.,-1.,0.));
#5446=DIRECTION('',(0.110831296299478,0.,0.993839234363676));
#5447=DIRECTION('',(0.,-1.,0.));
#5448=DIRECTION('',(0.,0.,-1.));
#5449=DIRECTION('',(0.,1.,0.));
#5450=DIRECTION('',(1.,0.,0.));
#5451=DIRECTION('',(0.,1.,0.));
#5452=DIRECTION('',(1.,0.,0.));
#5453=DIRECTION('',(0.,1.,0.));
#5454=DIRECTION('',(0.,0.,1.));
#5455=DIRECTION('',(0.,1.,0.));
#5456=DIRECTION('',(0.,0.,1.));
#5457=DIRECTION('',(0.993839234363676,0.,0.110831296299477));
#5458=DIRECTION('',(0.110831296299477,0.,-0.993839234363676));
#5459=DIRECTION('',(-0.110831296299477,0.,0.993839234363676));
#5460=DIRECTION('',(0.,-1.,0.));
#5461=DIRECTION('',(-0.110831296299477,0.,0.993839234363676));
#5462=DIRECTION('',(0.,-1.,0.));
#5463=DIRECTION('',(0.,-1.,0.));
#5464=DIRECTION('',(0.,0.,-1.));
#5465=DIRECTION('',(0.,1.,0.));
#5466=DIRECTION('',(1.,0.,0.));
#5467=DIRECTION('',(0.,-1.,0.));
#5468=DIRECTION('',(0.,1.,0.));
#5469=DIRECTION('',(1.,0.,0.));
#5470=DIRECTION('',(0.993611310520008,0.,-0.112856384873482));
#5471=DIRECTION('',(-0.112856384873482,0.,-0.993611310520009));
#5472=DIRECTION('',(0.112856384873482,0.,0.993611310520008));
#5473=DIRECTION('',(0.112856384873482,0.,0.993611310520008));
#5474=DIRECTION('',(-0.993611310520008,0.,0.112856384873482));
#5475=DIRECTION('',(0.112856384873482,0.,0.993611310520009));
#5476=DIRECTION('',(-0.112856384873482,0.,-0.993611310520008));
#5477=DIRECTION('',(0.,-1.,0.));
#5478=DIRECTION('',(-0.112856384873482,0.,-0.993611310520008));
#5479=DIRECTION('',(0.,-1.,0.));
#5480=DIRECTION('',(0.,0.,-1.));
#5481=DIRECTION('',(0.,1.,0.));
#5482=DIRECTION('',(1.,0.,0.));
#5483=DIRECTION('',(0.,-1.,0.));
#5484=DIRECTION('',(0.,1.,0.));
#5485=DIRECTION('',(1.,0.,0.));
#5486=DIRECTION('',(-0.993839234363676,0.,-0.110831296299478));
#5487=DIRECTION('',(-0.110831296299478,0.,0.993839234363676));
#5488=DIRECTION('',(0.110831296299478,0.,-0.993839234363676));
#5489=DIRECTION('',(0.,-1.,0.));
#5490=DIRECTION('',(0.110831296299478,0.,-0.993839234363676));
#5491=DIRECTION('',(-0.110831296299469,0.,0.993839234363677));
#5492=DIRECTION('',(0.993839234363677,0.,0.110831296299469));
#5493=DIRECTION('',(-0.993839234363677,0.,-0.110831296299469));
#5494=DIRECTION('',(-0.993839234363677,0.,-0.110831296299469));
#5495=DIRECTION('',(0.,1.,0.));
#5496=DIRECTION('',(0.,0.,1.));
#5497=DIRECTION('',(0.,1.,0.));
#5498=DIRECTION('',(0.,0.,1.));
#5499=DIRECTION('',(0.,0.,1.));
#5500=DIRECTION('',(1.,0.,0.));
#5501=DIRECTION('',(0.,-0.866025403784434,-0.500000000000008));
#5502=DIRECTION('',(0.,0.500000000000008,-0.866025403784434));
#5503=DIRECTION('',(0.,-0.500000000000008,0.866025403784434));
#5504=DIRECTION('',(-1.,0.,0.));
#5505=DIRECTION('',(0.,-0.500000000000008,0.866025403784434));
#5506=DIRECTION('',(-1.,0.,0.));
#5507=DIRECTION('',(0.,0.,-1.));
#5508=DIRECTION('',(-1.,0.,0.));
#5509=DIRECTION('',(0.,-1.,0.));
#5510=DIRECTION('',(-1.,0.,0.));
#5511=DIRECTION('',(0.,-1.,0.));
#5512=DIRECTION('',(0.,0.866025403784434,-0.500000000000008));
#5513=DIRECTION('',(0.,0.500000000000008,0.866025403784434));
#5514=DIRECTION('',(0.,-0.500000000000008,-0.866025403784434));
#5515=DIRECTION('',(-1.,0.,0.));
#5516=DIRECTION('',(0.,-0.500000000000008,-0.866025403784434));
#5517=DIRECTION('',(0.,1.,0.));
#5518=DIRECTION('',(0.,0.,1.));
#5519=DIRECTION('',(0.,0.,-1.));
#5520=DIRECTION('',(-1.,0.,0.));
#5521=DIRECTION('',(0.,0.,-1.));
#5522=DIRECTION('',(0.,0.,1.));
#5523=DIRECTION('',(1.,0.,0.));
#5524=DIRECTION('',(0.,1.,0.));
#5525=DIRECTION('',(-1.,0.,0.));
#5526=DIRECTION('',(0.,1.,0.));
#5527=DIRECTION('',(0.,-1.,0.));
#5528=DIRECTION('',(0.,0.,-1.));
#5529=DIRECTION('',(0.,0.,1.));
#5530=DIRECTION('',(0.,0.,1.));
#5531=DIRECTION('',(1.,0.,0.));
#5532=DIRECTION('',(0.,0.,-1.));
#5533=DIRECTION('',(1.,0.,0.));
#5534=DIRECTION('',(0.,0.,-1.));
#5535=DIRECTION('',(0.,0.,1.));
#5536=DIRECTION('',(1.,0.,0.));
#5537=DIRECTION('',(0.,1.,0.));
#5538=DIRECTION('',(0.,0.,1.));
#5539=DIRECTION('',(-1.,0.,0.));
#5540=DIRECTION('',(0.,0.,-1.));
#5541=DIRECTION('',(-1.,0.,0.));
#5542=DIRECTION('',(0.,0.,-1.));
#5543=DIRECTION('',(0.,1.,0.));
#5544=DIRECTION('',(0.,0.,1.));
#5545=DIRECTION('',(-1.,0.,0.));
#5546=DIRECTION('',(0.,0.,1.));
#5547=DIRECTION('',(-1.,0.,0.));
#5548=DIRECTION('',(0.,0.,-1.));
#5549=DIRECTION('',(0.,1.,0.));
#5550=DIRECTION('',(0.,0.,1.));
#5551=DIRECTION('',(-1.,0.,0.));
#5552=DIRECTION('',(0.,0.,1.));
#5553=DIRECTION('',(-1.,0.,0.));
#5554=DIRECTION('',(0.,0.,-1.));
#5555=DIRECTION('',(0.,-0.457128072220529,-0.889400880136704));
#5556=DIRECTION('',(0.,0.889400880136704,-0.457128072220529));
#5557=DIRECTION('',(0.,0.889400880136704,-0.457128072220529));
#5558=DIRECTION('',(-1.,0.,0.));
#5559=DIRECTION('',(0.,-0.889400880136704,0.457128072220529));
#5560=DIRECTION('',(-1.,0.,0.));
#5561=DIRECTION('',(0.,-0.457128072220529,-0.889400880136704));
#5562=DIRECTION('',(0.,0.889400880136704,-0.457128072220529));
#5563=DIRECTION('',(0.,-0.889400880136704,0.457128072220529));
#5564=DIRECTION('',(-1.,0.,0.));
#5565=DIRECTION('',(0.,0.889400880136704,-0.457128072220529));
#5566=DIRECTION('',(-1.,0.,0.));
#5567=DIRECTION('',(0.,-0.457128072220529,-0.889400880136704));
#5568=DIRECTION('',(0.,0.889400880136704,-0.457128072220529));
#5569=DIRECTION('',(0.,-0.889400880136704,0.457128072220529));
#5570=DIRECTION('',(-1.,0.,0.));
#5571=DIRECTION('',(0.,0.889400880136704,-0.457128072220529));
#5572=DIRECTION('',(-1.,0.,0.));
#5573=DIRECTION('',(0.,-0.457128072220529,-0.889400880136704));
#5574=DIRECTION('',(0.,0.889400880136704,-0.457128072220529));
#5575=DIRECTION('',(0.,-0.889400880136704,0.457128072220529));
#5576=DIRECTION('',(-1.,0.,0.));
#5577=DIRECTION('',(0.,-0.889400880136704,0.457128072220529));
#5578=DIRECTION('',(-1.,0.,0.));
#5579=DIRECTION('',(0.,0.889400880136702,-0.457128072220533));
#5580=DIRECTION('',(0.,0.457128072220533,0.889400880136702));
#5581=DIRECTION('',(0.,0.457128072220533,0.889400880136702));
#5582=DIRECTION('',(-1.,0.,0.));
#5583=DIRECTION('',(0.,-0.457128072220533,-0.889400880136702));
#5584=DIRECTION('',(0.,0.889400880136702,-0.457128072220533));
#5585=DIRECTION('',(0.,0.457128072220533,0.889400880136702));
#5586=DIRECTION('',(0.,-0.457128072220533,-0.889400880136702));
#5587=DIRECTION('',(0.,0.457128072220533,0.889400880136702));
#5588=DIRECTION('',(-1.,0.,0.));
#5589=DIRECTION('',(0.,0.889400880136702,-0.457128072220533));
#5590=DIRECTION('',(0.,0.457128072220533,0.889400880136702));
#5591=DIRECTION('',(0.,-0.457128072220533,-0.889400880136702));
#5592=DIRECTION('',(0.,0.457128072220533,0.889400880136702));
#5593=DIRECTION('',(-1.,0.,0.));
#5594=DIRECTION('',(0.,0.889400880136702,-0.457128072220533));
#5595=DIRECTION('',(0.,0.457128072220533,0.889400880136702));
#5596=DIRECTION('',(0.,-0.457128072220533,-0.889400880136702));
#5597=DIRECTION('',(0.,-0.457128072220533,-0.889400880136702));
#5598=DIRECTION('',(-1.,0.,0.));
#5599=DIRECTION('',(-1.,0.,0.));
#5600=DIRECTION('',(0.,0.,1.));
#5601=DIRECTION('',(-1.,0.,0.));
#5602=DIRECTION('',(0.,0.,1.));
#5603=DIRECTION('',(-1.,0.,0.));
#5604=DIRECTION('',(1.,0.,0.));
#5605=DIRECTION('',(0.,0.,-1.));
#5606=DIRECTION('',(-1.,0.,0.));
#5607=DIRECTION('',(0.,0.,1.));
#5608=DIRECTION('',(1.,0.,0.));
#5609=DIRECTION('',(0.,0.,-1.));
#5610=DIRECTION('',(-1.,0.,0.));
#5611=DIRECTION('',(0.,0.,1.));
#5612=DIRECTION('',(-1.,0.,0.));
#5613=DIRECTION('',(-1.,0.,0.));
#5614=DIRECTION('',(0.,0.,1.));
#5615=DIRECTION('',(1.,0.,0.));
#5616=DIRECTION('',(0.,0.,-1.));
#5617=DIRECTION('',(-1.,0.,0.));
#5618=DIRECTION('',(0.,0.,1.));
#5619=DIRECTION('',(-1.,0.,0.));
#5620=DIRECTION('',(-1.,0.,0.));
#5621=DIRECTION('',(0.,0.,1.));
#5622=DIRECTION('',(1.,0.,0.));
#5623=DIRECTION('',(0.,0.,-1.));
#5624=DIRECTION('',(1.,0.,0.));
#5625=DIRECTION('',(0.,0.,-1.));
#5626=DIRECTION('',(-1.,0.,0.));
#5627=DIRECTION('',(0.,0.889400880136701,0.457128072220533));
#5628=DIRECTION('',(0.,-0.457128072220533,0.889400880136702));
#5629=DIRECTION('',(0.,-0.457128072220533,0.889400880136702));
#5630=DIRECTION('',(-1.,0.,0.));
#5631=DIRECTION('',(0.,0.457128072220533,-0.889400880136701));
#5632=DIRECTION('',(0.,0.889400880136701,0.457128072220533));
#5633=DIRECTION('',(0.,-0.457128072220533,0.889400880136702));
#5634=DIRECTION('',(0.,0.457128072220533,-0.889400880136702));
#5635=DIRECTION('',(0.,-0.457128072220533,0.889400880136702));
#5636=DIRECTION('',(-1.,0.,0.));
#5637=DIRECTION('',(0.,0.889400880136701,0.457128072220533));
#5638=DIRECTION('',(0.,-0.457128072220533,0.889400880136702));
#5639=DIRECTION('',(0.,0.457128072220533,-0.889400880136702));
#5640=DIRECTION('',(0.,-0.457128072220533,0.889400880136702));
#5641=DIRECTION('',(-1.,0.,0.));
#5642=DIRECTION('',(0.,0.889400880136701,0.457128072220533));
#5643=DIRECTION('',(0.,-0.457128072220533,0.889400880136702));
#5644=DIRECTION('',(0.,0.457128072220533,-0.889400880136702));
#5645=DIRECTION('',(0.,0.457128072220533,-0.889400880136701));
#5646=DIRECTION('',(-1.,0.,0.));
#5647=DIRECTION('',(0.,1.,-1.30922526488816E-16));
#5648=DIRECTION('',(0.,1.30922526488816E-16,1.));
#5649=DIRECTION('',(0.,1.30922526488816E-16,1.));
#5650=DIRECTION('',(1.,-1.99492361016655E-31,-1.52374359376342E-15));
#5651=DIRECTION('',(0.,-1.30922526488816E-16,-1.));
#5652=DIRECTION('',(0.,1.30922526488816E-16,1.));
#5653=DIRECTION('',(1.,-1.36689210326227E-30,-1.04404653646753E-14));
#5654=DIRECTION('',(0.,-1.30922526488816E-16,-1.));
#5655=DIRECTION('',(0.,1.30922526488816E-16,1.));
#5656=DIRECTION('',(1.,1.99492361016655E-31,1.52374359376342E-15));
#5657=DIRECTION('',(0.,-1.30922526488816E-16,-1.));
#5658=DIRECTION('',(0.,-1.30922526488816E-16,-1.));
#5659=DIRECTION('',(-1.,0.,0.));
#5660=DIRECTION('',(0.,-1.30922526488816E-16,-1.));
#5661=DIRECTION('',(0.,-1.,0.));
#5662=DIRECTION('',(0.,0.,-1.));
#5663=DIRECTION('',(0.,0.,-1.));
#5664=DIRECTION('',(-1.,0.,0.));
#5665=DIRECTION('',(0.,0.,1.));
#5666=DIRECTION('',(-1.,0.,0.));
#5667=DIRECTION('',(0.,0.,1.));
#5668=DIRECTION('',(-1.,0.,0.));
#5669=DIRECTION('',(0.,0.,1.));
#5670=DIRECTION('',(-1.,0.,-1.52374359376342E-15));
#5671=DIRECTION('',(0.,0.,-1.));
#5672=DIRECTION('',(-1.,0.,0.));
#5673=DIRECTION('',(0.,0.,1.));
#5674=DIRECTION('',(-1.,0.,1.04404653646753E-14));
#5675=DIRECTION('',(0.,0.,-1.));
#5676=DIRECTION('',(-1.,0.,0.));
#5677=DIRECTION('',(0.,0.,1.));
#5678=DIRECTION('',(-1.,0.,1.52374359376342E-15));
#5679=DIRECTION('',(0.,-0.889400880136703,-0.457128072220531));
#5680=DIRECTION('',(0.,0.457128072220531,-0.889400880136703));
#5681=DIRECTION('',(0.,0.457128072220531,-0.889400880136702));
#5682=DIRECTION('',(-1.,0.,0.));
#5683=DIRECTION('',(0.,-0.457128072220531,0.889400880136703));
#5684=DIRECTION('',(0.,-0.889400880136703,-0.457128072220531));
#5685=DIRECTION('',(0.,0.457128072220531,-0.889400880136703));
#5686=DIRECTION('',(0.,-0.457128072220531,0.889400880136702));
#5687=DIRECTION('',(0.,0.457128072220531,-0.889400880136702));
#5688=DIRECTION('',(-1.,0.,0.));
#5689=DIRECTION('',(0.,-0.889400880136703,-0.457128072220531));
#5690=DIRECTION('',(0.,0.457128072220531,-0.889400880136703));
#5691=DIRECTION('',(0.,-0.457128072220531,0.889400880136702));
#5692=DIRECTION('',(0.,0.457128072220531,-0.889400880136702));
#5693=DIRECTION('',(-1.,0.,0.));
#5694=DIRECTION('',(0.,-0.889400880136703,-0.457128072220531));
#5695=DIRECTION('',(0.,0.457128072220531,-0.889400880136703));
#5696=DIRECTION('',(0.,-0.457128072220531,0.889400880136702));
#5697=DIRECTION('',(0.,-0.457128072220531,0.889400880136703));
#5698=DIRECTION('',(-1.,0.,0.));
#5699=DIRECTION('',(-1.,0.,0.));
#5700=DIRECTION('',(0.,0.,1.));
#5701=DIRECTION('',(-1.,0.,0.));
#5702=DIRECTION('',(0.,0.,1.));
#5703=DIRECTION('',(-1.,0.,0.));
#5704=DIRECTION('',(1.,0.,0.));
#5705=DIRECTION('',(0.,0.,-1.));
#5706=DIRECTION('',(-1.,0.,0.));
#5707=DIRECTION('',(0.,0.,1.));
#5708=DIRECTION('',(-1.,0.,0.));
#5709=DIRECTION('',(1.,0.,0.));
#5710=DIRECTION('',(0.,0.,-1.));
#5711=DIRECTION('',(-1.,0.,0.));
#5712=DIRECTION('',(0.,0.,1.));
#5713=DIRECTION('',(-1.,0.,0.));
#5714=DIRECTION('',(0.,0.,1.));
#5715=DIRECTION('',(-1.,0.,0.));
#5716=DIRECTION('',(1.,0.,0.));
#5717=DIRECTION('',(0.,0.,-1.));
#5718=DIRECTION('',(-1.,0.,0.));
#5719=DIRECTION('',(0.,0.,1.));
#5720=DIRECTION('',(-1.,0.,0.));
#5721=DIRECTION('',(0.,0.,1.));
#5722=DIRECTION('',(-1.,0.,0.));
#5723=DIRECTION('',(1.,0.,0.));
#5724=DIRECTION('',(0.,0.,-1.));
#5725=DIRECTION('',(1.,0.,0.));
#5726=DIRECTION('',(0.,0.,-1.));
#5727=DIRECTION('',(0.,-0.889400880136702,0.457128072220533));
#5728=DIRECTION('',(0.,-0.457128072220533,-0.889400880136702));
#5729=DIRECTION('',(0.,-0.457128072220532,-0.889400880136702));
#5730=DIRECTION('',(0.,0.457128072220532,0.889400880136702));
#5731=DIRECTION('',(0.,-0.889400880136702,0.457128072220533));
#5732=DIRECTION('',(0.,-0.457128072220533,-0.889400880136702));
#5733=DIRECTION('',(0.,0.457128072220532,0.889400880136702));
#5734=DIRECTION('',(0.,-0.457128072220532,-0.889400880136702));
#5735=DIRECTION('',(0.,-0.889400880136702,0.457128072220533));
#5736=DIRECTION('',(0.,-0.457128072220533,-0.889400880136702));
#5737=DIRECTION('',(0.,0.457128072220532,0.889400880136702));
#5738=DIRECTION('',(0.,-0.457128072220532,-0.889400880136702));
#5739=DIRECTION('',(0.,-0.889400880136702,0.457128072220533));
#5740=DIRECTION('',(0.,-0.457128072220533,-0.889400880136702));
#5741=DIRECTION('',(0.,0.457128072220532,0.889400880136702));
#5742=DIRECTION('',(0.,0.457128072220532,0.889400880136702));
#5743=DIRECTION('',(0.,0.,-1.));
#5744=DIRECTION('',(-1.,0.,0.));
#5745=DIRECTION('',(1.,1.40653254808931E-15,0.));
#5746=DIRECTION('',(0.,-1.,0.));
#5747=DIRECTION('',(0.,-1.,0.));
#5748=DIRECTION('',(0.,-1.,0.));
#5749=DIRECTION('',(-1.,0.,0.));
#5750=DIRECTION('',(0.,1.,0.));
#5751=DIRECTION('',(1.,-1.40653254808931E-15,0.));
#5752=DIRECTION('',(0.,-1.,0.));
#5753=DIRECTION('',(0.,1.,0.));
#5754=DIRECTION('',(1.,1.06010879087472E-14,0.));
#5755=DIRECTION('',(0.,-1.,0.));
#5756=DIRECTION('',(0.,1.,0.));
#5757=DIRECTION('',(0.,1.,0.));
#5758=DIRECTION('',(0.,0.,1.));
#5759=DIRECTION('',(-1.,0.,0.));
#5760=DIRECTION('',(0.,0.,1.));
#5761=DIRECTION('',(0.,0.,-1.));
#5762=DIRECTION('',(0.,0.,1.));
#5763=DIRECTION('',(1.,0.,0.));
#5764=DIRECTION('',(0.,1.,0.));
#5765=DIRECTION('',(-1.,-1.40653254808931E-15,0.));
#5766=DIRECTION('',(0.,-1.,0.));
#5767=DIRECTION('',(0.,1.,0.));
#5768=DIRECTION('',(-1.,-1.06010879087472E-14,0.));
#5769=DIRECTION('',(0.,-1.,0.));
#5770=DIRECTION('',(0.,1.,0.));
#5771=DIRECTION('',(-1.,1.40653254808931E-15,0.));
#5772=DIRECTION('',(0.,-1.,0.));
#5773=DIRECTION('',(0.,1.,0.));
#5774=DIRECTION('',(0.,1.,0.));
#5775=DIRECTION('',(1.,0.,0.));
#5776=DIRECTION('',(0.,0.,-1.));
#5777=DIRECTION('',(1.,0.,0.));
#5778=DIRECTION('',(0.,0.,-1.));
#5779=DIRECTION('',(-1.,0.,0.));
#5780=DIRECTION('',(0.,0.,1.));
#5781=DIRECTION('',(0.,-1.,0.));
#5782=DIRECTION('',(1.,0.,0.));
#5783=DIRECTION('',(0.,0.,-1.));
#5784=DIRECTION('',(0.,-1.,0.));
#5785=DIRECTION('',(-1.52374359376342E-15,0.,1.));
#5786=DIRECTION('',(1.,0.,1.52374359376342E-15));
#5787=DIRECTION('',(-1.,0.,0.));
#5788=DIRECTION('',(0.,0.,1.));
#5789=DIRECTION('',(0.,-1.,0.));
#5790=DIRECTION('',(1.,0.,0.));
#5791=DIRECTION('',(0.,0.,-1.));
#5792=DIRECTION('',(0.,-1.,0.));
#5793=DIRECTION('',(1.04404653646753E-14,0.,1.));
#5794=DIRECTION('',(1.,0.,-1.04404653646753E-14));
#5795=DIRECTION('',(1.52374359376342E-15,0.,1.));
#5796=DIRECTION('',(1.,0.,-1.52374359376342E-15));
#5797=DIRECTION('',(0.,-1.,0.));
#5798=DIRECTION('',(0.,-1.,0.));
#5799=DIRECTION('',(-1.,0.,0.));
#5800=DIRECTION('',(0.,0.,1.));
#5801=DIRECTION('',(1.,0.,0.));
#5802=DIRECTION('',(0.,0.,-1.));
#5803=DIRECTION('',(-1.,0.,0.));
#5804=DIRECTION('',(0.,0.,1.));
#5805=DIRECTION('',(0.,0.,1.));
#5806=DIRECTION('',(1.40653254808931E-15,1.,0.));
#5807=DIRECTION('',(-1.,1.40653254808931E-15,0.));
#5808=DIRECTION('',(0.,0.,1.));
#5809=DIRECTION('',(1.,0.,0.));
#5810=DIRECTION('',(0.,0.,-1.));
#5811=DIRECTION('',(-1.,0.,0.));
#5812=DIRECTION('',(0.,0.,1.));
#5813=DIRECTION('',(0.,0.,1.));
#5814=DIRECTION('',(-1.06010879087472E-14,1.,0.));
#5815=DIRECTION('',(-1.,-1.06010879087472E-14,0.));
#5816=DIRECTION('',(0.,0.,1.));
#5817=DIRECTION('',(1.,0.,0.));
#5818=DIRECTION('',(0.,0.,-1.));
#5819=DIRECTION('',(1.,0.,0.));
#5820=DIRECTION('',(0.,0.,-1.));
#5821=DIRECTION('',(0.,0.,1.));
#5822=DIRECTION('',(-1.40653254808931E-15,1.,0.));
#5823=DIRECTION('',(-1.,-1.40653254808931E-15,0.));
#5824=DIRECTION('',(0.,0.,1.));
#5825=DIRECTION('',(-1.,0.,0.));
#5826=DIRECTION('',(0.,0.,1.));
#5827=DIRECTION('',(0.,0.,1.));
#5828=DIRECTION('',(1.,0.,0.));
#5829=CARTESIAN_POINT('',(0.,0.,0.));
#5830=CARTESIAN_POINT('',(4.5,6.58,-0.600000000000001));
#5831=CARTESIAN_POINT('',(4.5,6.58,-0.600000000000001));
#5832=CARTESIAN_POINT('',(2.,6.58,-0.600000000000001));
#5833=CARTESIAN_POINT('',(1.5,6.58,-0.600000000000001));
#5834=CARTESIAN_POINT('',(2.,6.58,-0.600000000000001));
#5835=CARTESIAN_POINT('',(2.,6.9,-0.600000000000001));
#5836=CARTESIAN_POINT('',(4.5,6.9,-0.600000000000001));
#5837=CARTESIAN_POINT('',(1.5,6.9,-0.600000000000001));
#5838=CARTESIAN_POINT('',(1.5,6.58,-0.600000000000001));
#5839=CARTESIAN_POINT('',(-1.5,6.58,-0.600000000000001));
#5840=CARTESIAN_POINT('',(-1.5,6.58,-0.600000000000001));
#5841=CARTESIAN_POINT('',(-4.,6.58,-0.600000000000001));
#5842=CARTESIAN_POINT('',(-4.5,6.58,-0.600000000000001));
#5843=CARTESIAN_POINT('',(-4.,6.58,-0.600000000000001));
#5844=CARTESIAN_POINT('',(-4.,6.9,-0.600000000000001));
#5845=CARTESIAN_POINT('',(-1.5,6.9,-0.600000000000001));
#5846=CARTESIAN_POINT('',(-4.5,6.9,-0.600000000000001));
#5847=CARTESIAN_POINT('',(-4.5,6.58,-0.600000000000001));
#5848=CARTESIAN_POINT('',(-6.6,-0.0500000000000007,7.05));
#5849=CARTESIAN_POINT('',(-6.78663032476417,-0.346126454987121,-4.12718737055484));
#5850=CARTESIAN_POINT('',(-7.70067252753373,-1.79643779938838,-4.07350091703998));
#5851=CARTESIAN_POINT('',(-6.6,-0.0499999999999988,-4.13814914039933));
#5852=CARTESIAN_POINT('',(-7.70067252753373,-1.79643779938838,7.05));
#5853=CARTESIAN_POINT('',(-7.70067252753373,-1.79643779938838,-2.62649908296003));
#5854=CARTESIAN_POINT('',(-6.43966402083124,0.20440520010952,-2.55243349345902));
#5855=CARTESIAN_POINT('',(-6.6,-0.0499999999999988,-2.56185085960067));
#5856=CARTESIAN_POINT('',(-6.6,-0.0499999999999997,7.05));
#5857=CARTESIAN_POINT('',(-6.743,-2.40000000000001,7.05));
#5858=CARTESIAN_POINT('',(-6.743,-2.40000000000001,-4.05115873916793));
#5859=CARTESIAN_POINT('',(-7.56853227074312,-3.17454533112124,-4.02248724592276));
#5860=CARTESIAN_POINT('',(-7.56853227074312,-3.17454533112124,7.05));
#5861=CARTESIAN_POINT('',(-7.56853227074312,-3.17454533112124,-2.67751275407725));
#5862=CARTESIAN_POINT('',(-6.743,-2.40000000000001,-2.64884126083208));
#5863=CARTESIAN_POINT('',(-7.56853227074312,-3.17454533112124,7.05));
#5864=CARTESIAN_POINT('',(-7.36416077544685,-3.39237023795125,-4.01442397952134));
#5865=CARTESIAN_POINT('',(-6.9872947275548,-3.79404470654812,-3.99955511859042));
#5866=CARTESIAN_POINT('',(-7.00985437283464,-3.77,-3.35));
#5867=CARTESIAN_POINT('',(-6.4,-4.42,-3.35));
#5868=CARTESIAN_POINT('',(-7.00985437283464,-3.77,-3.35));
#5869=CARTESIAN_POINT('',(-6.9872947275548,-3.79404470654812,-2.70044488140958));
#5870=CARTESIAN_POINT('',(-7.74807877036058,-2.98317960522033,-2.67042893225679));
#5871=CARTESIAN_POINT('',(-6.4,-4.42,7.05));
#5872=CARTESIAN_POINT('',(-5.70721165770085,-3.77,-3.35));
#5873=CARTESIAN_POINT('',(-6.16663398706908,-4.20104725622015,-2.86348354302748));
#5874=CARTESIAN_POINT('',(-5.70721165770085,-3.77,-3.35));
#5875=CARTESIAN_POINT('',(-6.16663398706908,-4.20104725622015,-3.83651645697251));
#5876=CARTESIAN_POINT('',(-6.16663398706908,-4.20104725622015,7.05));
#5877=CARTESIAN_POINT('',(-6.16663398706908,-4.20104725622015,7.05));
#5878=CARTESIAN_POINT('',(-5.96296384754187,-4.41812463827999,-3.97645343192581));
#5879=CARTESIAN_POINT('',(-7.33516625781221,-2.95559258734139,-4.03059226168111));
#5880=CARTESIAN_POINT('',(-6.54849904041113,-3.79404470654812,-3.99955511859042));
#5881=CARTESIAN_POINT('',(-7.33516625781221,-2.95559258734139,7.05));
#5882=CARTESIAN_POINT('',(-7.33516625781221,-2.95559258734139,-2.66940773831889));
#5883=CARTESIAN_POINT('',(-6.34688184245559,-4.00893400554907,-2.70839947985232));
#5884=CARTESIAN_POINT('',(-6.54849904041113,-3.79404470654812,-2.70044488140958));
#5885=CARTESIAN_POINT('',(-6.57105868569097,-3.77,-3.35));
#5886=CARTESIAN_POINT('',(-6.57105868569097,-3.77,-3.35));
#5887=CARTESIAN_POINT('',(-6.743,-2.40000000000001,7.05));
#5888=CARTESIAN_POINT('',(-6.743,-2.40000000000001,-4.05115873916793));
#5889=CARTESIAN_POINT('',(-7.42995237840759,-1.96705608931393,-4.06718510704081));
#5890=CARTESIAN_POINT('',(-7.42995237840759,-1.96705608931393,7.05));
#5891=CARTESIAN_POINT('',(-7.42995237840759,-1.96705608931393,-2.63281489295919));
#5892=CARTESIAN_POINT('',(-6.743,-2.40000000000001,-2.64884126083208));
#5893=CARTESIAN_POINT('',(-7.42995237840759,-1.96705608931393,7.05));
#5894=CARTESIAN_POINT('',(-7.61539894700029,-2.26130427763099,-4.05629286535429));
#5895=CARTESIAN_POINT('',(-6.28,-0.142425919205469,-4.13472779240109));
#5896=CARTESIAN_POINT('',(-6.28,-0.142425919205469,7.05));
#5897=CARTESIAN_POINT('',(-6.28,-0.142425919205469,-2.56527220759891));
#5898=CARTESIAN_POINT('',(-7.26843264306736,-1.71077262253435,-2.62332799865956));
#5899=CARTESIAN_POINT('',(-6.28,-0.142425919205468,7.05));
#5900=CARTESIAN_POINT('',(-6.28,-0.555886581736409,-4.11942263966621));
#5901=CARTESIAN_POINT('',(-6.28,0.,-4.14));
#5902=CARTESIAN_POINT('',(-6.28,0.,7.05));
#5903=CARTESIAN_POINT('',(-6.28,0.,-2.56));
#5904=CARTESIAN_POINT('',(-6.28,0.213017404151061,-2.55211469384835));
#5905=CARTESIAN_POINT('',(6.28,0.,7.05));
#5906=CARTESIAN_POINT('',(6.28,-0.413655557792346,-4.12468763278981));
#5907=CARTESIAN_POINT('',(6.28,-0.142425919205461,-4.13472779240109));
#5908=CARTESIAN_POINT('',(6.28,0.,-4.14));
#5909=CARTESIAN_POINT('',(6.28,-0.142425919205461,7.05));
#5910=CARTESIAN_POINT('',(6.28,-0.142425919205461,-2.56527220759891));
#5911=CARTESIAN_POINT('',(6.28000000000001,0.355248428095125,-2.54684970072476));
#5912=CARTESIAN_POINT('',(6.28,0.,-2.56));
#5913=CARTESIAN_POINT('',(6.28,0.,7.05));
#5914=CARTESIAN_POINT('',(6.28,-0.142425919205461,7.05));
#5915=CARTESIAN_POINT('',(6.46657325301083,-0.438461818405268,-4.12376937467756));
#5916=CARTESIAN_POINT('',(7.4299523784076,-1.96705608931394,-4.06718510704081));
#5917=CARTESIAN_POINT('',(7.4299523784076,-1.96705608931394,7.05));
#5918=CARTESIAN_POINT('',(7.4299523784076,-1.96705608931394,-2.63281489295919));
#5919=CARTESIAN_POINT('',(6.1196069490779,0.112069836691374,-2.55585148933629));
#5920=CARTESIAN_POINT('',(6.74300000000001,-2.40000000000001,7.05));
#5921=CARTESIAN_POINT('',(6.74300000000001,-2.40000000000001,-4.05115873916793));
#5922=CARTESIAN_POINT('',(7.3351662578122,-2.9555925873414,-4.03059226168111));
#5923=CARTESIAN_POINT('',(7.3351662578122,-2.9555925873414,7.05));
#5924=CARTESIAN_POINT('',(7.3351662578122,-2.9555925873414,-2.66940773831889));
#5925=CARTESIAN_POINT('',(6.74300000000001,-2.40000000000001,-2.64884126083208));
#5926=CARTESIAN_POINT('',(7.3351662578122,-2.9555925873414,7.05));
#5927=CARTESIAN_POINT('',(7.13064516341022,-3.17357694111979,-4.02252309300138));
#5928=CARTESIAN_POINT('',(6.54849904041113,-3.79404470654812,-3.99955511859042));
#5929=CARTESIAN_POINT('',(6.57105868569097,-3.77,-3.35));
#5930=CARTESIAN_POINT('',(6.16663398706908,-4.20104725622014,-3.83651645697252));
#5931=CARTESIAN_POINT('',(6.16663398706908,-4.20104725622014,7.05));
#5932=CARTESIAN_POINT('',(6.16663398706908,-4.20104725622014,-2.86348354302748));
#5933=CARTESIAN_POINT('',(6.57105868569097,-3.77,-3.35));
#5934=CARTESIAN_POINT('',(6.54849904041113,-3.79404470654812,-2.70044488140958));
#5935=CARTESIAN_POINT('',(7.51456315832395,-2.76438630838889,-2.66232981877675));
#5936=CARTESIAN_POINT('',(6.16663398706908,-4.20104725622014,7.05));
#5937=CARTESIAN_POINT('',(5.70721165770087,-3.77,-3.35));
#5938=CARTESIAN_POINT('',(6.4,-4.42,-3.35));
#5939=CARTESIAN_POINT('',(5.70721165770087,-3.77,-3.35));
#5940=CARTESIAN_POINT('',(6.4,-4.42,7.05));
#5941=CARTESIAN_POINT('',(6.19647945957849,-4.63691793511146,-3.96835431844577));
#5942=CARTESIAN_POINT('',(7.56853227074312,-3.17454533112124,-4.02248724592276));
#5943=CARTESIAN_POINT('',(6.98729472755479,-3.79404470654812,-3.99955511859042));
#5944=CARTESIAN_POINT('',(7.56853227074312,-3.17454533112124,7.05));
#5945=CARTESIAN_POINT('',(7.56853227074312,-3.17454533112124,-2.67751275407725));
#5946=CARTESIAN_POINT('',(6.58039745449222,-4.22772730238054,-2.71649859333236));
#5947=CARTESIAN_POINT('',(6.98729472755479,-3.79404470654812,-2.70044488140958));
#5948=CARTESIAN_POINT('',(7.00985437283464,-3.77,-3.35));
#5949=CARTESIAN_POINT('',(7.00985437283464,-3.77,-3.35));
#5950=CARTESIAN_POINT('',(6.743,-2.4,7.05));
#5951=CARTESIAN_POINT('',(6.743,-2.4,-4.05115873916793));
#5952=CARTESIAN_POINT('',(7.70067252753374,-1.79643779938839,-4.07350091703998));
#5953=CARTESIAN_POINT('',(7.70067252753374,-1.79643779938839,7.05));
#5954=CARTESIAN_POINT('',(7.70067252753374,-1.79643779938839,-2.62649908296002));
#5955=CARTESIAN_POINT('',(6.743,-2.4,-2.64884126083208));
#5956=CARTESIAN_POINT('',(7.70067252753374,-1.79643779938839,7.05));
#5957=CARTESIAN_POINT('',(7.8862244506097,-2.09085315373104,-4.06260248733659));
#5958=CARTESIAN_POINT('',(6.6,-0.0499999999999935,-4.13814914039934));
#5959=CARTESIAN_POINT('',(6.6,-0.0499999999999934,7.05));
#5960=CARTESIAN_POINT('',(6.6,-0.0499999999999934,-2.56185085960067));
#5961=CARTESIAN_POINT('',(7.53925814667677,-1.54032149863439,-2.61701837667726));
#5962=CARTESIAN_POINT('',(6.6,-0.0499999999999936,7.05));
#5963=CARTESIAN_POINT('',(6.6,5.19,5.25));
#5964=CARTESIAN_POINT('',(6.6,5.19,5.25));
#5965=CARTESIAN_POINT('',(6.6,4.875,5.25));
#5966=CARTESIAN_POINT('',(6.6,5.19,5.25));
#5967=CARTESIAN_POINT('',(6.6,5.19,-0.4));
#5968=CARTESIAN_POINT('',(6.6,5.19,-0.4));
#5969=CARTESIAN_POINT('',(6.6,2.81,-0.4));
#5970=CARTESIAN_POINT('',(6.6,2.81,5.25));
#5971=CARTESIAN_POINT('',(6.6,2.81,5.25));
#5972=CARTESIAN_POINT('',(6.6,5.19,5.25));
#5973=CARTESIAN_POINT('',(6.6,3.125,5.25));
#5974=CARTESIAN_POINT('',(6.6,4.875,5.25));
#5975=CARTESIAN_POINT('',(6.6,-0.0499999999999936,6.73));
#5976=CARTESIAN_POINT('',(6.6,2.13,6.73));
#5977=CARTESIAN_POINT('',(6.6,5.87,6.73));
#5978=CARTESIAN_POINT('',(6.6,2.13,7.05));
#5979=CARTESIAN_POINT('',(6.6,2.13,7.05));
#5980=CARTESIAN_POINT('',(6.6,-0.0499999999999936,7.05));
#5981=CARTESIAN_POINT('',(6.6,1.9,7.05));
#5982=CARTESIAN_POINT('',(6.6,1.9,-1.81));
#5983=CARTESIAN_POINT('',(6.6,1.9,-1.81));
#5984=CARTESIAN_POINT('',(6.6,-0.0499999999999936,-1.81));
#5985=CARTESIAN_POINT('',(6.6,0.,-1.81));
#5986=CARTESIAN_POINT('',(6.6,0.,7.05));
#5987=CARTESIAN_POINT('',(6.6,0.,-2.56));
#5988=CARTESIAN_POINT('',(6.6,0.30531684796649,-2.54869802761391));
#5989=CARTESIAN_POINT('',(6.6,-0.463587137920981,-4.12283930590066));
#5990=CARTESIAN_POINT('',(6.6,0.,-4.14));
#5991=CARTESIAN_POINT('',(6.6,0.,7.05));
#5992=CARTESIAN_POINT('',(6.6,0.,-7.05));
#5993=CARTESIAN_POINT('',(6.6,-0.0499999999999936,-7.05));
#5994=CARTESIAN_POINT('',(6.6,6.1,-7.05));
#5995=CARTESIAN_POINT('',(6.6,6.1,7.05));
#5996=CARTESIAN_POINT('',(6.6,6.1,7.05));
#5997=CARTESIAN_POINT('',(6.6,-0.0499999999999936,7.05));
#5998=CARTESIAN_POINT('',(6.6,5.87,7.05));
#5999=CARTESIAN_POINT('',(6.6,5.87,7.05));
#6000=CARTESIAN_POINT('',(-6.6,6.1,7.05));
#6001=CARTESIAN_POINT('',(-6.6,5.19,-0.4));
#6002=CARTESIAN_POINT('',(-6.6,5.19,-0.4));
#6003=CARTESIAN_POINT('',(-6.6,2.81,-0.4));
#6004=CARTESIAN_POINT('',(-6.6,5.19,-0.4));
#6005=CARTESIAN_POINT('',(-6.6,5.19,5.25));
#6006=CARTESIAN_POINT('',(-6.6,5.19,5.25));
#6007=CARTESIAN_POINT('',(-6.6,4.875,5.25));
#6008=CARTESIAN_POINT('',(-6.6,4.875,5.25));
#6009=CARTESIAN_POINT('',(-6.6,3.125,5.25));
#6010=CARTESIAN_POINT('',(-6.6,5.19,5.25));
#6011=CARTESIAN_POINT('',(-6.6,2.81,5.25));
#6012=CARTESIAN_POINT('',(-6.6,2.81,-0.4));
#6013=CARTESIAN_POINT('',(-6.6,6.1,7.05));
#6014=CARTESIAN_POINT('',(-6.6,2.13,7.05));
#6015=CARTESIAN_POINT('',(-6.6,1.9,7.05));
#6016=CARTESIAN_POINT('',(-6.6,2.13,7.05));
#6017=CARTESIAN_POINT('',(-6.6,2.13,6.73));
#6018=CARTESIAN_POINT('',(-6.6,6.1,6.73));
#6019=CARTESIAN_POINT('',(-6.6,5.87,6.73));
#6020=CARTESIAN_POINT('',(-6.6,5.87,7.05));
#6021=CARTESIAN_POINT('',(-6.6,5.87,7.05));
#6022=CARTESIAN_POINT('',(-6.6,6.1,7.05));
#6023=CARTESIAN_POINT('',(-6.6,6.1,7.05));
#6024=CARTESIAN_POINT('',(-6.6,6.1,7.05));
#6025=CARTESIAN_POINT('',(-6.6,6.1,-7.05));
#6026=CARTESIAN_POINT('',(-6.6,6.1,-7.05));
#6027=CARTESIAN_POINT('',(-6.6,0.,-7.05));
#6028=CARTESIAN_POINT('',(-6.6,0.,7.05));
#6029=CARTESIAN_POINT('',(-6.6,0.,-4.14));
#6030=CARTESIAN_POINT('',(-6.6,5.67799721790183,-4.35018351326642));
#6031=CARTESIAN_POINT('',(-6.6,6.4469012037893,-2.32135382024814));
#6032=CARTESIAN_POINT('',(-6.6,0.,-2.56));
#6033=CARTESIAN_POINT('',(-6.6,0.,7.05));
#6034=CARTESIAN_POINT('',(-6.6,0.,-1.81));
#6035=CARTESIAN_POINT('',(-6.6,6.1,-1.81));
#6036=CARTESIAN_POINT('',(-6.6,1.9,-1.81));
#6037=CARTESIAN_POINT('',(-6.6,1.9,-1.81));
#6038=CARTESIAN_POINT('',(-6.743,-2.40000000000001,-7.05));
#6039=CARTESIAN_POINT('',(-6.28,0.,-7.05));
#6040=CARTESIAN_POINT('',(-5.8,6.1,-7.05));
#6041=CARTESIAN_POINT('',(-5.8,6.9,-7.05));
#6042=CARTESIAN_POINT('',(5.8,6.9,-7.05));
#6043=CARTESIAN_POINT('',(5.8,6.9,-7.05));
#6044=CARTESIAN_POINT('',(5.8,6.1,-7.05));
#6045=CARTESIAN_POINT('',(5.8,1.9,-1.81));
#6046=CARTESIAN_POINT('',(-6.28,0.,-1.81));
#6047=CARTESIAN_POINT('',(-1.2,4.44089209850063E-16,-1.81));
#6048=CARTESIAN_POINT('',(-1.2,4.44089209850063E-16,-1.81));
#6049=CARTESIAN_POINT('',(-1.2,1.1,-1.81));
#6050=CARTESIAN_POINT('',(-1.2,1.1,-1.81));
#6051=CARTESIAN_POINT('',(-5.8,1.1,-1.81));
#6052=CARTESIAN_POINT('',(-5.8,1.9,-1.81));
#6053=CARTESIAN_POINT('',(5.8,1.9,-1.81));
#6054=CARTESIAN_POINT('',(-6.28,0.,-1.81));
#6055=CARTESIAN_POINT('',(1.2,4.33680868994202E-16,-1.81));
#6056=CARTESIAN_POINT('',(5.8,1.9,-1.81));
#6057=CARTESIAN_POINT('',(5.8,1.1,-1.81));
#6058=CARTESIAN_POINT('',(5.8,1.1,-1.81));
#6059=CARTESIAN_POINT('',(1.2,1.1,-1.81));
#6060=CARTESIAN_POINT('',(1.2,1.1,-1.81));
#6061=CARTESIAN_POINT('',(-6.28,0.,7.05));
#6062=CARTESIAN_POINT('',(8.,0.,-2.56));
#6063=CARTESIAN_POINT('',(8.,0.,-4.14));
#6064=CARTESIAN_POINT('',(8.,0.,-4.14));
#6065=CARTESIAN_POINT('',(8.,0.,-2.56));
#6066=CARTESIAN_POINT('',(1.2,4.33680868994202E-16,-1.81));
#6067=CARTESIAN_POINT('',(1.2,4.33680868994202E-16,1.29));
#6068=CARTESIAN_POINT('',(-6.28,0.,1.29));
#6069=CARTESIAN_POINT('',(-1.2,0.,1.29));
#6070=CARTESIAN_POINT('',(-1.2,4.44089209850063E-16,-1.81));
#6071=CARTESIAN_POINT('',(-1.2,4.44089209850063E-16,-1.81));
#6072=CARTESIAN_POINT('',(-1.2,4.44089209850063E-16,1.29));
#6073=CARTESIAN_POINT('',(-1.2,1.1,1.29));
#6074=CARTESIAN_POINT('',(-1.2,1.1,-1.81));
#6075=CARTESIAN_POINT('',(1.2,1.1,-1.81));
#6076=CARTESIAN_POINT('',(1.2,1.1,1.29));
#6077=CARTESIAN_POINT('',(1.2,1.1,1.29));
#6078=CARTESIAN_POINT('',(1.2,1.1,-1.81));
#6079=CARTESIAN_POINT('',(-6.743,-2.40000000000001,7.05));
#6080=CARTESIAN_POINT('',(-5.77,6.1,7.05));
#6081=CARTESIAN_POINT('',(-5.77,6.58,7.05));
#6082=CARTESIAN_POINT('',(-6.25,6.09999999999999,7.05));
#6083=CARTESIAN_POINT('',(5.77,6.58,7.05));
#6084=CARTESIAN_POINT('',(5.77,6.58,7.05));
#6085=CARTESIAN_POINT('',(5.77,6.1,7.05));
#6086=CARTESIAN_POINT('',(6.25,6.09999999999999,7.05));
#6087=CARTESIAN_POINT('',(6.25,1.94,7.05));
#6088=CARTESIAN_POINT('',(6.25,1.94,7.05));
#6089=CARTESIAN_POINT('',(5.77,1.94,7.05));
#6090=CARTESIAN_POINT('',(5.77,1.46,7.05));
#6091=CARTESIAN_POINT('',(-5.77,1.46,7.05));
#6092=CARTESIAN_POINT('',(-5.77,1.46,7.05));
#6093=CARTESIAN_POINT('',(-5.77,1.94,7.05));
#6094=CARTESIAN_POINT('',(-6.25,1.94,7.05));
#6095=CARTESIAN_POINT('',(-6.25,6.09999999999999,7.05));
#6096=CARTESIAN_POINT('',(-5.61,7.475,7.05));
#6097=CARTESIAN_POINT('',(-5.61,7.475,7.05));
#6098=CARTESIAN_POINT('',(-5.61,6.9,7.05));
#6099=CARTESIAN_POINT('',(5.8,6.9,7.05));
#6100=CARTESIAN_POINT('',(-5.8,6.9,7.05));
#6101=CARTESIAN_POINT('',(-5.8,6.1,7.05));
#6102=CARTESIAN_POINT('',(-5.61,5.87,7.05));
#6103=CARTESIAN_POINT('',(-7.3,5.87,7.05));
#6104=CARTESIAN_POINT('',(-7.3,5.87,7.05));
#6105=CARTESIAN_POINT('',(-7.3,2.13,7.05));
#6106=CARTESIAN_POINT('',(-7.3,2.13,7.05));
#6107=CARTESIAN_POINT('',(-5.8,1.9,7.05));
#6108=CARTESIAN_POINT('',(-5.8,1.1,7.05));
#6109=CARTESIAN_POINT('',(5.8,1.1,7.05));
#6110=CARTESIAN_POINT('',(-5.61,1.1,7.05));
#6111=CARTESIAN_POINT('',(-5.61,2.13,7.05));
#6112=CARTESIAN_POINT('',(-5.61,0.525,7.05));
#6113=CARTESIAN_POINT('',(-5.61,0.525,7.05));
#6114=CARTESIAN_POINT('',(5.61,0.525,7.05));
#6115=CARTESIAN_POINT('',(5.61,0.525,7.05));
#6116=CARTESIAN_POINT('',(5.61,1.1,7.05));
#6117=CARTESIAN_POINT('',(5.8,1.1,7.05));
#6118=CARTESIAN_POINT('',(5.8,1.1,7.05));
#6119=CARTESIAN_POINT('',(5.8,1.9,7.05));
#6120=CARTESIAN_POINT('',(5.61,2.13,7.05));
#6121=CARTESIAN_POINT('',(7.3,2.13,7.05));
#6122=CARTESIAN_POINT('',(7.3,2.13,7.05));
#6123=CARTESIAN_POINT('',(7.3,5.87,7.05));
#6124=CARTESIAN_POINT('',(7.3,5.87,7.05));
#6125=CARTESIAN_POINT('',(5.8,6.1,7.05));
#6126=CARTESIAN_POINT('',(5.8,6.9,7.05));
#6127=CARTESIAN_POINT('',(5.8,6.9,7.05));
#6128=CARTESIAN_POINT('',(5.61,6.9,7.05));
#6129=CARTESIAN_POINT('',(5.61,5.87,7.05));
#6130=CARTESIAN_POINT('',(5.61,7.475,7.05));
#6131=CARTESIAN_POINT('',(5.61,7.475,7.05));
#6132=CARTESIAN_POINT('',(5.8,6.1,7.05));
#6133=CARTESIAN_POINT('',(5.8,6.9,7.05));
#6134=CARTESIAN_POINT('',(5.8,6.9,7.05));
#6135=CARTESIAN_POINT('',(4.5,6.9,-0.600000000000001));
#6136=CARTESIAN_POINT('',(4.5,6.9,-0.600000000000001));
#6137=CARTESIAN_POINT('',(4.,6.9,-0.600000000000001));
#6138=CARTESIAN_POINT('',(4.5,6.9,-0.600000000000001));
#6139=CARTESIAN_POINT('',(4.5,6.9,5.9));
#6140=CARTESIAN_POINT('',(4.5,6.9,5.9));
#6141=CARTESIAN_POINT('',(1.5,6.9,5.9));
#6142=CARTESIAN_POINT('',(1.5,6.9,-0.600000000000001));
#6143=CARTESIAN_POINT('',(4.,6.9,-0.600000000000001));
#6144=CARTESIAN_POINT('',(-1.5,6.9,-0.600000000000001));
#6145=CARTESIAN_POINT('',(-1.5,6.9,-0.600000000000001));
#6146=CARTESIAN_POINT('',(-2.,6.9,-0.600000000000001));
#6147=CARTESIAN_POINT('',(-1.5,6.9,-0.600000000000001));
#6148=CARTESIAN_POINT('',(-1.5,6.9,5.9));
#6149=CARTESIAN_POINT('',(-1.5,6.9,5.9));
#6150=CARTESIAN_POINT('',(-4.5,6.9,5.9));
#6151=CARTESIAN_POINT('',(-4.5,6.9,-0.600000000000001));
#6152=CARTESIAN_POINT('',(-2.,6.9,-0.600000000000001));
#6153=CARTESIAN_POINT('',(5.8,6.9,6.73));
#6154=CARTESIAN_POINT('',(5.61,6.9,6.73));
#6155=CARTESIAN_POINT('',(-5.61,6.9,6.73));
#6156=CARTESIAN_POINT('',(5.61,6.9,7.05));
#6157=CARTESIAN_POINT('',(-5.8,6.9,7.05));
#6158=CARTESIAN_POINT('',(-5.61,6.9,7.05));
#6159=CARTESIAN_POINT('',(-5.8,6.1,7.05));
#6160=CARTESIAN_POINT('',(-5.8,1.9,-1.81));
#6161=CARTESIAN_POINT('',(-5.8,1.1,-1.81));
#6162=CARTESIAN_POINT('',(5.8,1.9,-1.81));
#6163=CARTESIAN_POINT('',(5.8,1.1,-1.81));
#6164=CARTESIAN_POINT('',(5.8,1.1,-1.81));
#6165=CARTESIAN_POINT('',(4.5,1.1,5.9));
#6166=CARTESIAN_POINT('',(4.5,1.1,5.9));
#6167=CARTESIAN_POINT('',(1.5,1.1,5.9));
#6168=CARTESIAN_POINT('',(4.5,1.1,5.9));
#6169=CARTESIAN_POINT('',(4.5,1.1,-0.600000000000001));
#6170=CARTESIAN_POINT('',(4.5,1.1,-0.600000000000001));
#6171=CARTESIAN_POINT('',(1.5,1.1,-0.600000000000001));
#6172=CARTESIAN_POINT('',(1.5,1.1,5.9));
#6173=CARTESIAN_POINT('',(-1.5,1.1,5.9));
#6174=CARTESIAN_POINT('',(-1.5,1.1,5.9));
#6175=CARTESIAN_POINT('',(-4.5,1.1,5.9));
#6176=CARTESIAN_POINT('',(-1.5,1.1,5.9));
#6177=CARTESIAN_POINT('',(-1.5,1.1,-0.600000000000001));
#6178=CARTESIAN_POINT('',(-1.5,1.1,-0.600000000000001));
#6179=CARTESIAN_POINT('',(-4.5,1.1,-0.600000000000001));
#6180=CARTESIAN_POINT('',(-4.5,1.1,5.9));
#6181=CARTESIAN_POINT('',(5.8,1.1,6.73));
#6182=CARTESIAN_POINT('',(-5.61,1.1,6.73));
#6183=CARTESIAN_POINT('',(5.61,1.1,6.73));
#6184=CARTESIAN_POINT('',(-5.61,1.1,-1.81));
#6185=CARTESIAN_POINT('',(6.6,1.1,1.29));
#6186=CARTESIAN_POINT('',(5.61,1.1,-1.81));
#6187=CARTESIAN_POINT('',(0.,0.,1.29));
#6188=CARTESIAN_POINT('',(8.,-3.79404470654813,-2.70044488140958));
#6189=CARTESIAN_POINT('',(8.,-3.79404470654812,-2.70044488140958));
#6190=CARTESIAN_POINT('',(8.,-3.77,-3.35));
#6191=CARTESIAN_POINT('',(8.,-3.79404470654813,-2.70044488140958));
#6192=CARTESIAN_POINT('',(8.,-3.79404470654812,-2.70044488140958));
#6193=CARTESIAN_POINT('',(8.,-3.77,-3.35));
#6194=CARTESIAN_POINT('',(8.,0.,-4.14));
#6195=CARTESIAN_POINT('',(8.,-3.79404470654812,-3.99955511859042));
#6196=CARTESIAN_POINT('',(8.,-3.77,-3.35));
#6197=CARTESIAN_POINT('',(8.,-3.77,-3.35));
#6198=CARTESIAN_POINT('',(8.,-3.79404470654812,-3.99955511859042));
#6199=CARTESIAN_POINT('',(8.,0.,-4.14));
#6200=CARTESIAN_POINT('',(-5.61,0.525,6.73));
#6201=CARTESIAN_POINT('',(-5.61,0.525,6.73));
#6202=CARTESIAN_POINT('',(-5.61,0.525,6.73));
#6203=CARTESIAN_POINT('',(-5.61,0.525,6.73));
#6204=CARTESIAN_POINT('',(5.61,0.525,6.73));
#6205=CARTESIAN_POINT('',(5.61,0.525,6.73));
#6206=CARTESIAN_POINT('',(0.,0.,6.73));
#6207=CARTESIAN_POINT('',(-5.61,2.13,6.73));
#6208=CARTESIAN_POINT('',(5.61,0.525,6.73));
#6209=CARTESIAN_POINT('',(5.61,0.525,6.73));
#6210=CARTESIAN_POINT('',(-5.61,2.13,6.73));
#6211=CARTESIAN_POINT('',(5.61,7.475,6.73));
#6212=CARTESIAN_POINT('',(5.61,7.475,6.73));
#6213=CARTESIAN_POINT('',(5.61,7.475,6.73));
#6214=CARTESIAN_POINT('',(5.61,7.475,6.73));
#6215=CARTESIAN_POINT('',(-5.61,7.475,6.73));
#6216=CARTESIAN_POINT('',(-5.61,7.475,6.73));
#6217=CARTESIAN_POINT('',(0.,0.,6.73));
#6218=CARTESIAN_POINT('',(5.61,5.87,6.73));
#6219=CARTESIAN_POINT('',(-5.61,7.475,6.73));
#6220=CARTESIAN_POINT('',(-5.61,7.475,6.73));
#6221=CARTESIAN_POINT('',(5.61,5.87,6.73));
#6222=CARTESIAN_POINT('',(-7.3,5.87,6.73));
#6223=CARTESIAN_POINT('',(-7.3,5.87,6.73));
#6224=CARTESIAN_POINT('',(-7.3,5.87,6.73));
#6225=CARTESIAN_POINT('',(-7.3,5.87,6.73));
#6226=CARTESIAN_POINT('',(-7.3,2.13,6.73));
#6227=CARTESIAN_POINT('',(-7.3,2.13,6.73));
#6228=CARTESIAN_POINT('',(0.,0.,6.73));
#6229=CARTESIAN_POINT('',(-5.61,5.87,6.73));
#6230=CARTESIAN_POINT('',(-7.3,2.13,6.73));
#6231=CARTESIAN_POINT('',(-5.61,5.87,6.73));
#6232=CARTESIAN_POINT('',(-7.3,2.13,6.73));
#6233=CARTESIAN_POINT('',(5.61,2.13,6.73));
#6234=CARTESIAN_POINT('',(5.61,2.13,6.73));
#6235=CARTESIAN_POINT('',(7.3,2.13,6.73));
#6236=CARTESIAN_POINT('',(7.3,2.13,6.73));
#6237=CARTESIAN_POINT('',(7.3,5.87,6.73));
#6238=CARTESIAN_POINT('',(7.3,5.87,6.73));
#6239=CARTESIAN_POINT('',(7.3,5.87,6.73));
#6240=CARTESIAN_POINT('',(7.3,5.87,6.73));
#6241=CARTESIAN_POINT('',(0.,0.,6.73));
#6242=CARTESIAN_POINT('',(7.3,2.13,6.73));
#6243=CARTESIAN_POINT('',(7.3,2.13,6.73));
#6244=CARTESIAN_POINT('',(-5.77,6.1,-1.8));
#6245=CARTESIAN_POINT('',(-6.25,6.09999999999999,-1.8));
#6246=CARTESIAN_POINT('',(-6.25,6.09999999999999,-1.8));
#6247=CARTESIAN_POINT('',(-5.77,6.1,-1.8));
#6248=CARTESIAN_POINT('',(-5.77,6.58,-1.8));
#6249=CARTESIAN_POINT('',(-5.77,6.58,-1.8));
#6250=CARTESIAN_POINT('',(-6.25,6.09999999999999,-1.8));
#6251=CARTESIAN_POINT('',(-6.25,5.19,5.25));
#6252=CARTESIAN_POINT('',(-6.25,5.19,5.25));
#6253=CARTESIAN_POINT('',(-6.25,2.81,5.25));
#6254=CARTESIAN_POINT('',(-6.25,5.19,5.25));
#6255=CARTESIAN_POINT('',(-6.25,5.19,-0.4));
#6256=CARTESIAN_POINT('',(-6.25,5.19,-0.4));
#6257=CARTESIAN_POINT('',(-6.25,2.81,-0.4));
#6258=CARTESIAN_POINT('',(-6.25,2.81,5.25));
#6259=CARTESIAN_POINT('',(-6.25,1.94,-1.8));
#6260=CARTESIAN_POINT('',(-6.25,1.94,-1.8));
#6261=CARTESIAN_POINT('',(-6.25,6.09999999999999,-1.8));
#6262=CARTESIAN_POINT('',(-5.77,1.94,-1.8));
#6263=CARTESIAN_POINT('',(-5.77,1.46,-1.8));
#6264=CARTESIAN_POINT('',(-5.77,1.46,-1.8));
#6265=CARTESIAN_POINT('',(-5.77,1.94,-1.8));
#6266=CARTESIAN_POINT('',(-5.77,1.46,-1.8));
#6267=CARTESIAN_POINT('',(-5.77,1.46,-0.613020353109756));
#6268=CARTESIAN_POINT('',(4.,1.46,-0.613020353109757));
#6269=CARTESIAN_POINT('',(2.,1.46,-0.613020353109757));
#6270=CARTESIAN_POINT('',(4.,1.46,-1.8));
#6271=CARTESIAN_POINT('',(4.,1.46,-0.600000000000001));
#6272=CARTESIAN_POINT('',(4.5,1.46,-0.600000000000001));
#6273=CARTESIAN_POINT('',(4.5,1.46,-0.600000000000001));
#6274=CARTESIAN_POINT('',(4.5,1.46,-0.600000000000001));
#6275=CARTESIAN_POINT('',(4.5,1.46,5.9));
#6276=CARTESIAN_POINT('',(4.5,1.46,5.9));
#6277=CARTESIAN_POINT('',(1.5,1.46,5.9));
#6278=CARTESIAN_POINT('',(1.5,1.46,-0.600000000000001));
#6279=CARTESIAN_POINT('',(1.5,1.46,-0.600000000000001));
#6280=CARTESIAN_POINT('',(4.5,1.46,-0.600000000000001));
#6281=CARTESIAN_POINT('',(2.,1.46,-0.600000000000001));
#6282=CARTESIAN_POINT('',(2.,1.46,-1.8));
#6283=CARTESIAN_POINT('',(-5.77,1.46,-0.613020353109756));
#6284=CARTESIAN_POINT('',(-2.,1.46,-0.613020353109757));
#6285=CARTESIAN_POINT('',(-4.,1.46,-0.613020353109757));
#6286=CARTESIAN_POINT('',(-2.,1.46,-1.8));
#6287=CARTESIAN_POINT('',(-2.,1.46,-0.600000000000001));
#6288=CARTESIAN_POINT('',(-1.5,1.46,-0.600000000000001));
#6289=CARTESIAN_POINT('',(-1.5,1.46,-0.600000000000001));
#6290=CARTESIAN_POINT('',(-1.5,1.46,-0.600000000000001));
#6291=CARTESIAN_POINT('',(-1.5,1.46,5.9));
#6292=CARTESIAN_POINT('',(-1.5,1.46,5.9));
#6293=CARTESIAN_POINT('',(-4.5,1.46,5.9));
#6294=CARTESIAN_POINT('',(-4.5,1.46,-0.600000000000001));
#6295=CARTESIAN_POINT('',(-4.5,1.46,-0.600000000000001));
#6296=CARTESIAN_POINT('',(-1.5,1.46,-0.600000000000001));
#6297=CARTESIAN_POINT('',(-4.,1.46,-0.600000000000001));
#6298=CARTESIAN_POINT('',(-4.,1.46,-1.8));
#6299=CARTESIAN_POINT('',(5.77,1.46,-1.8));
#6300=CARTESIAN_POINT('',(5.77,1.46,-1.8));
#6301=CARTESIAN_POINT('',(-5.77,1.46,-1.8));
#6302=CARTESIAN_POINT('',(5.77,1.94,-1.8));
#6303=CARTESIAN_POINT('',(6.25,1.94,-1.8));
#6304=CARTESIAN_POINT('',(6.25,1.94,-1.8));
#6305=CARTESIAN_POINT('',(5.77,1.94,-1.8));
#6306=CARTESIAN_POINT('',(6.25,1.94,-1.8));
#6307=CARTESIAN_POINT('',(6.25,5.19,-0.4));
#6308=CARTESIAN_POINT('',(6.25,5.19,-0.4));
#6309=CARTESIAN_POINT('',(6.25,2.81,-0.4));
#6310=CARTESIAN_POINT('',(6.25,5.19,-0.4));
#6311=CARTESIAN_POINT('',(6.25,5.19,5.25));
#6312=CARTESIAN_POINT('',(6.25,5.19,5.25));
#6313=CARTESIAN_POINT('',(6.25,2.81,5.25));
#6314=CARTESIAN_POINT('',(6.25,2.81,-0.4));
#6315=CARTESIAN_POINT('',(6.25,6.09999999999999,-1.8));
#6316=CARTESIAN_POINT('',(6.25,6.09999999999999,-1.8));
#6317=CARTESIAN_POINT('',(6.25,1.94,-1.8));
#6318=CARTESIAN_POINT('',(5.77,6.1,-1.8));
#6319=CARTESIAN_POINT('',(5.77,6.58,-1.8));
#6320=CARTESIAN_POINT('',(5.77,6.58,-1.8));
#6321=CARTESIAN_POINT('',(5.77,6.1,-1.8));
#6322=CARTESIAN_POINT('',(5.77,6.58,-1.8));
#6323=CARTESIAN_POINT('',(4.5,6.58,-0.600000000000001));
#6324=CARTESIAN_POINT('',(4.5,6.58,-0.600000000000001));
#6325=CARTESIAN_POINT('',(4.,6.58,-0.600000000000001));
#6326=CARTESIAN_POINT('',(4.,6.58,-1.8));
#6327=CARTESIAN_POINT('',(4.,6.58,-0.613020353109694));
#6328=CARTESIAN_POINT('',(5.77,6.58,-0.613020353109741));
#6329=CARTESIAN_POINT('',(2.,6.58,-0.613020353109694));
#6330=CARTESIAN_POINT('',(2.,6.58,-1.8));
#6331=CARTESIAN_POINT('',(1.5,6.58,5.9));
#6332=CARTESIAN_POINT('',(1.5,6.58,5.9));
#6333=CARTESIAN_POINT('',(4.5,6.58,5.9));
#6334=CARTESIAN_POINT('',(4.5,6.58,5.9));
#6335=CARTESIAN_POINT('',(4.5,6.58,5.9));
#6336=CARTESIAN_POINT('',(-1.5,6.58,-0.600000000000001));
#6337=CARTESIAN_POINT('',(-1.5,6.58,-0.600000000000001));
#6338=CARTESIAN_POINT('',(-2.,6.58,-0.600000000000001));
#6339=CARTESIAN_POINT('',(-2.,6.58,-1.8));
#6340=CARTESIAN_POINT('',(-2.,6.58,-0.613020353109694));
#6341=CARTESIAN_POINT('',(5.77,6.58,-0.613020353109741));
#6342=CARTESIAN_POINT('',(-4.,6.58,-0.613020353109694));
#6343=CARTESIAN_POINT('',(-4.,6.58,-1.8));
#6344=CARTESIAN_POINT('',(-4.5,6.58,5.9));
#6345=CARTESIAN_POINT('',(-4.5,6.58,5.9));
#6346=CARTESIAN_POINT('',(-1.5,6.58,5.9));
#6347=CARTESIAN_POINT('',(-1.5,6.58,5.9));
#6348=CARTESIAN_POINT('',(-1.5,6.58,5.9));
#6349=CARTESIAN_POINT('',(5.77,6.58,-1.8));
#6350=CARTESIAN_POINT('',(-5.77,6.1,-1.8));
#6351=CARTESIAN_POINT('',(-1.5,6.9,5.9));
#6352=CARTESIAN_POINT('',(-4.5,6.9,5.9));
#6353=CARTESIAN_POINT('',(-1.5,6.9,5.9));
#6354=CARTESIAN_POINT('',(-1.5,6.58,-0.600000000000001));
#6355=CARTESIAN_POINT('',(-2.,6.58,-0.600000000000001));
#6356=CARTESIAN_POINT('',(-1.5,6.58,-0.600000000000001));
#6357=CARTESIAN_POINT('',(-1.5,0.,0.));
#6358=CARTESIAN_POINT('',(-4.5,0.,0.));
#6359=CARTESIAN_POINT('',(4.5,6.9,5.9));
#6360=CARTESIAN_POINT('',(1.5,6.9,5.9));
#6361=CARTESIAN_POINT('',(4.5,6.9,5.9));
#6362=CARTESIAN_POINT('',(4.5,6.58,-0.600000000000001));
#6363=CARTESIAN_POINT('',(4.,6.58,-0.600000000000001));
#6364=CARTESIAN_POINT('',(4.5,6.58,-0.600000000000001));
#6365=CARTESIAN_POINT('',(4.5,0.,0.));
#6366=CARTESIAN_POINT('',(1.5,0.,0.));
#6367=CARTESIAN_POINT('',(-1.5,1.46,5.9));
#6368=CARTESIAN_POINT('',(-4.5,1.46,5.9));
#6369=CARTESIAN_POINT('',(-1.5,1.46,5.9));
#6370=CARTESIAN_POINT('',(-1.5,1.1,-0.600000000000001));
#6371=CARTESIAN_POINT('',(-2.,1.1,-0.600000000000001));
#6372=CARTESIAN_POINT('',(-2.,1.14,-0.600000000000001));
#6373=CARTESIAN_POINT('',(-2.,1.14,-0.600000000000001));
#6374=CARTESIAN_POINT('',(-4.,1.14,-0.600000000000001));
#6375=CARTESIAN_POINT('',(-4.,1.1,-0.600000000000001));
#6376=CARTESIAN_POINT('',(-4.5,1.1,-0.600000000000001));
#6377=CARTESIAN_POINT('',(-1.5,1.1,-0.600000000000001));
#6378=CARTESIAN_POINT('',(-1.5,0.,0.));
#6379=CARTESIAN_POINT('',(-4.5,0.,0.));
#6380=CARTESIAN_POINT('',(4.5,1.46,5.9));
#6381=CARTESIAN_POINT('',(1.5,1.46,5.9));
#6382=CARTESIAN_POINT('',(4.5,1.46,5.9));
#6383=CARTESIAN_POINT('',(4.5,1.1,-0.600000000000001));
#6384=CARTESIAN_POINT('',(4.,1.1,-0.600000000000001));
#6385=CARTESIAN_POINT('',(4.,1.14,-0.600000000000001));
#6386=CARTESIAN_POINT('',(4.,1.14,-0.600000000000001));
#6387=CARTESIAN_POINT('',(2.,1.14,-0.600000000000001));
#6388=CARTESIAN_POINT('',(2.,1.1,-0.600000000000001));
#6389=CARTESIAN_POINT('',(1.5,1.1,-0.600000000000001));
#6390=CARTESIAN_POINT('',(4.5,1.1,-0.600000000000001));
#6391=CARTESIAN_POINT('',(4.5,0.,0.));
#6392=CARTESIAN_POINT('',(1.5,0.,0.));
#6393=CARTESIAN_POINT('',(-2.,6.27985841592454,3.06914928899373));
#6394=CARTESIAN_POINT('',(-4.,6.27985841592454,3.06914928899373));
#6395=CARTESIAN_POINT('',(-4.,6.27985841592454,3.06914928899373));
#6396=CARTESIAN_POINT('',(-2.,6.27985841592454,3.06914928899373));
#6397=CARTESIAN_POINT('',(-2.,6.27985841592454,3.06914928899373));
#6398=CARTESIAN_POINT('',(-2.,6.27985841592454,3.06914928899373));
#6399=CARTESIAN_POINT('',(-2.,7.15,3.775));
#6400=CARTESIAN_POINT('',(-2.,6.9,-0.600000000000001));
#6401=CARTESIAN_POINT('',(-2.,6.59115044319027,3.189));
#6402=CARTESIAN_POINT('',(-2.,6.59115044319027,3.189));
#6403=CARTESIAN_POINT('',(-2.,6.51493046682489,3.28849543883665));
#6404=CARTESIAN_POINT('',(-2.,7.15,3.775));
#6405=CARTESIAN_POINT('',(-2.,6.64948348185302,4.39908590359182));
#6406=CARTESIAN_POINT('',(-2.,6.64948348185302,4.39908590359182));
#6407=CARTESIAN_POINT('',(-2.,6.9,4.6));
#6408=CARTESIAN_POINT('',(-2.,6.9,4.6));
#6409=CARTESIAN_POINT('',(-2.,6.69979339274121,4.84963436143673));
#6410=CARTESIAN_POINT('',(-2.,6.69979339274121,4.84963436143673));
#6411=CARTESIAN_POINT('',(-2.,6.44927687459423,4.64872026502855));
#6412=CARTESIAN_POINT('',(-2.,7.15,3.775));
#6413=CARTESIAN_POINT('',(-2.,6.26090265355483,3.09389361437133));
#6414=CARTESIAN_POINT('',(-2.,6.26090265355483,3.09389361437133));
#6415=CARTESIAN_POINT('',(-4.,7.15,3.775));
#6416=CARTESIAN_POINT('',(-4.,6.26090265355483,3.09389361437133));
#6417=CARTESIAN_POINT('',(-4.,6.26090265355483,3.09389361437133));
#6418=CARTESIAN_POINT('',(-4.,7.15,3.775));
#6419=CARTESIAN_POINT('',(-4.,6.44927687459423,4.64872026502855));
#6420=CARTESIAN_POINT('',(-4.,6.69979339274121,4.84963436143673));
#6421=CARTESIAN_POINT('',(-4.,6.69979339274121,4.84963436143673));
#6422=CARTESIAN_POINT('',(-4.,6.9,4.6));
#6423=CARTESIAN_POINT('',(-4.,6.9,4.6));
#6424=CARTESIAN_POINT('',(-4.,6.64948348185302,4.39908590359182));
#6425=CARTESIAN_POINT('',(-4.,6.64948348185302,4.39908590359182));
#6426=CARTESIAN_POINT('',(-4.,7.15,3.775));
#6427=CARTESIAN_POINT('',(-4.,6.51493046682489,3.28849543883665));
#6428=CARTESIAN_POINT('',(-4.,6.59115044319027,3.189));
#6429=CARTESIAN_POINT('',(-4.,6.59115044319027,3.189));
#6430=CARTESIAN_POINT('',(-4.,6.9,-0.600000000000001));
#6431=CARTESIAN_POINT('',(-2.,6.9,4.6));
#6432=CARTESIAN_POINT('',(-2.,6.69979339274121,4.84963436143673));
#6433=CARTESIAN_POINT('',(-2.,6.9,4.6));
#6434=CARTESIAN_POINT('',(-2.,6.69979339274121,4.84963436143673));
#6435=CARTESIAN_POINT('',(-2.,6.44927687459423,4.64872026502855));
#6436=CARTESIAN_POINT('',(-2.,7.15,3.775));
#6437=CARTESIAN_POINT('',(-2.,6.26090265355483,3.09389361437133));
#6438=CARTESIAN_POINT('',(-2.,6.26090265355483,3.09389361437133));
#6439=CARTESIAN_POINT('',(-2.,6.9,-0.600000000000001));
#6440=CARTESIAN_POINT('',(-2.,6.59115044319027,3.189));
#6441=CARTESIAN_POINT('',(-2.,6.59115044319027,3.189));
#6442=CARTESIAN_POINT('',(-2.,6.51493046682489,3.28849543883665));
#6443=CARTESIAN_POINT('',(-2.,7.15,3.775));
#6444=CARTESIAN_POINT('',(-2.,6.64948348185302,4.39908590359182));
#6445=CARTESIAN_POINT('',(-2.,6.64948348185302,4.39908590359182));
#6446=CARTESIAN_POINT('',(4.,6.27985841592454,3.06914928899373));
#6447=CARTESIAN_POINT('',(2.,6.27985841592454,3.06914928899373));
#6448=CARTESIAN_POINT('',(2.,6.27985841592454,3.06914928899373));
#6449=CARTESIAN_POINT('',(4.,6.27985841592454,3.06914928899373));
#6450=CARTESIAN_POINT('',(4.,6.27985841592454,3.06914928899373));
#6451=CARTESIAN_POINT('',(4.,6.27985841592454,3.06914928899373));
#6452=CARTESIAN_POINT('',(4.,7.15,3.775));
#6453=CARTESIAN_POINT('',(4.,6.9,-0.600000000000001));
#6454=CARTESIAN_POINT('',(4.,6.59115044319027,3.189));
#6455=CARTESIAN_POINT('',(4.,6.59115044319027,3.189));
#6456=CARTESIAN_POINT('',(4.,6.51493046682489,3.28849543883665));
#6457=CARTESIAN_POINT('',(4.,7.15,3.775));
#6458=CARTESIAN_POINT('',(4.,6.64948348185302,4.39908590359182));
#6459=CARTESIAN_POINT('',(4.,6.64948348185302,4.39908590359182));
#6460=CARTESIAN_POINT('',(4.,6.9,4.6));
#6461=CARTESIAN_POINT('',(4.,6.9,4.6));
#6462=CARTESIAN_POINT('',(4.,6.69979339274121,4.84963436143673));
#6463=CARTESIAN_POINT('',(4.,6.69979339274121,4.84963436143673));
#6464=CARTESIAN_POINT('',(4.,6.44927687459423,4.64872026502855));
#6465=CARTESIAN_POINT('',(4.,7.15,3.775));
#6466=CARTESIAN_POINT('',(4.,6.26090265355483,3.09389361437133));
#6467=CARTESIAN_POINT('',(4.,6.26090265355483,3.09389361437133));
#6468=CARTESIAN_POINT('',(2.,7.15,3.775));
#6469=CARTESIAN_POINT('',(2.,6.26090265355483,3.09389361437133));
#6470=CARTESIAN_POINT('',(2.,6.26090265355483,3.09389361437133));
#6471=CARTESIAN_POINT('',(2.,7.15,3.775));
#6472=CARTESIAN_POINT('',(2.,6.44927687459423,4.64872026502855));
#6473=CARTESIAN_POINT('',(2.,6.69979339274121,4.84963436143673));
#6474=CARTESIAN_POINT('',(2.,6.69979339274121,4.84963436143673));
#6475=CARTESIAN_POINT('',(2.,6.9,4.6));
#6476=CARTESIAN_POINT('',(2.,6.9,4.6));
#6477=CARTESIAN_POINT('',(2.,6.64948348185302,4.39908590359182));
#6478=CARTESIAN_POINT('',(2.,6.64948348185302,4.39908590359182));
#6479=CARTESIAN_POINT('',(2.,7.15,3.775));
#6480=CARTESIAN_POINT('',(2.,6.51493046682489,3.28849543883665));
#6481=CARTESIAN_POINT('',(2.,6.59115044319027,3.189));
#6482=CARTESIAN_POINT('',(2.,6.59115044319027,3.189));
#6483=CARTESIAN_POINT('',(2.,6.9,-0.600000000000001));
#6484=CARTESIAN_POINT('',(4.,6.9,4.6));
#6485=CARTESIAN_POINT('',(4.,6.69979339274121,4.84963436143673));
#6486=CARTESIAN_POINT('',(4.,6.9,4.6));
#6487=CARTESIAN_POINT('',(4.,6.69979339274121,4.84963436143673));
#6488=CARTESIAN_POINT('',(4.,6.44927687459423,4.64872026502855));
#6489=CARTESIAN_POINT('',(4.,7.15,3.775));
#6490=CARTESIAN_POINT('',(4.,6.26090265355483,3.09389361437133));
#6491=CARTESIAN_POINT('',(4.,6.26090265355483,3.09389361437133));
#6492=CARTESIAN_POINT('',(4.,6.9,-0.600000000000001));
#6493=CARTESIAN_POINT('',(4.,6.59115044319027,3.189));
#6494=CARTESIAN_POINT('',(4.,6.59115044319027,3.189));
#6495=CARTESIAN_POINT('',(4.,6.51493046682489,3.28849543883665));
#6496=CARTESIAN_POINT('',(4.,7.15,3.775));
#6497=CARTESIAN_POINT('',(4.,6.64948348185302,4.39908590359182));
#6498=CARTESIAN_POINT('',(4.,6.64948348185302,4.39908590359182));
#6499=CARTESIAN_POINT('',(-2.,1.45894219129898,-0.625997665460706));
#6500=CARTESIAN_POINT('',(-2.,1.45894219129898,-0.625997665460706));
#6501=CARTESIAN_POINT('',(-2.,1.76014158407546,3.06914928899373));
#6502=CARTESIAN_POINT('',(-4.,1.45894219129898,-0.625997665460706));
#6503=CARTESIAN_POINT('',(-4.,1.76014158407546,3.06914928899373));
#6504=CARTESIAN_POINT('',(-2.,1.76014158407546,3.06914928899373));
#6505=CARTESIAN_POINT('',(-2.,0.89,3.775));
#6506=CARTESIAN_POINT('',(-2.,1.76014158407546,3.06914928899373));
#6507=CARTESIAN_POINT('',(-2.,1.77909734644517,3.09389361437133));
#6508=CARTESIAN_POINT('',(-2.,0.890000000000001,3.775));
#6509=CARTESIAN_POINT('',(-2.,1.59072312540577,4.64872026502855));
#6510=CARTESIAN_POINT('',(-2.,1.59072312540577,4.64872026502855));
#6511=CARTESIAN_POINT('',(-2.,1.34020660725879,4.84963436143673));
#6512=CARTESIAN_POINT('',(-2.,1.34020660725879,4.84963436143673));
#6513=CARTESIAN_POINT('',(-2.,1.14,4.6));
#6514=CARTESIAN_POINT('',(-2.,1.14,4.6));
#6515=CARTESIAN_POINT('',(-2.,1.39051651814698,4.39908590359182));
#6516=CARTESIAN_POINT('',(-2.,0.89,3.775));
#6517=CARTESIAN_POINT('',(-2.,1.52506953317511,3.28849543883665));
#6518=CARTESIAN_POINT('',(-2.,1.52506953317511,3.28849543883665));
#6519=CARTESIAN_POINT('',(-2.,1.44884955680973,3.189));
#6520=CARTESIAN_POINT('',(-2.,1.44884955680973,3.189));
#6521=CARTESIAN_POINT('',(-4.,0.89,3.775));
#6522=CARTESIAN_POINT('',(-4.,1.44884955680973,3.189));
#6523=CARTESIAN_POINT('',(-4.,1.44884955680973,3.189));
#6524=CARTESIAN_POINT('',(-4.,1.52506953317511,3.28849543883665));
#6525=CARTESIAN_POINT('',(-4.,1.52506953317511,3.28849543883665));
#6526=CARTESIAN_POINT('',(-4.,0.89,3.775));
#6527=CARTESIAN_POINT('',(-4.,1.39051651814698,4.39908590359182));
#6528=CARTESIAN_POINT('',(-4.,1.14,4.6));
#6529=CARTESIAN_POINT('',(-4.,1.14,4.6));
#6530=CARTESIAN_POINT('',(-4.,1.34020660725879,4.84963436143673));
#6531=CARTESIAN_POINT('',(-4.,1.34020660725879,4.84963436143673));
#6532=CARTESIAN_POINT('',(-4.,1.59072312540577,4.64872026502855));
#6533=CARTESIAN_POINT('',(-4.,1.59072312540577,4.64872026502855));
#6534=CARTESIAN_POINT('',(-4.,0.890000000000001,3.775));
#6535=CARTESIAN_POINT('',(-4.,1.77909734644517,3.09389361437133));
#6536=CARTESIAN_POINT('',(-4.,1.76014158407546,3.06914928899373));
#6537=CARTESIAN_POINT('',(-2.,1.59072312540577,4.64872026502855));
#6538=CARTESIAN_POINT('',(-2.,1.34020660725879,4.84963436143673));
#6539=CARTESIAN_POINT('',(-2.,1.59072312540577,4.64872026502855));
#6540=CARTESIAN_POINT('',(-2.,1.34020660725879,4.84963436143673));
#6541=CARTESIAN_POINT('',(-2.,1.14,4.6));
#6542=CARTESIAN_POINT('',(-2.,1.14,4.6));
#6543=CARTESIAN_POINT('',(-2.,1.39051651814698,4.39908590359182));
#6544=CARTESIAN_POINT('',(-2.,0.89,3.775));
#6545=CARTESIAN_POINT('',(-2.,1.52506953317511,3.28849543883665));
#6546=CARTESIAN_POINT('',(-2.,1.52506953317511,3.28849543883665));
#6547=CARTESIAN_POINT('',(-2.,1.44884955680973,3.189));
#6548=CARTESIAN_POINT('',(-2.,1.44884955680973,3.189));
#6549=CARTESIAN_POINT('',(-2.,1.76014158407546,3.06914928899373));
#6550=CARTESIAN_POINT('',(-2.,1.77909734644517,3.09389361437133));
#6551=CARTESIAN_POINT('',(-2.,0.890000000000001,3.775));
#6552=CARTESIAN_POINT('',(4.,1.45894219129898,-0.625997665460706));
#6553=CARTESIAN_POINT('',(4.,1.45894219129898,-0.625997665460706));
#6554=CARTESIAN_POINT('',(4.,1.76014158407546,3.06914928899373));
#6555=CARTESIAN_POINT('',(2.,1.45894219129898,-0.625997665460706));
#6556=CARTESIAN_POINT('',(2.,1.76014158407546,3.06914928899373));
#6557=CARTESIAN_POINT('',(4.,1.76014158407546,3.06914928899373));
#6558=CARTESIAN_POINT('',(4.,0.89,3.775));
#6559=CARTESIAN_POINT('',(4.,1.76014158407546,3.06914928899373));
#6560=CARTESIAN_POINT('',(4.,1.77909734644517,3.09389361437133));
#6561=CARTESIAN_POINT('',(4.,0.890000000000001,3.775));
#6562=CARTESIAN_POINT('',(4.,1.59072312540577,4.64872026502855));
#6563=CARTESIAN_POINT('',(4.,1.59072312540577,4.64872026502855));
#6564=CARTESIAN_POINT('',(4.,1.34020660725879,4.84963436143673));
#6565=CARTESIAN_POINT('',(4.,1.34020660725879,4.84963436143673));
#6566=CARTESIAN_POINT('',(4.,1.14,4.6));
#6567=CARTESIAN_POINT('',(4.,1.14,4.6));
#6568=CARTESIAN_POINT('',(4.,1.39051651814698,4.39908590359182));
#6569=CARTESIAN_POINT('',(4.,0.89,3.775));
#6570=CARTESIAN_POINT('',(4.,1.52506953317511,3.28849543883665));
#6571=CARTESIAN_POINT('',(4.,1.52506953317511,3.28849543883665));
#6572=CARTESIAN_POINT('',(4.,1.44884955680973,3.189));
#6573=CARTESIAN_POINT('',(4.,1.44884955680973,3.189));
#6574=CARTESIAN_POINT('',(2.,0.89,3.775));
#6575=CARTESIAN_POINT('',(2.,1.44884955680973,3.189));
#6576=CARTESIAN_POINT('',(2.,1.44884955680973,3.189));
#6577=CARTESIAN_POINT('',(2.,1.52506953317511,3.28849543883665));
#6578=CARTESIAN_POINT('',(2.,1.52506953317511,3.28849543883665));
#6579=CARTESIAN_POINT('',(2.,0.89,3.775));
#6580=CARTESIAN_POINT('',(2.,1.39051651814698,4.39908590359182));
#6581=CARTESIAN_POINT('',(2.,1.14,4.6));
#6582=CARTESIAN_POINT('',(2.,1.14,4.6));
#6583=CARTESIAN_POINT('',(2.,1.34020660725879,4.84963436143673));
#6584=CARTESIAN_POINT('',(2.,1.34020660725879,4.84963436143673));
#6585=CARTESIAN_POINT('',(2.,1.59072312540577,4.64872026502855));
#6586=CARTESIAN_POINT('',(2.,1.59072312540577,4.64872026502855));
#6587=CARTESIAN_POINT('',(2.,0.890000000000001,3.775));
#6588=CARTESIAN_POINT('',(2.,1.77909734644517,3.09389361437133));
#6589=CARTESIAN_POINT('',(2.,1.76014158407546,3.06914928899373));
#6590=CARTESIAN_POINT('',(4.,1.59072312540577,4.64872026502855));
#6591=CARTESIAN_POINT('',(4.,1.34020660725879,4.84963436143673));
#6592=CARTESIAN_POINT('',(4.,1.59072312540577,4.64872026502855));
#6593=CARTESIAN_POINT('',(4.,1.34020660725879,4.84963436143673));
#6594=CARTESIAN_POINT('',(4.,1.14,4.6));
#6595=CARTESIAN_POINT('',(4.,1.14,4.6));
#6596=CARTESIAN_POINT('',(4.,1.39051651814698,4.39908590359182));
#6597=CARTESIAN_POINT('',(4.,0.89,3.775));
#6598=CARTESIAN_POINT('',(4.,1.52506953317511,3.28849543883665));
#6599=CARTESIAN_POINT('',(4.,1.52506953317511,3.28849543883665));
#6600=CARTESIAN_POINT('',(4.,1.44884955680973,3.189));
#6601=CARTESIAN_POINT('',(4.,1.44884955680973,3.189));
#6602=CARTESIAN_POINT('',(4.,1.76014158407546,3.06914928899373));
#6603=CARTESIAN_POINT('',(4.,1.77909734644517,3.09389361437133));
#6604=CARTESIAN_POINT('',(4.,0.890000000000001,3.775));
#6605=CARTESIAN_POINT('',(-6.25,5.19,-0.4));
#6606=CARTESIAN_POINT('',(-6.25,2.81,-0.4));
#6607=CARTESIAN_POINT('',(-6.25,5.19,-0.4));
#6608=CARTESIAN_POINT('',(-6.6,5.19,5.25));
#6609=CARTESIAN_POINT('',(-6.6,4.875,5.25));
#6610=CARTESIAN_POINT('',(-6.27794247447472,4.875,5.25));
#6611=CARTESIAN_POINT('',(-6.6,5.19,5.25));
#6612=CARTESIAN_POINT('',(-6.6,2.81,5.25));
#6613=CARTESIAN_POINT('',(-6.6,3.125,5.25));
#6614=CARTESIAN_POINT('',(-6.27794247447472,3.125,5.25));
#6615=CARTESIAN_POINT('',(-6.27794247447472,5.19,5.25));
#6616=CARTESIAN_POINT('',(0.,5.19,0.));
#6617=CARTESIAN_POINT('',(0.,2.81,0.));
#6618=CARTESIAN_POINT('',(6.6,5.19,-0.4));
#6619=CARTESIAN_POINT('',(6.6,2.81,-0.4));
#6620=CARTESIAN_POINT('',(6.6,5.19,-0.4));
#6621=CARTESIAN_POINT('',(6.25,5.19,5.25));
#6622=CARTESIAN_POINT('',(6.25,4.875,5.25));
#6623=CARTESIAN_POINT('',(6.27794247447472,4.875,5.25));
#6624=CARTESIAN_POINT('',(6.27794247447472,5.19,5.25));
#6625=CARTESIAN_POINT('',(6.27794247447472,3.125,5.25));
#6626=CARTESIAN_POINT('',(6.25,3.125,5.25));
#6627=CARTESIAN_POINT('',(6.25,2.81,5.25));
#6628=CARTESIAN_POINT('',(6.25,5.19,5.25));
#6629=CARTESIAN_POINT('',(0.,5.19,0.));
#6630=CARTESIAN_POINT('',(0.,2.81,0.));
#6631=CARTESIAN_POINT('',(-6.19278807428074,4.875,1.66482069776661));
#6632=CARTESIAN_POINT('',(-6.19278807428074,3.125,1.66482069776661));
#6633=CARTESIAN_POINT('',(-6.19278807428074,3.125,1.66482069776661));
#6634=CARTESIAN_POINT('',(-6.19278807428074,4.875,1.66482069776661));
#6635=CARTESIAN_POINT('',(-6.19278807428074,4.875,1.66482069776661));
#6636=CARTESIAN_POINT('',(-6.19278807428074,4.875,1.66482069776661));
#6637=CARTESIAN_POINT('',(-6.2820443806336,4.875,5.28611404315951));
#6638=CARTESIAN_POINT('',(-6.2820443806336,3.125,5.28611404315951));
#6639=CARTESIAN_POINT('',(-5.87455550538891,3.125,1.69849641914918));
#6640=CARTESIAN_POINT('',(-5.87455550538891,4.875,1.69849641914918));
#6641=CARTESIAN_POINT('',(-5.87455550538891,4.875,1.69849641914918));
#6642=CARTESIAN_POINT('',(-6.2820443806336,4.875,5.28611404315951));
#6643=CARTESIAN_POINT('',(-9.92500000000007,4.875,1.3));
#6644=CARTESIAN_POINT('',(-9.92500000000007,3.125,1.3));
#6645=CARTESIAN_POINT('',(-5.88007431613984,3.125,0.848916624061121));
#6646=CARTESIAN_POINT('',(-5.88007431613984,4.875,0.848916624061121));
#6647=CARTESIAN_POINT('',(-5.88007431613984,4.875,0.848916624061121));
#6648=CARTESIAN_POINT('',(-9.92500000000007,4.875,1.3));
#6649=CARTESIAN_POINT('',(-5.88007431613984,4.875,0.848916624061119));
#6650=CARTESIAN_POINT('',(-5.88007431613984,3.125,0.848916624061119));
#6651=CARTESIAN_POINT('',(-5.96197144500362,3.125,0.114533985184167));
#6652=CARTESIAN_POINT('',(-5.96197144500362,4.875,0.114533985184167));
#6653=CARTESIAN_POINT('',(-5.96197144500362,4.875,0.114533985184167));
#6654=CARTESIAN_POINT('',(-5.88007431613984,4.875,0.848916624061119));
#6655=CARTESIAN_POINT('',(-5.96197144500362,4.875,0.114533985184167));
#6656=CARTESIAN_POINT('',(-5.96197144500362,3.125,0.114533985184167));
#6657=CARTESIAN_POINT('',(-6.28,3.125,0.15));
#6658=CARTESIAN_POINT('',(-6.28,4.875,0.15));
#6659=CARTESIAN_POINT('',(-6.28,4.875,0.15));
#6660=CARTESIAN_POINT('',(-5.96197144500362,4.875,0.114533985184167));
#6661=CARTESIAN_POINT('',(-6.28,4.875,0.15));
#6662=CARTESIAN_POINT('',(-6.28,3.125,0.15));
#6663=CARTESIAN_POINT('',(-6.19810287113622,3.125,0.884382638876953));
#6664=CARTESIAN_POINT('',(-6.19810287113622,4.875,0.884382638876953));
#6665=CARTESIAN_POINT('',(-6.19810287113622,4.875,0.884382638876953));
#6666=CARTESIAN_POINT('',(-6.28,4.875,0.15));
#6667=CARTESIAN_POINT('',(-9.92499999999987,4.875,1.3));
#6668=CARTESIAN_POINT('',(-9.92499999999987,3.125,1.3));
#6669=CARTESIAN_POINT('',(-9.92499999999987,4.875,1.3));
#6670=CARTESIAN_POINT('',(-9.92500000000007,4.875,1.3));
#6671=CARTESIAN_POINT('',(-9.92500000000007,3.125,1.3));
#6672=CARTESIAN_POINT('',(5.96197144500362,4.875,0.114533985184167));
#6673=CARTESIAN_POINT('',(5.96197144500362,3.125,0.114533985184167));
#6674=CARTESIAN_POINT('',(5.96197144500362,3.125,0.114533985184167));
#6675=CARTESIAN_POINT('',(5.88007431613984,3.125,0.848916624061123));
#6676=CARTESIAN_POINT('',(5.88007431613984,4.875,0.848916624061123));
#6677=CARTESIAN_POINT('',(5.88007431613984,4.875,0.848916624061123));
#6678=CARTESIAN_POINT('',(5.96197144500362,4.875,0.114533985184167));
#6679=CARTESIAN_POINT('',(5.96197144500362,4.875,0.114533985184167));
#6680=CARTESIAN_POINT('',(5.96197144500362,4.875,0.114533985184167));
#6681=CARTESIAN_POINT('',(9.92500000000029,4.875,1.30000000000001));
#6682=CARTESIAN_POINT('',(9.92500000000029,3.125,1.30000000000001));
#6683=CARTESIAN_POINT('',(5.87455550538892,3.125,1.69849641914923));
#6684=CARTESIAN_POINT('',(5.87455550538892,4.875,1.69849641914923));
#6685=CARTESIAN_POINT('',(5.87455550538892,4.875,1.69849641914923));
#6686=CARTESIAN_POINT('',(9.92500000000029,4.875,1.30000000000001));
#6687=CARTESIAN_POINT('',(5.87455550538892,4.875,1.69849641914923));
#6688=CARTESIAN_POINT('',(5.87455550538892,4.875,1.69849641914923));
#6689=CARTESIAN_POINT('',(5.87455550538892,3.125,1.69849641914923));
#6690=CARTESIAN_POINT('',(6.6,4.875,5.25));
#6691=CARTESIAN_POINT('',(6.6,3.125,5.25));
#6692=CARTESIAN_POINT('',(6.19278807428073,3.125,1.66482069776657));
#6693=CARTESIAN_POINT('',(6.19278807428073,4.875,1.66482069776657));
#6694=CARTESIAN_POINT('',(6.19278807428073,4.875,1.66482069776657));
#6695=CARTESIAN_POINT('',(6.6,4.875,5.25));
#6696=CARTESIAN_POINT('',(9.92499999999991,4.875,1.3));
#6697=CARTESIAN_POINT('',(9.92499999999991,3.125,1.3));
#6698=CARTESIAN_POINT('',(6.19810287113622,3.125,0.884382638876948));
#6699=CARTESIAN_POINT('',(6.19810287113622,4.875,0.884382638876948));
#6700=CARTESIAN_POINT('',(6.19810287113622,4.875,0.884382638876948));
#6701=CARTESIAN_POINT('',(9.92499999999991,4.875,1.3));
#6702=CARTESIAN_POINT('',(6.19810287113622,4.875,0.884382638876948));
#6703=CARTESIAN_POINT('',(6.19810287113622,3.125,0.884382638876948));
#6704=CARTESIAN_POINT('',(6.28,3.125,0.149999999999997));
#6705=CARTESIAN_POINT('',(6.28,4.875,0.149999999999997));
#6706=CARTESIAN_POINT('',(6.28,4.875,0.149999999999997));
#6707=CARTESIAN_POINT('',(6.19810287113622,4.875,0.884382638876948));
#6708=CARTESIAN_POINT('',(6.28,4.875,0.149999999999997));
#6709=CARTESIAN_POINT('',(6.28,3.125,0.149999999999997));
#6710=CARTESIAN_POINT('',(6.28,4.875,0.149999999999997));
#6711=CARTESIAN_POINT('',(9.92500000000029,4.875,1.30000000000001));
#6712=CARTESIAN_POINT('',(9.92500000000029,3.125,1.30000000000001));
#6713=CARTESIAN_POINT('',(0.,0.,0.));
#6714=CARTESIAN_POINT('',(5.55,5.82,5.83));
#6715=CARTESIAN_POINT('',(-5.55,5.82,5.83));
#6716=CARTESIAN_POINT('',(-5.55,5.82,5.83));
#6717=CARTESIAN_POINT('',(-5.55,5.38698729810777,6.58));
#6718=CARTESIAN_POINT('',(5.55,5.38698729810777,6.58));
#6719=CARTESIAN_POINT('',(5.55,5.38698729810777,6.58));
#6720=CARTESIAN_POINT('',(5.55,5.82,5.83));
#6721=CARTESIAN_POINT('',(5.55,5.82,5.83));
#6722=CARTESIAN_POINT('',(5.55,5.82,5.83));
#6723=CARTESIAN_POINT('',(5.55,5.38698729810777,6.58));
#6724=CARTESIAN_POINT('',(-5.55,5.38698729810777,6.58));
#6725=CARTESIAN_POINT('',(-5.55,4.45301270189224,6.58));
#6726=CARTESIAN_POINT('',(5.55,4.45301270189224,6.58));
#6727=CARTESIAN_POINT('',(5.55,4.45301270189224,6.58));
#6728=CARTESIAN_POINT('',(5.55,5.38698729810777,6.58));
#6729=CARTESIAN_POINT('',(5.55,4.45301270189224,6.58));
#6730=CARTESIAN_POINT('',(-5.55,4.45301270189224,6.58));
#6731=CARTESIAN_POINT('',(-5.55,4.02000000000001,5.83));
#6732=CARTESIAN_POINT('',(5.55,4.02000000000001,5.83));
#6733=CARTESIAN_POINT('',(5.55,4.02000000000001,5.83));
#6734=CARTESIAN_POINT('',(5.55,4.45301270189224,6.58));
#6735=CARTESIAN_POINT('',(5.55,4.02000000000001,5.83));
#6736=CARTESIAN_POINT('',(-5.55,4.02000000000001,5.83));
#6737=CARTESIAN_POINT('',(-5.55,4.02000000000001,-4.25));
#6738=CARTESIAN_POINT('',(5.55,4.02000000000001,-4.25));
#6739=CARTESIAN_POINT('',(5.55,4.02000000000001,-4.25));
#6740=CARTESIAN_POINT('',(5.55,4.02000000000001,5.83));
#6741=CARTESIAN_POINT('',(5.55,4.02000000000001,-4.25));
#6742=CARTESIAN_POINT('',(-5.55,4.02000000000001,-4.25));
#6743=CARTESIAN_POINT('',(-5.55,5.82,-4.25));
#6744=CARTESIAN_POINT('',(5.55,5.82,-4.25));
#6745=CARTESIAN_POINT('',(5.55,5.82,-4.25));
#6746=CARTESIAN_POINT('',(5.55,4.02000000000001,-4.25));
#6747=CARTESIAN_POINT('',(5.55,5.82,-4.25));
#6748=CARTESIAN_POINT('',(-5.55,5.82,-4.25));
#6749=CARTESIAN_POINT('',(5.55,5.82,-4.25));
#6750=CARTESIAN_POINT('',(5.55,0.,0.));
#6751=CARTESIAN_POINT('',(-5.55,0.,0.));
#6752=CARTESIAN_POINT('',(0.,0.,0.));
#6753=CARTESIAN_POINT('',(3.825,-2.84000000000001,-5.935));
#6754=CARTESIAN_POINT('',(3.825,-2.84000000000001,-5.935));
#6755=CARTESIAN_POINT('',(3.825,-2.84000000000001,-5.935));
#6756=CARTESIAN_POINT('',(3.17499999999999,-2.84000000000001,-5.935));
#6757=CARTESIAN_POINT('',(3.17499999999999,-2.84000000000001,-5.935));
#6758=CARTESIAN_POINT('',(3.17499999999999,-2.84000000000001,-6.185));
#6759=CARTESIAN_POINT('',(3.825,-2.84000000000001,-6.185));
#6760=CARTESIAN_POINT('',(3.825,-2.84000000000001,-6.185));
#6761=CARTESIAN_POINT('',(3.825,-2.84000000000001,-5.935));
#6762=CARTESIAN_POINT('',(3.825,-2.84000000000001,-5.935));
#6763=CARTESIAN_POINT('',(3.825,-2.84000000000001,-6.185));
#6764=CARTESIAN_POINT('',(1.32500000000001,-2.84000000000001,-6.185));
#6765=CARTESIAN_POINT('',(0.674999999999994,-2.84000000000001,-6.185));
#6766=CARTESIAN_POINT('',(1.32500000000001,-2.84000000000001,-5.935));
#6767=CARTESIAN_POINT('',(1.32500000000001,-2.84000000000001,-5.935));
#6768=CARTESIAN_POINT('',(3.825,-2.84000000000001,-5.935));
#6769=CARTESIAN_POINT('',(0.674999999999994,-2.84000000000001,-5.935));
#6770=CARTESIAN_POINT('',(0.674999999999994,-2.84000000000001,-5.935));
#6771=CARTESIAN_POINT('',(3.825,-2.84000000000001,-5.935));
#6772=CARTESIAN_POINT('',(3.825,-2.84000000000001,-6.185));
#6773=CARTESIAN_POINT('',(-0.674999999999994,-2.84000000000001,-6.185));
#6774=CARTESIAN_POINT('',(-1.32500000000001,-2.84000000000001,-6.185));
#6775=CARTESIAN_POINT('',(-0.674999999999994,-2.84000000000001,-5.935));
#6776=CARTESIAN_POINT('',(-0.674999999999994,-2.84000000000001,-5.935));
#6777=CARTESIAN_POINT('',(3.825,-2.84000000000001,-5.935));
#6778=CARTESIAN_POINT('',(-1.32500000000001,-2.84000000000001,-5.935));
#6779=CARTESIAN_POINT('',(-1.32500000000001,-2.84000000000001,-5.935));
#6780=CARTESIAN_POINT('',(3.825,4.45124422883554,5.55114670122266));
#6781=CARTESIAN_POINT('',(3.17499999999999,4.45124422883554,5.55114670122266));
#6782=CARTESIAN_POINT('',(3.17499999999999,4.22,5.67));
#6783=CARTESIAN_POINT('',(3.17499999999999,4.45124422883554,5.55114670122266));
#6784=CARTESIAN_POINT('',(3.825,4.22,5.67));
#6785=CARTESIAN_POINT('',(3.825,4.22,5.67));
#6786=CARTESIAN_POINT('',(3.825,4.45124422883554,5.55114670122266));
#6787=CARTESIAN_POINT('',(3.825,4.45124422883554,5.55114670122266));
#6788=CARTESIAN_POINT('',(3.825,4.45124422883554,5.55114670122266));
#6789=CARTESIAN_POINT('',(3.825,4.45124422883554,5.55114670122266));
#6790=CARTESIAN_POINT('',(1.32500000000001,4.45124422883554,5.55114670122266));
#6791=CARTESIAN_POINT('',(1.32500000000001,4.45124422883554,5.55114670122266));
#6792=CARTESIAN_POINT('',(1.32500000000001,4.22,5.67));
#6793=CARTESIAN_POINT('',(3.825,4.45124422883554,5.55114670122266));
#6794=CARTESIAN_POINT('',(0.674999999999994,4.45124422883554,5.55114670122266));
#6795=CARTESIAN_POINT('',(0.674999999999994,4.45124422883554,5.55114670122266));
#6796=CARTESIAN_POINT('',(0.674999999999994,4.22,5.67));
#6797=CARTESIAN_POINT('',(3.825,4.22,5.67));
#6798=CARTESIAN_POINT('',(3.825,4.45124422883554,5.55114670122266));
#6799=CARTESIAN_POINT('',(-0.674999999999994,4.45124422883554,5.55114670122266));
#6800=CARTESIAN_POINT('',(-0.674999999999994,4.45124422883554,5.55114670122266));
#6801=CARTESIAN_POINT('',(-0.674999999999994,4.22,5.67));
#6802=CARTESIAN_POINT('',(3.825,4.45124422883554,5.55114670122266));
#6803=CARTESIAN_POINT('',(-1.32500000000001,4.45124422883554,5.55114670122266));
#6804=CARTESIAN_POINT('',(-1.32500000000001,4.45124422883554,5.55114670122266));
#6805=CARTESIAN_POINT('',(-1.32500000000001,4.22,5.67));
#6806=CARTESIAN_POINT('',(3.825,4.22,5.67));
#6807=CARTESIAN_POINT('',(3.825,4.45124422883554,5.55114670122266));
#6808=CARTESIAN_POINT('',(-3.17499999999999,4.45124422883554,5.55114670122266));
#6809=CARTESIAN_POINT('',(-3.17499999999999,4.45124422883554,5.55114670122266));
#6810=CARTESIAN_POINT('',(-3.17499999999999,4.22,5.67));
#6811=CARTESIAN_POINT('',(3.825,4.45124422883554,5.55114670122266));
#6812=CARTESIAN_POINT('',(-3.825,4.45124422883554,5.55114670122266));
#6813=CARTESIAN_POINT('',(-3.825,4.45124422883554,5.55114670122266));
#6814=CARTESIAN_POINT('',(-3.825,4.22,5.67));
#6815=CARTESIAN_POINT('',(3.825,4.22,5.67));
#6816=CARTESIAN_POINT('',(3.825,4.22,5.67));
#6817=CARTESIAN_POINT('',(3.17499999999999,4.22,5.67));
#6818=CARTESIAN_POINT('',(3.17499999999999,3.46884801969242,4.2085381624962));
#6819=CARTESIAN_POINT('',(3.825,3.46884801969242,4.2085381624962));
#6820=CARTESIAN_POINT('',(3.825,3.46884801969242,4.2085381624962));
#6821=CARTESIAN_POINT('',(3.825,4.22,5.67));
#6822=CARTESIAN_POINT('',(3.825,4.22,5.67));
#6823=CARTESIAN_POINT('',(1.32500000000001,4.22,5.67));
#6824=CARTESIAN_POINT('',(1.32500000000001,3.46884801969242,4.2085381624962));
#6825=CARTESIAN_POINT('',(0.674999999999994,4.22,5.67));
#6826=CARTESIAN_POINT('',(0.674999999999994,3.46884801969242,4.2085381624962));
#6827=CARTESIAN_POINT('',(3.825,3.46884801969242,4.2085381624962));
#6828=CARTESIAN_POINT('',(3.825,4.22,5.67));
#6829=CARTESIAN_POINT('',(-0.674999999999994,4.22,5.67));
#6830=CARTESIAN_POINT('',(-0.674999999999994,3.46884801969242,4.2085381624962));
#6831=CARTESIAN_POINT('',(-1.32500000000001,4.22,5.67));
#6832=CARTESIAN_POINT('',(-1.32500000000001,3.46884801969242,4.2085381624962));
#6833=CARTESIAN_POINT('',(3.825,3.46884801969242,4.2085381624962));
#6834=CARTESIAN_POINT('',(3.825,4.22,5.67));
#6835=CARTESIAN_POINT('',(-3.17499999999999,4.22,5.67));
#6836=CARTESIAN_POINT('',(-3.17499999999999,3.46884801969242,4.2085381624962));
#6837=CARTESIAN_POINT('',(-3.825,4.22,5.67));
#6838=CARTESIAN_POINT('',(-3.825,3.46884801969242,4.2085381624962));
#6839=CARTESIAN_POINT('',(3.825,3.46884801969242,4.2085381624962));
#6840=CARTESIAN_POINT('',(3.825,5.47,3.18));
#6841=CARTESIAN_POINT('',(3.17499999999999,5.47,3.18));
#6842=CARTESIAN_POINT('',(3.17499999999999,3.46884801969242,2.1514618375038));
#6843=CARTESIAN_POINT('',(3.825,3.46884801969242,2.1514618375038));
#6844=CARTESIAN_POINT('',(3.825,3.46884801969242,2.1514618375038));
#6845=CARTESIAN_POINT('',(3.825,5.47,3.18));
#6846=CARTESIAN_POINT('',(3.825,5.47,3.18));
#6847=CARTESIAN_POINT('',(1.32500000000001,5.47,3.18));
#6848=CARTESIAN_POINT('',(1.32500000000001,3.46884801969242,2.1514618375038));
#6849=CARTESIAN_POINT('',(0.674999999999994,5.47,3.18));
#6850=CARTESIAN_POINT('',(0.674999999999994,3.46884801969242,2.1514618375038));
#6851=CARTESIAN_POINT('',(3.825,3.46884801969242,2.1514618375038));
#6852=CARTESIAN_POINT('',(3.825,5.47,3.18));
#6853=CARTESIAN_POINT('',(-0.674999999999994,5.47,3.18));
#6854=CARTESIAN_POINT('',(-0.674999999999994,3.46884801969242,2.1514618375038));
#6855=CARTESIAN_POINT('',(-1.32500000000001,5.47,3.18));
#6856=CARTESIAN_POINT('',(-1.32500000000001,3.46884801969242,2.1514618375038));
#6857=CARTESIAN_POINT('',(3.825,3.46884801969242,2.1514618375038));
#6858=CARTESIAN_POINT('',(3.825,5.47,3.18));
#6859=CARTESIAN_POINT('',(-3.17499999999999,5.47,3.18));
#6860=CARTESIAN_POINT('',(-3.17499999999999,3.46884801969242,2.1514618375038));
#6861=CARTESIAN_POINT('',(-3.825,5.47,3.18));
#6862=CARTESIAN_POINT('',(-3.825,3.46884801969242,2.1514618375038));
#6863=CARTESIAN_POINT('',(3.825,3.46884801969242,2.1514618375038));
#6864=CARTESIAN_POINT('',(3.825,3.46884801969242,2.1514618375038));
#6865=CARTESIAN_POINT('',(3.17499999999999,3.46884801969242,2.1514618375038));
#6866=CARTESIAN_POINT('',(3.17499999999999,4.22,0.690000000000002));
#6867=CARTESIAN_POINT('',(3.825,4.22,0.690000000000002));
#6868=CARTESIAN_POINT('',(3.825,4.22,0.690000000000002));
#6869=CARTESIAN_POINT('',(3.825,3.46884801969242,2.1514618375038));
#6870=CARTESIAN_POINT('',(3.825,3.46884801969242,2.1514618375038));
#6871=CARTESIAN_POINT('',(1.32500000000001,3.46884801969242,2.1514618375038));
#6872=CARTESIAN_POINT('',(1.32500000000001,4.22,0.690000000000002));
#6873=CARTESIAN_POINT('',(0.674999999999994,3.46884801969242,2.1514618375038));
#6874=CARTESIAN_POINT('',(0.674999999999994,4.22,0.690000000000002));
#6875=CARTESIAN_POINT('',(3.825,4.22,0.690000000000002));
#6876=CARTESIAN_POINT('',(3.825,3.46884801969242,2.1514618375038));
#6877=CARTESIAN_POINT('',(-0.674999999999994,3.46884801969242,2.1514618375038));
#6878=CARTESIAN_POINT('',(-0.674999999999994,4.22,0.690000000000002));
#6879=CARTESIAN_POINT('',(-1.32500000000001,3.46884801969242,2.1514618375038));
#6880=CARTESIAN_POINT('',(-1.32500000000001,4.22,0.690000000000002));
#6881=CARTESIAN_POINT('',(3.825,4.22,0.690000000000002));
#6882=CARTESIAN_POINT('',(3.825,3.46884801969242,2.1514618375038));
#6883=CARTESIAN_POINT('',(-3.17499999999999,3.46884801969242,2.1514618375038));
#6884=CARTESIAN_POINT('',(-3.17499999999999,4.22,0.690000000000002));
#6885=CARTESIAN_POINT('',(-3.825,3.46884801969242,2.1514618375038));
#6886=CARTESIAN_POINT('',(-3.825,4.22,0.690000000000002));
#6887=CARTESIAN_POINT('',(3.825,4.22,0.690000000000002));
#6888=CARTESIAN_POINT('',(3.825,4.22,0.690000000000001));
#6889=CARTESIAN_POINT('',(3.17499999999999,4.22,0.690000000000001));
#6890=CARTESIAN_POINT('',(3.17499999999999,4.22,-1.8));
#6891=CARTESIAN_POINT('',(3.825,4.22,-1.8));
#6892=CARTESIAN_POINT('',(1.32500000000001,4.22,-1.8));
#6893=CARTESIAN_POINT('',(1.32500000000001,4.22,0.690000000000001));
#6894=CARTESIAN_POINT('',(0.674999999999994,4.22,0.690000000000001));
#6895=CARTESIAN_POINT('',(0.674999999999994,4.22,-1.8));
#6896=CARTESIAN_POINT('',(3.82499999999997,4.22,-1.80000000000004));
#6897=CARTESIAN_POINT('',(-0.674999999999994,4.22,-1.79999999999999));
#6898=CARTESIAN_POINT('',(-0.674999999999994,4.22,0.690000000000001));
#6899=CARTESIAN_POINT('',(-1.32500000000001,4.22,0.690000000000001));
#6900=CARTESIAN_POINT('',(-1.32500000000001,4.22,-1.8));
#6901=CARTESIAN_POINT('',(3.825,4.22,-1.79999999999999));
#6902=CARTESIAN_POINT('',(-3.17499999999999,4.22,-1.8));
#6903=CARTESIAN_POINT('',(-3.17499999999999,4.22,0.690000000000001));
#6904=CARTESIAN_POINT('',(-3.825,4.22,0.690000000000001));
#6905=CARTESIAN_POINT('',(-3.825,4.22,-5.935));
#6906=CARTESIAN_POINT('',(3.825,4.22,-5.935));
#6907=CARTESIAN_POINT('',(3.825,4.22,-5.935));
#6908=CARTESIAN_POINT('',(3.825,4.22,0.690000000000001));
#6909=CARTESIAN_POINT('',(3.825,4.47999999999999,-6.185));
#6910=CARTESIAN_POINT('',(3.17499999999999,4.47999999999999,-6.185));
#6911=CARTESIAN_POINT('',(3.17499999999999,4.47999999999999,0.75290528390605));
#6912=CARTESIAN_POINT('',(3.17499999999999,4.48,-1.8));
#6913=CARTESIAN_POINT('',(3.825,4.47999999999999,0.75290528390605));
#6914=CARTESIAN_POINT('',(3.825,4.47999999999999,0.75290528390605));
#6915=CARTESIAN_POINT('',(3.825,4.47999999999999,-6.185));
#6916=CARTESIAN_POINT('',(3.825,4.47999999999999,-6.185));
#6917=CARTESIAN_POINT('',(3.825,4.47999999999999,-6.185));
#6918=CARTESIAN_POINT('',(-3.825,4.47999999999999,-6.185));
#6919=CARTESIAN_POINT('',(-3.825,4.47999999999999,-6.185));
#6920=CARTESIAN_POINT('',(-3.825,4.47999999999999,0.75290528390605));
#6921=CARTESIAN_POINT('',(3.825,4.47999999999999,0.75290528390605));
#6922=CARTESIAN_POINT('',(-3.17499999999999,4.47999999999999,0.75290528390605));
#6923=CARTESIAN_POINT('',(-3.17499999999999,4.47999999999999,-6.185));
#6924=CARTESIAN_POINT('',(-3.17499999999999,4.48,-1.8));
#6925=CARTESIAN_POINT('',(3.82499999999999,4.47999999999999,-1.79999999999999));
#6926=CARTESIAN_POINT('',(-1.32500000000001,4.48,-1.8));
#6927=CARTESIAN_POINT('',(-1.32500000000001,4.47999999999999,-6.185));
#6928=CARTESIAN_POINT('',(-1.32500000000001,4.47999999999999,0.75290528390605));
#6929=CARTESIAN_POINT('',(3.825,4.47999999999999,0.75290528390605));
#6930=CARTESIAN_POINT('',(-0.674999999999994,4.47999999999999,0.75290528390605));
#6931=CARTESIAN_POINT('',(-0.674999999999994,4.47999999999999,-6.185));
#6932=CARTESIAN_POINT('',(-0.674999999999994,4.48,-1.79999999999999));
#6933=CARTESIAN_POINT('',(3.82500000000005,4.47999999999999,-1.80000000000004));
#6934=CARTESIAN_POINT('',(0.674999999999994,4.48,-1.8));
#6935=CARTESIAN_POINT('',(0.674999999999994,4.47999999999999,-6.185));
#6936=CARTESIAN_POINT('',(0.674999999999994,4.47999999999999,0.75290528390605));
#6937=CARTESIAN_POINT('',(3.825,4.47999999999999,0.75290528390605));
#6938=CARTESIAN_POINT('',(1.32500000000001,4.47999999999999,0.75290528390605));
#6939=CARTESIAN_POINT('',(1.32500000000001,4.47999999999999,-6.185));
#6940=CARTESIAN_POINT('',(1.32500000000001,4.48,-1.8));
#6941=CARTESIAN_POINT('',(3.82500000000001,4.47999999999999,-1.8));
#6942=CARTESIAN_POINT('',(3.825,4.47999999999999,0.75290528390605));
#6943=CARTESIAN_POINT('',(3.17499999999999,4.47999999999999,0.75290528390605));
#6944=CARTESIAN_POINT('',(3.17499999999999,3.70009224852796,2.27031513628114));
#6945=CARTESIAN_POINT('',(3.825,3.70009224852796,2.27031513628114));
#6946=CARTESIAN_POINT('',(3.825,3.70009224852796,2.27031513628114));
#6947=CARTESIAN_POINT('',(3.825,4.47999999999999,0.75290528390605));
#6948=CARTESIAN_POINT('',(3.825,4.47999999999999,0.75290528390605));
#6949=CARTESIAN_POINT('',(1.32500000000001,4.47999999999999,0.75290528390605));
#6950=CARTESIAN_POINT('',(1.32500000000001,3.70009224852796,2.27031513628114));
#6951=CARTESIAN_POINT('',(0.674999999999994,4.47999999999999,0.75290528390605));
#6952=CARTESIAN_POINT('',(0.674999999999994,3.70009224852796,2.27031513628114));
#6953=CARTESIAN_POINT('',(3.825,3.70009224852796,2.27031513628114));
#6954=CARTESIAN_POINT('',(3.825,4.47999999999999,0.75290528390605));
#6955=CARTESIAN_POINT('',(-0.674999999999994,4.47999999999999,0.75290528390605));
#6956=CARTESIAN_POINT('',(-0.674999999999994,3.70009224852796,2.27031513628114));
#6957=CARTESIAN_POINT('',(-1.32500000000001,4.47999999999999,0.75290528390605));
#6958=CARTESIAN_POINT('',(-1.32500000000001,3.70009224852796,2.27031513628114));
#6959=CARTESIAN_POINT('',(3.825,3.70009224852796,2.27031513628114));
#6960=CARTESIAN_POINT('',(3.825,4.47999999999999,0.75290528390605));
#6961=CARTESIAN_POINT('',(-3.17499999999999,4.47999999999999,0.75290528390605));
#6962=CARTESIAN_POINT('',(-3.17499999999999,3.70009224852796,2.27031513628114));
#6963=CARTESIAN_POINT('',(-3.825,4.47999999999999,0.75290528390605));
#6964=CARTESIAN_POINT('',(-3.825,3.70009224852796,2.27031513628114));
#6965=CARTESIAN_POINT('',(3.825,3.70009224852796,2.27031513628114));
#6966=CARTESIAN_POINT('',(3.825,5.46999999999999,3.18));
#6967=CARTESIAN_POINT('',(3.17499999999999,5.46999999999999,3.18));
#6968=CARTESIAN_POINT('',(3.17499999999999,3.70009224852796,4.08968486371886));
#6969=CARTESIAN_POINT('',(3.825,3.70009224852796,4.08968486371886));
#6970=CARTESIAN_POINT('',(3.825,3.70009224852796,4.08968486371886));
#6971=CARTESIAN_POINT('',(3.825,5.46999999999999,3.18));
#6972=CARTESIAN_POINT('',(3.825,5.46999999999999,3.18));
#6973=CARTESIAN_POINT('',(3.825,3.70009224852796,4.08968486371886));
#6974=CARTESIAN_POINT('',(1.32500000000001,3.70009224852796,4.08968486371886));
#6975=CARTESIAN_POINT('',(0.674999999999994,3.70009224852796,4.08968486371886));
#6976=CARTESIAN_POINT('',(1.32500000000001,5.46999999999999,3.18));
#6977=CARTESIAN_POINT('',(0.674999999999994,5.46999999999999,3.18));
#6978=CARTESIAN_POINT('',(3.825,5.46999999999999,3.18));
#6979=CARTESIAN_POINT('',(3.825,3.70009224852796,4.08968486371886));
#6980=CARTESIAN_POINT('',(-0.674999999999994,3.70009224852796,4.08968486371886));
#6981=CARTESIAN_POINT('',(-1.32500000000001,3.70009224852796,4.08968486371886));
#6982=CARTESIAN_POINT('',(-0.674999999999994,5.46999999999999,3.18));
#6983=CARTESIAN_POINT('',(-1.32500000000001,5.46999999999999,3.18));
#6984=CARTESIAN_POINT('',(3.825,5.46999999999999,3.18));
#6985=CARTESIAN_POINT('',(3.825,3.70009224852796,4.08968486371886));
#6986=CARTESIAN_POINT('',(-3.17499999999999,3.70009224852796,4.08968486371886));
#6987=CARTESIAN_POINT('',(-3.825,3.70009224852796,4.08968486371886));
#6988=CARTESIAN_POINT('',(-3.17499999999999,5.46999999999999,3.18));
#6989=CARTESIAN_POINT('',(-3.825,5.46999999999999,3.18));
#6990=CARTESIAN_POINT('',(3.825,3.70009224852796,4.08968486371886));
#6991=CARTESIAN_POINT('',(3.17499999999999,3.70009224852796,4.08968486371886));
#6992=CARTESIAN_POINT('',(3.825,3.70009224852796,4.08968486371886));
#6993=CARTESIAN_POINT('',(3.825,3.70009224852796,4.08968486371886));
#6994=CARTESIAN_POINT('',(1.32500000000001,3.70009224852796,4.08968486371886));
#6995=CARTESIAN_POINT('',(0.674999999999994,3.70009224852796,4.08968486371886));
#6996=CARTESIAN_POINT('',(3.825,3.70009224852796,4.08968486371886));
#6997=CARTESIAN_POINT('',(-0.674999999999994,3.70009224852796,4.08968486371886));
#6998=CARTESIAN_POINT('',(-1.32500000000001,3.70009224852796,4.08968486371886));
#6999=CARTESIAN_POINT('',(3.825,3.70009224852796,4.08968486371886));
#7000=CARTESIAN_POINT('',(-3.17499999999999,3.70009224852796,4.08968486371886));
#7001=CARTESIAN_POINT('',(-3.825,3.70009224852796,4.08968486371886));
#7002=CARTESIAN_POINT('',(3.825,4.22,-5.935));
#7003=CARTESIAN_POINT('',(3.825,2.8,-5.935));
#7004=CARTESIAN_POINT('',(1.32500000000001,2.8,-5.935));
#7005=CARTESIAN_POINT('',(3.17499999999999,2.8,-5.935));
#7006=CARTESIAN_POINT('',(3.17499999999999,4.22,-5.935));
#7007=CARTESIAN_POINT('',(3.825,4.22,-5.935));
#7008=CARTESIAN_POINT('',(-3.825,4.22,-5.935));
#7009=CARTESIAN_POINT('',(-3.825,-2.84000000000001,-5.935));
#7010=CARTESIAN_POINT('',(3.825,-2.84000000000001,-5.935));
#7011=CARTESIAN_POINT('',(-3.17499999999999,-2.84000000000001,-5.935));
#7012=CARTESIAN_POINT('',(-3.17499999999999,4.22,-5.935));
#7013=CARTESIAN_POINT('',(-3.17499999999999,2.8,-5.935));
#7014=CARTESIAN_POINT('',(3.825,2.79999999999999,-5.935));
#7015=CARTESIAN_POINT('',(-1.32500000000001,2.8,-5.935));
#7016=CARTESIAN_POINT('',(-1.32500000000001,4.22,-5.935));
#7017=CARTESIAN_POINT('',(-0.674999999999994,4.22,-5.935));
#7018=CARTESIAN_POINT('',(-0.674999999999994,2.79999999999999,-5.935));
#7019=CARTESIAN_POINT('',(3.82500000000002,2.80000000000004,-5.935));
#7020=CARTESIAN_POINT('',(0.674999999999994,2.8,-5.935));
#7021=CARTESIAN_POINT('',(0.674999999999994,4.22,-5.935));
#7022=CARTESIAN_POINT('',(1.32500000000001,4.22,-5.935));
#7023=CARTESIAN_POINT('',(3.825,-2.84000000000001,-5.935));
#7024=CARTESIAN_POINT('',(3.825,-2.84000000000001,-6.185));
#7025=CARTESIAN_POINT('',(-3.17499999999999,-2.84000000000001,-6.185));
#7026=CARTESIAN_POINT('',(-3.825,-2.84000000000001,-6.185));
#7027=CARTESIAN_POINT('',(-3.17499999999999,-2.84000000000001,-5.935));
#7028=CARTESIAN_POINT('',(-3.825,-2.84000000000001,-5.935));
#7029=CARTESIAN_POINT('',(3.825,-2.84000000000001,-6.185));
#7030=CARTESIAN_POINT('',(3.17499999999999,-2.84000000000001,-6.185));
#7031=CARTESIAN_POINT('',(3.17499999999999,2.8,-6.185));
#7032=CARTESIAN_POINT('',(3.82499999999999,2.8,-6.185));
#7033=CARTESIAN_POINT('',(1.32500000000001,2.8,-6.185));
#7034=CARTESIAN_POINT('',(1.32500000000001,-2.84000000000001,-6.185));
#7035=CARTESIAN_POINT('',(0.674999999999994,-2.84000000000001,-6.185));
#7036=CARTESIAN_POINT('',(0.674999999999994,2.8,-6.185));
#7037=CARTESIAN_POINT('',(3.82499999999994,2.80000000000004,-6.185));
#7038=CARTESIAN_POINT('',(-0.674999999999994,2.79999999999999,-6.185));
#7039=CARTESIAN_POINT('',(-0.674999999999994,-2.84000000000001,-6.185));
#7040=CARTESIAN_POINT('',(-1.32500000000001,-2.84000000000001,-6.185));
#7041=CARTESIAN_POINT('',(-1.32500000000001,2.8,-6.185));
#7042=CARTESIAN_POINT('',(3.82500000000001,2.79999999999999,-6.185));
#7043=CARTESIAN_POINT('',(-3.17499999999999,2.8,-6.185));
#7044=CARTESIAN_POINT('',(-3.17499999999999,-2.84000000000001,-6.185));
#7045=CARTESIAN_POINT('',(-3.825,-2.84000000000001,-6.185));
#7046=CARTESIAN_POINT('',(3.825,-2.84000000000001,-6.185));
#7047=CARTESIAN_POINT('',(3.825,5.47,3.18));
#7048=CARTESIAN_POINT('',(-3.825,5.47,3.18));
#7049=CARTESIAN_POINT('',(-1.32500000000001,6.9,7.05));
#7050=CARTESIAN_POINT('',(-1.32500000000001,6.9,-1.8));
#7051=CARTESIAN_POINT('',(-3.17499999999999,6.9,-1.8));
#7052=CARTESIAN_POINT('',(-3.17499999999999,6.9,-1.8));
#7053=CARTESIAN_POINT('',(-1.32500000000001,6.9,-1.8));
#7054=CARTESIAN_POINT('',(0.674999999999994,6.9,7.05));
#7055=CARTESIAN_POINT('',(0.674999999999994,6.9,-1.8));
#7056=CARTESIAN_POINT('',(-0.674999999999994,6.9,-1.79999999999999));
#7057=CARTESIAN_POINT('',(-0.674999999999994,6.9,-1.79999999999999));
#7058=CARTESIAN_POINT('',(0.674999999999994,6.9,-1.8));
#7059=CARTESIAN_POINT('',(3.17499999999999,6.9,-1.8));
#7060=CARTESIAN_POINT('',(3.17499999999999,6.9,-1.8));
#7061=CARTESIAN_POINT('',(1.32500000000001,6.9,-1.8));
#7062=CARTESIAN_POINT('',(3.17499999999999,6.9,7.05));
#7063=CARTESIAN_POINT('',(1.32500000000001,6.9,-1.8));
#7064=CARTESIAN_POINT('',(-3.17499999999999,2.8,-7.05));
#7065=CARTESIAN_POINT('',(-3.17499999999999,2.8,-7.05));
#7066=CARTESIAN_POINT('',(-1.32500000000001,2.8,-7.05));
#7067=CARTESIAN_POINT('',(-1.32500000000001,2.8,-7.05));
#7068=CARTESIAN_POINT('',(-1.32500000000001,-6.05,-7.05));
#7069=CARTESIAN_POINT('',(-0.674999999999994,2.79999999999999,-7.05));
#7070=CARTESIAN_POINT('',(-0.674999999999994,2.79999999999999,-7.05));
#7071=CARTESIAN_POINT('',(0.674999999999994,2.8,-7.05));
#7072=CARTESIAN_POINT('',(0.674999999999994,2.8,-7.05));
#7073=CARTESIAN_POINT('',(0.674999999999994,-6.05,-7.05));
#7074=CARTESIAN_POINT('',(3.17499999999999,-6.05,-7.05));
#7075=CARTESIAN_POINT('',(3.17499999999999,2.8,-7.05));
#7076=CARTESIAN_POINT('',(3.17499999999999,2.8,-7.05));
#7077=CARTESIAN_POINT('',(1.32500000000001,2.8,-7.05));
#7078=CARTESIAN_POINT('',(1.32500000000001,2.8,-7.05));
#7079=CARTESIAN_POINT('',(0.,0.,0.));
#7080=MECHANICAL_DESIGN_GEOMETRIC_PRESENTATION_REPRESENTATION('',(#4360,
#4361,#4362),#7081);
#7081=(
GEOMETRIC_REPRESENTATION_CONTEXT(3)
GLOBAL_UNCERTAINTY_ASSIGNED_CONTEXT((#7085))
GLOBAL_UNIT_ASSIGNED_CONTEXT((#7091,#7090,#7089))
REPRESENTATION_CONTEXT('USB-A-S-F-B-TH-R','TOP_LEVEL_ASSEMBLY_PART')
);
#7082=(
GEOMETRIC_REPRESENTATION_CONTEXT(3)
GLOBAL_UNCERTAINTY_ASSIGNED_CONTEXT((#7086))
GLOBAL_UNIT_ASSIGNED_CONTEXT((#7091,#7090,#7089))
REPRESENTATION_CONTEXT('USB-A-S-TH_S','COMPONENT_PART')
);
#7083=(
GEOMETRIC_REPRESENTATION_CONTEXT(3)
GLOBAL_UNCERTAINTY_ASSIGNED_CONTEXT((#7087))
GLOBAL_UNIT_ASSIGNED_CONTEXT((#7091,#7090,#7089))
REPRESENTATION_CONTEXT('USB-A-S-B-TH_B','COMPONENT_PART')
);
#7084=(
GEOMETRIC_REPRESENTATION_CONTEXT(3)
GLOBAL_UNCERTAINTY_ASSIGNED_CONTEXT((#7088))
GLOBAL_UNIT_ASSIGNED_CONTEXT((#7091,#7090,#7089))
REPRESENTATION_CONTEXT('USB-A-S-TH_P','COMPONENT_PART')
);
#7085=UNCERTAINTY_MEASURE_WITH_UNIT(LENGTH_MEASURE(1.E-5),#7091,
'DISTANCE_ACCURACY_VALUE','Maximum Tolerance applied to model');
#7086=UNCERTAINTY_MEASURE_WITH_UNIT(LENGTH_MEASURE(1.E-5),#7091,
'DISTANCE_ACCURACY_VALUE','Maximum Tolerance applied to model');
#7087=UNCERTAINTY_MEASURE_WITH_UNIT(LENGTH_MEASURE(1.E-5),#7091,
'DISTANCE_ACCURACY_VALUE','Maximum Tolerance applied to model');
#7088=UNCERTAINTY_MEASURE_WITH_UNIT(LENGTH_MEASURE(1.E-5),#7091,
'DISTANCE_ACCURACY_VALUE','Maximum Tolerance applied to model');
#7089=(
NAMED_UNIT(*)
SI_UNIT($,.STERADIAN.)
SOLID_ANGLE_UNIT()
);
#7090=(
NAMED_UNIT(*)
PLANE_ANGLE_UNIT()
SI_UNIT($,.RADIAN.)
);
#7091=(
LENGTH_UNIT()
NAMED_UNIT(*)
SI_UNIT(.MILLI.,.METRE.)
);
#7092=PRODUCT_DEFINITION_SHAPE('','',#7099);
#7093=PRODUCT_DEFINITION_SHAPE('','',#7100);
#7094=PRODUCT_DEFINITION_SHAPE(' ','NAUO PRDDFN',#14);
#7095=PRODUCT_DEFINITION_SHAPE('','',#7101);
#7096=PRODUCT_DEFINITION_SHAPE(' ','NAUO PRDDFN',#15);
#7097=PRODUCT_DEFINITION_SHAPE('','',#7102);
#7098=PRODUCT_DEFINITION_SHAPE(' ','NAUO PRDDFN',#16);
#7099=PRODUCT_DEFINITION('','',#7107,#7103);
#7100=PRODUCT_DEFINITION('','',#7108,#7104);
#7101=PRODUCT_DEFINITION('','',#7109,#7105);
#7102=PRODUCT_DEFINITION('','',#7110,#7106);
#7103=PRODUCT_DEFINITION_CONTEXT('',#7128,'design');
#7104=PRODUCT_DEFINITION_CONTEXT('',#7128,'design');
#7105=PRODUCT_DEFINITION_CONTEXT('',#7128,'design');
#7106=PRODUCT_DEFINITION_CONTEXT('',#7128,'design');
#7107=PRODUCT_DEFINITION_FORMATION_WITH_SPECIFIED_SOURCE('','',#7115,
 .NOT_KNOWN.);
#7108=PRODUCT_DEFINITION_FORMATION_WITH_SPECIFIED_SOURCE('','',#7116,
 .NOT_KNOWN.);
#7109=PRODUCT_DEFINITION_FORMATION_WITH_SPECIFIED_SOURCE('','',#7117,
 .NOT_KNOWN.);
#7110=PRODUCT_DEFINITION_FORMATION_WITH_SPECIFIED_SOURCE('','',#7118,
 .NOT_KNOWN.);
#7111=PRODUCT_RELATED_PRODUCT_CATEGORY('','',(#7115));
#7112=PRODUCT_RELATED_PRODUCT_CATEGORY('','',(#7116));
#7113=PRODUCT_RELATED_PRODUCT_CATEGORY('','',(#7117));
#7114=PRODUCT_RELATED_PRODUCT_CATEGORY('','',(#7118));
#7115=PRODUCT('USB-A-S-F-B-TH-R','USB-A-S-F-B-TH-R','USB-A-S-F-B-TH-R',
(#7123));
#7116=PRODUCT('USB-A-S-TH_S','USB-A-S-TH_S','USB-A-S-TH_S',(#7124));
#7117=PRODUCT('USB-A-S-B-TH_B','USB-A-S-B-TH_B','USB-A-S-B-TH_B',(#7125));
#7118=PRODUCT('USB-A-S-TH_P','USB-A-S-TH_P','USB-A-S-TH_P',(#7126));
#7119=PRODUCT_CATEGORY('','');
#7120=PRODUCT_CATEGORY('','');
#7121=PRODUCT_CATEGORY('','');
#7122=PRODUCT_CATEGORY('','');
#7123=PRODUCT_CONTEXT('',#7128,'mechanical');
#7124=PRODUCT_CONTEXT('',#7128,'mechanical');
#7125=PRODUCT_CONTEXT('',#7128,'mechanical');
#7126=PRODUCT_CONTEXT('',#7128,'mechanical');
#7127=APPLICATION_PROTOCOL_DEFINITION('international standard',
'ap242_managed_model_based_3d_engineering',2011,#7128);
#7128=APPLICATION_CONTEXT('managed model based 3d engineering');
ENDSEC;
END-ISO-10303-21;
